"id","created_at","updated_at","offer_id","due_date","amount","status","paid_at","payment_link","confirmation_requested_at","confirmed_at","rejected_reason"
3,2026-01-08 23:16:04.279 +0300,2026-01-19 14:07:43.202 +0300,1,2026-01-25 03:00:00.000 +0300,83000,canceled,,,,,
69,2026-01-08 23:41:10.343 +0300,2026-03-13 16:45:10.483 +0300,12,2026-01-25 03:00:00.000 +0300,78300,paid,2026-03-13 16:45:10.484 +0300,,2026-03-13 11:05:18.275 +0300,2026-03-13 16:45:10.484 +0300,
4,2026-01-08 23:16:04.279 +0300,2026-01-19 14:07:43.202 +0300,1,2026-02-10 03:00:00.000 +0300,83000,canceled,,,,,
5,2026-01-08 23:16:04.279 +0300,2026-01-19 14:07:43.202 +0300,1,2026-02-25 03:00:00.000 +0300,83000,canceled,,,,,
6,2026-01-08 23:16:04.279 +0300,2026-01-19 14:07:43.202 +0300,1,2026-03-10 03:00:00.000 +0300,83000,canceled,,,,,
72,2026-01-08 23:48:38.567 +0300,2026-01-09 00:10:50.693 +0300,13,2025-11-10 03:00:00.000 +0300,87500,canceled,,,,,
77,2026-01-09 00:06:13.615 +0300,2026-01-09 00:07:25.572 +0300,14,2026-01-10 03:00:00.000 +0300,73312,paid,2026-01-09 00:07:25.573 +0300,,2026-01-09 00:07:14.719 +0300,2026-01-09 00:07:25.573 +0300,
73,2026-01-08 23:48:38.567 +0300,2026-01-09 00:10:50.693 +0300,13,2025-11-25 03:00:00.000 +0300,87500,canceled,,,,,
76,2026-01-09 00:06:13.615 +0300,2026-01-09 00:07:55.813 +0300,14,2025-12-25 03:00:00.000 +0300,73312,paid,2026-01-09 00:07:55.814 +0300,,2026-01-09 00:07:53.044 +0300,2026-01-09 00:07:55.814 +0300,
61,2026-01-08 23:38:34.708 +0300,2026-01-09 00:13:53.070 +0300,11,2025-12-10 03:00:00.000 +0300,81000,canceled,,,,,
62,2026-01-08 23:38:34.708 +0300,2026-01-09 00:13:53.070 +0300,11,2025-12-25 03:00:00.000 +0300,81000,canceled,,,,,
63,2026-01-08 23:38:34.708 +0300,2026-01-09 00:13:53.070 +0300,11,2026-01-10 03:00:00.000 +0300,81000,canceled,,,,,
64,2026-01-08 23:38:34.708 +0300,2026-01-09 00:13:53.070 +0300,11,2026-01-25 03:00:00.000 +0300,81000,canceled,,,,,
65,2026-01-08 23:38:34.708 +0300,2026-01-09 00:13:53.070 +0300,11,2026-02-10 03:00:00.000 +0300,81000,canceled,,,,,
66,2026-01-08 23:38:34.708 +0300,2026-01-09 00:13:53.070 +0300,11,2026-02-25 03:00:00.000 +0300,81000,canceled,,,,,
55,2026-01-08 23:32:17.287 +0300,2026-01-09 00:14:36.989 +0300,9,2025-12-10 03:00:00.000 +0300,100000,canceled,,,,,
56,2026-01-08 23:32:17.287 +0300,2026-01-09 00:14:36.989 +0300,9,2025-12-25 03:00:00.000 +0300,100000,canceled,,,,,
57,2026-01-08 23:32:17.287 +0300,2026-01-09 00:14:36.989 +0300,9,2026-01-10 03:00:00.000 +0300,100000,canceled,,,,,
58,2026-01-08 23:32:17.287 +0300,2026-01-09 00:14:36.989 +0300,9,2026-01-25 03:00:00.000 +0300,100000,canceled,,,,,
59,2026-01-08 23:32:17.287 +0300,2026-01-09 00:14:36.989 +0300,9,2026-02-10 03:00:00.000 +0300,100000,canceled,,,,,
60,2026-01-08 23:32:17.287 +0300,2026-01-09 00:14:36.989 +0300,9,2026-02-25 03:00:00.000 +0300,100000,canceled,,,,,
44,2026-01-08 23:28:48.948 +0300,2026-01-09 00:15:40.597 +0300,7,2025-11-25 03:00:00.000 +0300,60900,canceled,,,,,
45,2026-01-08 23:28:48.948 +0300,2026-01-09 00:15:40.597 +0300,7,2025-12-10 03:00:00.000 +0300,60900,canceled,,,,,
46,2026-01-08 23:28:48.948 +0300,2026-01-09 00:15:40.597 +0300,7,2025-12-25 03:00:00.000 +0300,60900,canceled,,,,,
47,2026-01-08 23:28:48.948 +0300,2026-01-09 00:15:40.597 +0300,7,2026-01-10 03:00:00.000 +0300,60900,canceled,,,,,
48,2026-01-08 23:28:48.948 +0300,2026-01-09 00:15:40.597 +0300,7,2026-01-25 03:00:00.000 +0300,60900,canceled,,,,,
37,2026-01-08 23:26:59.464 +0300,2026-01-09 00:16:46.478 +0300,6,2025-12-10 03:00:00.000 +0300,62600,canceled,,,,,
38,2026-01-08 23:26:59.464 +0300,2026-01-09 00:16:46.478 +0300,6,2025-12-25 03:00:00.000 +0300,62600,canceled,,,,,
39,2026-01-08 23:26:59.464 +0300,2026-01-09 00:16:46.478 +0300,6,2026-01-10 03:00:00.000 +0300,62600,canceled,,,,,
40,2026-01-08 23:26:59.464 +0300,2026-01-09 00:16:46.478 +0300,6,2026-01-25 03:00:00.000 +0300,62600,canceled,,,,,
41,2026-01-08 23:26:59.464 +0300,2026-01-09 00:16:46.478 +0300,6,2026-02-10 03:00:00.000 +0300,62600,canceled,,,,,
42,2026-01-08 23:26:59.464 +0300,2026-01-09 00:16:46.478 +0300,6,2026-02-25 03:00:00.000 +0300,62600,canceled,,,,,
23,2026-01-08 23:22:59.340 +0300,2026-01-09 00:17:59.923 +0300,4,2025-11-25 03:00:00.000 +0300,65000,canceled,,,,,
24,2026-01-08 23:22:59.340 +0300,2026-01-09 00:17:59.923 +0300,4,2025-12-10 03:00:00.000 +0300,65000,canceled,,,,,
25,2026-01-08 23:22:59.340 +0300,2026-01-09 00:17:59.923 +0300,4,2025-12-25 03:00:00.000 +0300,65000,canceled,,,,,
26,2026-01-08 23:22:59.340 +0300,2026-01-09 00:17:59.923 +0300,4,2026-01-10 03:00:00.000 +0300,65000,canceled,,,,,
27,2026-01-08 23:22:59.340 +0300,2026-01-09 00:17:59.923 +0300,4,2026-01-25 03:00:00.000 +0300,65000,canceled,,,,,
28,2026-01-08 23:22:59.340 +0300,2026-01-09 00:17:59.923 +0300,4,2026-02-10 03:00:00.000 +0300,65000,canceled,,,,,
17,2026-01-08 23:20:41.429 +0300,2026-01-09 00:18:38.982 +0300,3,2025-11-25 03:00:00.000 +0300,57500,canceled,,,,,
18,2026-01-08 23:20:41.429 +0300,2026-01-09 00:18:38.982 +0300,3,2025-12-10 03:00:00.000 +0300,57500,canceled,,,,,
19,2026-01-08 23:20:41.429 +0300,2026-01-09 00:18:38.982 +0300,3,2025-12-25 03:00:00.000 +0300,57500,canceled,,,,,
20,2026-01-08 23:20:41.429 +0300,2026-01-09 00:18:38.982 +0300,3,2026-01-10 03:00:00.000 +0300,57500,canceled,,,,,
21,2026-01-08 23:20:41.429 +0300,2026-01-09 00:18:38.982 +0300,3,2026-01-25 03:00:00.000 +0300,57500,canceled,,,,,
22,2026-01-08 23:20:41.429 +0300,2026-01-09 00:18:38.982 +0300,3,2026-02-10 03:00:00.000 +0300,57500,canceled,,,,,
10,2026-01-08 23:17:48.536 +0300,2026-01-30 18:42:52.180 +0300,2,2026-01-30 03:00:00.000 +0300,62500,paid,2026-01-30 18:42:52.181 +0300,,2026-01-30 18:28:05.676 +0300,2026-01-30 18:42:52.181 +0300,
30,2026-01-08 23:25:04.811 +0300,2026-01-12 22:17:51.734 +0300,5,2026-01-10 03:00:00.000 +0300,75000,paid,2026-01-12 22:17:51.735 +0300,,2026-01-12 22:06:35.279 +0300,2026-01-12 22:17:51.735 +0300,
52,2026-01-08 23:30:42.005 +0300,2026-01-10 11:52:35.205 +0300,8,2026-01-10 03:00:00.000 +0300,65000,paid,2026-01-10 11:52:35.206 +0300,,2026-01-10 10:39:56.983 +0300,2026-01-10 11:52:35.206 +0300,
51,2026-01-08 23:30:42.005 +0300,2026-01-10 11:52:36.442 +0300,8,2025-12-25 03:00:00.000 +0300,65000,paid,2026-01-10 11:52:36.443 +0300,,2026-01-10 10:40:05.519 +0300,2026-01-10 11:52:36.443 +0300,
74,2026-01-09 00:06:13.615 +0300,2026-01-12 14:34:01.318 +0300,14,2025-11-25 03:00:00.000 +0300,73312,canceled,,,,,
7,2026-01-08 23:16:04.279 +0300,2026-01-19 14:07:43.202 +0300,1,2026-03-25 03:00:00.000 +0300,83000,canceled,,,,,
11,2026-01-08 23:17:48.536 +0300,2026-02-25 15:31:17.381 +0300,2,2026-01-30 03:00:00.000 +0300,62500,paid,2026-02-25 15:31:17.382 +0300,,2026-01-31 12:13:56.827 +0300,2026-02-25 15:31:17.382 +0300,
70,2026-01-08 23:41:10.343 +0300,2026-02-12 15:05:25.856 +0300,12,2026-02-10 03:00:00.000 +0300,78300,paid,2026-02-12 15:05:25.857 +0300,,2026-02-11 15:22:32.746 +0300,2026-02-12 15:05:25.857 +0300,
78,2026-01-09 00:10:50.693 +0300,2026-02-02 12:09:20.292 +0300,13,2026-01-30 03:00:00.000 +0300,87500,paid,2026-02-02 12:09:20.293 +0300,,2026-02-02 12:06:50.478 +0300,2026-02-02 12:09:20.293 +0300,
31,2026-01-08 23:25:04.811 +0300,2026-02-09 15:25:31.568 +0300,5,2026-01-25 03:00:00.000 +0300,75000,paid,2026-02-09 15:25:31.569 +0300,,2026-02-09 12:58:38.369 +0300,2026-02-09 15:25:31.569 +0300,
8,2026-01-08 23:16:04.279 +0300,2026-01-19 14:07:43.202 +0300,1,2026-04-10 03:00:00.000 +0300,83000,canceled,,,,,
2,2026-01-08 23:16:04.279 +0300,2026-01-19 14:07:43.202 +0300,1,2026-01-10 03:00:00.000 +0300,83000,canceled,,,2026-01-19 11:08:04.637 +0300,,оффер нужно скорректировать
1,2026-01-08 23:16:04.279 +0300,2026-01-19 14:07:43.202 +0300,1,2026-01-30 00:00:00.000 +0300,83000,canceled,,,,,
9,2026-01-08 23:17:48.536 +0300,2026-02-17 19:32:31.313 +0300,2,2026-01-30 03:00:00.000 +0300,62500,paid,2026-02-17 19:32:31.314 +0300,,2026-01-31 12:13:58.665 +0300,2026-02-17 19:32:31.314 +0300,
54,2026-01-08 23:30:42.005 +0300,2026-02-12 15:04:47.715 +0300,8,2026-02-10 03:00:00.000 +0300,65000,paid,2026-02-12 15:04:47.716 +0300,,2026-02-11 13:12:37.561 +0300,2026-02-12 15:04:47.716 +0300,
32,2026-01-08 23:25:04.811 +0300,2026-02-17 19:31:39.446 +0300,5,2026-02-10 03:00:00.000 +0300,75000,paid,2026-02-17 19:31:39.446 +0300,,2026-02-15 21:39:00.557 +0300,2026-02-17 19:31:39.446 +0300,
53,2026-01-08 23:30:42.005 +0300,2026-02-17 19:31:35.312 +0300,8,2026-01-25 03:00:00.000 +0300,65000,paid,2026-02-17 19:31:35.313 +0300,,2026-02-16 11:03:38.804 +0300,2026-02-17 19:31:35.313 +0300,
33,2026-01-08 23:25:04.811 +0300,2026-02-25 21:57:55.775 +0300,5,2026-02-25 03:00:00.000 +0300,75000,paid,2026-02-25 21:57:55.776 +0300,,2026-02-25 18:28:51.146 +0300,2026-02-25 21:57:55.776 +0300,
71,2026-01-08 23:41:10.343 +0300,2026-03-12 15:56:44.503 +0300,12,2026-02-25 03:00:00.000 +0300,78300,paid,2026-03-12 15:56:44.504 +0300,,2026-03-12 14:58:52.631 +0300,2026-03-12 15:56:44.504 +0300,
12,2026-01-08 23:17:48.536 +0300,2026-02-28 02:26:01.244 +0300,2,2026-02-10 03:00:00.000 +0300,62500,paid,2026-02-28 02:26:01.245 +0300,,2026-02-27 20:13:32.017 +0300,2026-02-28 02:26:01.245 +0300,
13,2026-01-08 23:17:48.536 +0300,2026-02-28 02:26:02.907 +0300,2,2026-02-25 03:00:00.000 +0300,62500,paid,2026-02-28 02:26:02.908 +0300,,2026-02-27 20:13:33.258 +0300,2026-02-28 02:26:02.908 +0300,
14,2026-01-08 23:17:48.536 +0300,2026-04-01 00:28:47.239 +0300,2,2026-03-10 03:00:00.000 +0300,62500,paid,2026-04-01 00:28:47.240 +0300,,2026-04-01 00:27:16.628 +0300,2026-04-01 00:28:47.240 +0300,
34,2026-01-08 23:25:04.811 +0300,2026-04-01 10:50:44.789 +0300,5,2026-03-10 03:00:00.000 +0300,75000,paid,2026-04-01 10:50:44.790 +0300,,2026-03-22 14:23:11.801 +0300,2026-04-01 10:50:44.790 +0300,
15,2026-01-08 23:17:48.536 +0300,2026-04-01 00:28:46.221 +0300,2,2026-03-25 03:00:00.000 +0300,62500,paid,2026-04-01 00:28:46.222 +0300,,2026-04-01 00:27:14.599 +0300,2026-04-01 00:28:46.222 +0300,
35,2026-01-08 23:25:04.811 +0300,2026-04-09 13:11:44.303 +0300,5,2026-03-25 03:00:00.000 +0300,75000,paid,2026-04-09 13:11:44.304 +0300,,2026-04-09 12:44:58.037 +0300,2026-04-09 13:11:44.304 +0300,
36,2026-01-08 23:25:04.811 +0300,2026-04-15 21:11:32.824 +0300,5,2026-04-10 03:00:00.000 +0300,75000,paid,2026-04-15 21:11:32.825 +0300,,2026-04-15 19:30:01.831 +0300,2026-04-15 21:11:32.825 +0300,
16,2026-01-08 23:17:48.536 +0300,2026-04-30 20:28:41.655 +0300,2,2026-04-10 03:00:00.000 +0300,62500,paid,2026-04-30 20:28:41.656 +0300,,2026-04-30 20:13:21.541 +0300,2026-04-30 20:28:41.656 +0300,
67,2026-01-08 23:38:34.708 +0300,2026-01-09 00:13:53.070 +0300,11,2026-03-10 03:00:00.000 +0300,81000,canceled,,,,,
82,2026-01-09 00:13:53.070 +0300,2026-01-09 11:22:30.072 +0300,11,2025-12-10 03:00:00.000 +0300,81000,paid,2026-01-09 11:22:30.073 +0300,,2026-01-09 11:22:08.823 +0300,2026-01-09 11:22:30.073 +0300,
206,2026-01-14 19:23:52.288 +0300,2026-01-18 14:19:01.364 +0300,25,2026-01-10 03:00:00.000 +0300,45000,paid,2026-01-18 14:19:01.365 +0300,,2026-01-18 11:13:05.529 +0300,2026-01-18 14:19:01.365 +0300,
84,2026-01-09 00:13:53.070 +0300,2026-01-12 12:30:19.615 +0300,11,2026-01-10 03:00:00.000 +0300,81000,paid,2026-01-12 12:30:19.617 +0300,,2026-01-12 11:58:21.350 +0300,2026-01-12 12:30:19.617 +0300,
139,2026-01-09 00:27:51.118 +0300,2026-02-19 11:43:50.465 +0300,16,2026-02-10 03:00:00.000 +0300,75000,paid,2026-02-19 11:43:50.466 +0300,,2026-02-19 11:14:38.382 +0300,2026-02-19 11:43:50.466 +0300,
232,2026-01-19 20:32:59.447 +0300,2026-01-19 20:32:59.447 +0300,30,2026-01-10 03:00:00.000 +0300,95000,pending,,,,,
233,2026-01-19 20:32:59.447 +0300,2026-01-19 20:32:59.447 +0300,30,2026-01-25 03:00:00.000 +0300,95000,pending,,,,,
208,2026-01-19 14:05:35.072 +0300,2026-01-20 12:11:09.158 +0300,26,2025-11-10 03:00:00.000 +0300,71750,canceled,,,,,
209,2026-01-19 14:05:35.072 +0300,2026-01-20 12:11:09.158 +0300,26,2025-11-25 03:00:00.000 +0300,71750,canceled,,,,,
210,2026-01-19 14:05:35.072 +0300,2026-01-20 12:11:09.158 +0300,26,2025-12-10 03:00:00.000 +0300,71750,canceled,,,,,
211,2026-01-19 14:05:35.072 +0300,2026-01-20 12:11:09.158 +0300,26,2025-12-25 03:00:00.000 +0300,71750,canceled,,,,,
313,2026-01-23 12:24:27.684 +0300,2026-02-25 15:31:16.309 +0300,39,2025-10-25 03:00:00.000 +0300,55000,paid,2026-02-25 15:31:16.310 +0300,,2026-01-28 11:03:46.211 +0300,2026-02-25 15:31:16.310 +0300,
261,2026-01-20 14:34:45.120 +0300,2026-01-20 14:38:23.822 +0300,31,2026-01-10 03:00:00.000 +0300,71775,paid,2026-01-20 14:38:23.823 +0300,,2026-01-20 14:36:47.017 +0300,2026-01-20 14:38:23.823 +0300,
260,2026-01-20 14:34:45.120 +0300,2026-01-20 14:38:24.791 +0300,31,2025-12-25 03:00:00.000 +0300,71775,paid,2026-01-20 14:38:24.791 +0300,,2026-01-20 14:37:00.813 +0300,2026-01-20 14:38:24.791 +0300,
288,2026-01-21 11:46:28.516 +0300,2026-01-22 11:46:01.156 +0300,37,2026-01-10 03:00:00.000 +0300,75862,canceled,,,,,
289,2026-01-21 11:46:28.516 +0300,2026-01-22 11:46:01.156 +0300,37,2026-01-25 03:00:00.000 +0300,75862,canceled,,,,,
290,2026-01-21 11:46:28.516 +0300,2026-01-22 11:46:01.156 +0300,37,2026-02-10 03:00:00.000 +0300,75862,canceled,,,,,
291,2026-01-21 11:46:28.516 +0300,2026-01-22 11:46:01.156 +0300,37,2026-02-25 03:00:00.000 +0300,75862,canceled,,,,,
292,2026-01-21 11:46:28.516 +0300,2026-01-22 11:46:01.156 +0300,37,2026-03-10 03:00:00.000 +0300,75862,canceled,,,,,
293,2026-01-21 11:46:28.516 +0300,2026-01-22 11:46:01.156 +0300,37,2026-03-25 03:00:00.000 +0300,75862,canceled,,,,,
294,2026-01-21 11:46:28.516 +0300,2026-01-22 11:46:01.156 +0300,37,2026-04-10 03:00:00.000 +0300,75862,canceled,,,,,
295,2026-01-21 11:46:28.516 +0300,2026-01-22 11:46:01.156 +0300,37,2026-04-25 03:00:00.000 +0300,75862,canceled,,,,,
85,2026-01-09 00:13:53.070 +0300,2026-01-26 11:06:32.890 +0300,11,2026-01-25 03:00:00.000 +0300,81000,paid,2026-01-26 11:06:32.890 +0300,,2026-01-25 17:43:22.105 +0300,2026-01-26 11:06:32.890 +0300,
319,2026-01-23 12:24:27.684 +0300,2026-01-26 11:06:34.441 +0300,39,2026-01-25 03:00:00.000 +0300,55000,paid,2026-01-26 11:06:34.442 +0300,,2026-01-26 11:00:15.803 +0300,2026-01-26 11:06:34.442 +0300,
318,2026-01-23 12:24:27.684 +0300,2026-01-27 11:04:49.299 +0300,39,2026-01-10 03:00:00.000 +0300,55000,paid,2026-01-27 11:04:49.300 +0300,,2026-01-27 11:00:20.707 +0300,2026-01-27 11:04:49.300 +0300,
224,2026-01-19 20:32:54.071 +0300,2026-02-07 23:49:29.759 +0300,29,2026-01-10 03:00:00.000 +0300,75000,paid,2026-02-07 23:49:29.760 +0300,,2026-02-07 11:06:24.409 +0300,2026-02-07 23:49:29.760 +0300,
316,2026-01-23 12:24:27.684 +0300,2026-01-27 13:24:31.485 +0300,39,2025-12-10 03:00:00.000 +0300,55000,paid,2026-01-27 13:24:31.486 +0300,,2026-01-27 11:19:42.443 +0300,2026-01-27 13:24:31.486 +0300,
315,2026-01-23 12:24:27.684 +0300,2026-01-27 13:24:34.954 +0300,39,2025-11-25 03:00:00.000 +0300,55000,paid,2026-01-27 13:24:34.954 +0300,,2026-01-27 11:19:44.070 +0300,2026-01-27 13:24:34.954 +0300,
314,2026-01-23 12:24:27.684 +0300,2026-01-27 13:24:37.888 +0300,39,2025-11-10 03:00:00.000 +0300,55000,paid,2026-01-27 13:24:37.889 +0300,,2026-01-27 11:19:45.801 +0300,2026-01-27 13:24:37.889 +0300,
317,2026-01-23 12:24:27.684 +0300,2026-01-27 13:25:13.122 +0300,39,2025-12-25 03:00:00.000 +0300,55000,paid,2026-01-27 13:25:13.123 +0300,,2026-01-24 14:07:24.442 +0300,2026-01-27 13:25:13.123 +0300,
241,2026-01-19 20:33:22.676 +0300,2026-02-11 01:37:10.480 +0300,27,2026-02-25 03:00:00.000 +0300,56550,paid,2026-02-11 01:37:10.481 +0300,,2026-02-10 16:16:17.542 +0300,2026-02-11 01:37:10.481 +0300,
262,2026-01-20 14:34:45.120 +0300,2026-02-05 12:26:43.794 +0300,31,2026-01-25 03:00:00.000 +0300,71775,paid,2026-02-05 12:26:43.795 +0300,,2026-02-05 11:39:59.984 +0300,2026-02-05 12:26:43.795 +0300,
240,2026-01-19 20:33:22.676 +0300,2026-02-11 01:37:11.823 +0300,27,2026-02-10 03:00:00.000 +0300,56550,paid,2026-02-11 01:37:11.824 +0300,,2026-02-10 16:16:13.450 +0300,2026-02-11 01:37:11.824 +0300,
225,2026-01-19 20:32:54.071 +0300,2026-02-06 14:39:33.647 +0300,29,2026-01-25 03:00:00.000 +0300,75000,paid,2026-02-06 14:39:33.648 +0300,,2026-02-06 14:38:03.257 +0300,2026-02-06 14:39:33.648 +0300,
234,2026-01-19 20:32:59.447 +0300,2026-02-10 15:33:35.844 +0300,30,2026-02-10 03:00:00.000 +0300,95000,paid,2026-02-10 15:33:35.845 +0300,,2026-02-10 13:42:18.527 +0300,2026-02-10 15:33:35.845 +0300,
83,2026-01-09 00:13:53.070 +0300,2026-02-12 18:42:47.397 +0300,11,2026-01-30 00:00:00.000 +0300,81000,paid,2026-02-12 18:42:47.398 +0300,,2026-02-12 18:42:32.142 +0300,2026-02-12 18:42:47.398 +0300,
103,2026-01-09 00:15:40.597 +0300,2026-02-14 17:52:59.348 +0300,7,2026-02-10 03:00:00.000 +0300,60900,paid,2026-02-14 17:52:59.349 +0300,,2026-02-13 21:11:16.238 +0300,2026-02-14 17:52:59.349 +0300,
312,2026-01-23 12:24:27.684 +0300,2026-02-25 15:31:15.070 +0300,39,2025-10-10 03:00:00.000 +0300,55000,paid,2026-02-25 15:31:15.071 +0300,,2026-01-28 11:03:41.387 +0300,2026-02-25 15:31:15.071 +0300,
263,2026-01-20 14:34:45.120 +0300,2026-02-20 11:38:56.325 +0300,31,2026-02-10 03:00:00.000 +0300,71775,paid,2026-02-20 11:38:56.326 +0300,,2026-02-20 11:37:35.431 +0300,2026-02-20 11:38:56.326 +0300,
86,2026-01-09 00:13:53.070 +0300,2026-02-25 15:30:40.750 +0300,11,2026-02-10 03:00:00.000 +0300,81000,paid,2026-02-25 15:30:40.751 +0300,,2026-02-25 11:40:43.536 +0300,2026-02-25 15:30:40.751 +0300,
235,2026-01-19 20:32:59.447 +0300,2026-02-25 15:30:35.610 +0300,30,2026-02-25 03:00:00.000 +0300,95000,paid,2026-02-25 15:30:35.611 +0300,,2026-02-25 15:08:19.157 +0300,2026-02-25 15:30:35.611 +0300,
227,2026-01-19 20:32:54.071 +0300,2026-03-06 11:25:23.890 +0300,29,2026-02-25 03:00:00.000 +0300,75000,paid,2026-03-06 11:25:23.891 +0300,,2026-03-06 10:53:00.831 +0300,2026-03-06 11:25:23.891 +0300,
87,2026-01-09 00:13:53.070 +0300,2026-03-10 14:25:29.273 +0300,11,2026-02-25 03:00:00.000 +0300,81000,paid,2026-03-10 14:25:29.274 +0300,,2026-03-10 13:56:47.049 +0300,2026-03-10 14:25:29.274 +0300,
236,2026-01-19 20:32:59.447 +0300,2026-03-10 23:56:06.583 +0300,30,2026-03-10 03:00:00.000 +0300,95000,paid,2026-03-10 23:56:06.584 +0300,,2026-03-10 21:42:41.172 +0300,2026-03-10 23:56:06.584 +0300,
242,2026-01-19 20:33:22.676 +0300,2026-03-11 20:21:36.466 +0300,27,2026-03-10 03:00:00.000 +0300,56550,paid,2026-03-11 20:21:36.467 +0300,,2026-03-11 19:55:17.254 +0300,2026-03-11 20:21:36.467 +0300,
320,2026-01-30 19:41:28.774 +0300,2026-03-13 16:45:13.437 +0300,40,2026-03-10 03:00:00.000 +0300,56500,paid,2026-03-13 16:45:13.438 +0300,,2026-03-13 13:44:28.438 +0300,2026-03-13 16:45:13.438 +0300,
321,2026-01-30 19:41:28.774 +0300,2026-03-13 16:48:31.761 +0300,40,2026-03-25 03:00:00.000 +0300,56500,paid,2026-03-13 16:48:31.762 +0300,,2026-03-13 16:47:50.017 +0300,2026-03-13 16:48:31.762 +0300,
344,2026-02-19 20:54:54.720 +0300,2026-03-20 20:01:29.045 +0300,44,2026-03-10 03:00:00.000 +0300,67500,paid,2026-03-20 20:01:29.046 +0300,,2026-03-20 19:59:52.950 +0300,2026-03-20 20:01:29.046 +0300,
352,2026-02-26 22:04:59.871 +0300,2026-03-25 11:30:05.497 +0300,46,2026-03-25 03:00:00.000 +0300,75000,paid,2026-03-25 11:30:05.498 +0300,,2026-03-25 10:40:55.618 +0300,2026-03-25 11:30:05.498 +0300,
88,2026-01-09 00:13:53.070 +0300,2026-03-25 12:10:45.016 +0300,11,2026-03-10 03:00:00.000 +0300,81000,paid,2026-03-25 12:10:45.017 +0300,,2026-03-25 12:08:15.281 +0300,2026-03-25 12:10:45.017 +0300,
345,2026-02-19 20:54:54.720 +0300,2026-04-03 13:13:48.986 +0300,44,2026-03-25 03:00:00.000 +0300,67500,paid,2026-04-03 13:13:48.987 +0300,,2026-04-03 12:47:45.864 +0300,2026-04-03 13:13:48.987 +0300,
266,2026-01-20 14:34:45.120 +0300,2026-04-09 13:36:39.910 +0300,31,2026-03-25 03:00:00.000 +0300,71775,paid,2026-04-09 13:36:39.911 +0300,,2026-04-03 16:44:58.438 +0300,2026-04-09 13:36:39.911 +0300,
228,2026-01-19 20:32:54.071 +0300,2026-04-09 13:36:36.789 +0300,29,2026-03-10 03:00:00.000 +0300,75000,paid,2026-04-09 13:36:36.790 +0300,,2026-04-06 10:31:01.907 +0300,2026-04-09 13:36:36.790 +0300,
89,2026-01-09 00:13:53.070 +0300,2026-04-10 16:34:25.266 +0300,11,2026-03-25 03:00:00.000 +0300,81000,paid,2026-04-10 16:34:25.267 +0300,,2026-04-10 16:28:52.160 +0300,2026-04-10 16:34:25.267 +0300,
238,2026-01-19 20:32:59.447 +0300,2026-04-10 17:29:29.461 +0300,30,2026-04-10 03:00:00.000 +0300,95000,paid,2026-04-10 17:29:29.462 +0300,,2026-04-10 17:02:06.419 +0300,2026-04-10 17:29:29.462 +0300,
267,2026-01-20 14:34:45.120 +0300,2026-04-17 11:24:27.969 +0300,31,2026-04-10 03:00:00.000 +0300,71775,paid,2026-04-17 11:24:27.970 +0300,,2026-04-12 12:10:24.792 +0300,2026-04-17 11:24:27.970 +0300,
353,2026-02-26 22:04:59.871 +0300,2026-04-17 11:24:26.487 +0300,46,2026-04-10 03:00:00.000 +0300,75000,paid,2026-04-17 11:24:26.488 +0300,,2026-04-12 13:31:41.715 +0300,2026-04-17 11:24:26.488 +0300,
327,2026-01-30 19:41:28.774 +0300,2026-04-17 11:49:32.710 +0300,40,2026-06-25 03:00:00.000 +0300,56500,paid,2026-04-17 11:49:32.711 +0300,,2026-04-17 11:46:55.765 +0300,2026-04-17 11:49:32.711 +0300,
346,2026-02-19 20:54:54.720 +0300,2026-04-20 22:15:44.332 +0300,44,2026-04-10 03:00:00.000 +0300,67500,paid,2026-04-20 22:15:44.334 +0300,,2026-04-20 22:00:44.920 +0300,2026-04-20 22:15:44.334 +0300,
354,2026-02-26 22:04:59.871 +0300,2026-04-26 16:15:48.402 +0300,46,2026-04-25 03:00:00.000 +0300,75000,paid,2026-04-26 16:15:48.403 +0300,,2026-04-26 09:34:05.626 +0300,2026-04-26 16:15:48.403 +0300,
347,2026-02-19 20:54:54.720 +0300,2026-05-05 23:58:01.209 +0300,44,2026-04-25 03:00:00.000 +0300,67500,paid,2026-05-05 23:58:01.210 +0300,,2026-05-05 16:15:19.060 +0300,2026-05-05 23:58:01.210 +0300,
230,2026-01-19 20:32:54.071 +0300,2026-06-09 18:04:26.859 +0300,29,2026-04-10 03:00:00.000 +0300,75000,paid,2026-06-09 18:04:26.861 +0300,,2026-05-06 11:05:03.880 +0300,2026-06-09 18:04:26.861 +0300,
231,2026-01-19 20:32:54.071 +0300,2026-06-09 18:04:26.063 +0300,29,2026-04-25 03:00:00.000 +0300,75000,paid,2026-06-09 18:04:26.065 +0300,,2026-05-06 11:05:05.440 +0300,2026-06-09 18:04:26.065 +0300,
323,2026-01-30 19:41:28.774 +0300,2026-05-15 16:49:56.445 +0300,40,2026-04-25 03:00:00.000 +0300,56500,paid,2026-05-15 16:49:56.447 +0300,,2026-05-15 16:35:20.032 +0300,2026-05-15 16:49:56.447 +0300,
348,2026-02-19 20:54:54.720 +0300,2026-05-20 16:16:08.341 +0300,44,2026-05-10 03:00:00.000 +0300,67500,paid,2026-05-20 16:16:08.342 +0300,,2026-05-20 16:15:53.102 +0300,2026-05-20 16:16:08.342 +0300,
349,2026-02-19 20:54:54.720 +0300,2026-06-05 13:42:58.308 +0300,44,2026-05-25 03:00:00.000 +0300,67500,paid,2026-06-05 13:42:58.309 +0300,,2026-06-05 13:42:18.652 +0300,2026-06-05 13:42:58.309 +0300,
350,2026-02-19 20:54:54.720 +0300,2026-06-19 15:03:23.675 +0300,44,2026-06-10 03:00:00.000 +0300,67500,paid,2026-06-19 15:03:23.676 +0300,,2026-06-19 14:55:50.167 +0300,2026-06-19 15:03:23.676 +0300,
351,2026-02-19 20:54:54.720 +0300,2026-07-04 13:38:51.365 +0300,44,2026-06-25 03:00:00.000 +0300,67500,paid,2026-07-04 13:38:51.366 +0300,,2026-07-03 20:04:20.440 +0300,2026-07-04 13:38:51.366 +0300,
326,2026-01-30 19:41:28.774 +0300,2026-07-21 11:10:46.385 +0300,40,2026-06-10 03:00:00.000 +0300,56500,paid,2026-07-21 11:10:46.386 +0300,,2026-07-15 13:28:42.904 +0300,2026-07-21 11:10:46.386 +0300,
296,2026-01-22 11:46:01.156 +0300,2026-01-27 13:26:22.243 +0300,37,2026-01-10 03:00:00.000 +0300,77647,paid,2026-01-27 13:26:22.243 +0300,,2026-01-25 11:20:01.607 +0300,2026-01-27 13:26:22.243 +0300,
271,2026-01-20 19:12:16.052 +0300,2026-01-23 12:25:07.260 +0300,34,2026-01-10 03:00:00.000 +0300,58500,paid,2026-01-23 12:25:07.261 +0300,,2026-01-23 12:23:08.797 +0300,2026-01-23 12:25:07.261 +0300,
49,2026-01-08 23:28:48.948 +0300,2026-01-09 00:15:40.597 +0300,7,2026-02-10 03:00:00.000 +0300,60900,canceled,,,,,
50,2026-01-08 23:28:48.948 +0300,2026-01-09 00:15:40.597 +0300,7,2026-02-25 03:00:00.000 +0300,60900,canceled,,,,,
134,2026-01-09 00:27:51.118 +0300,2026-01-20 18:54:31.243 +0300,16,2026-01-30 00:00:00.000 +0300,75000,paid,2026-01-20 18:54:31.243 +0300,,2026-01-20 18:47:57.676 +0300,2026-01-20 18:54:31.243 +0300,
43,2026-01-08 23:26:59.464 +0300,2026-01-09 00:16:46.478 +0300,6,2026-03-10 03:00:00.000 +0300,62600,canceled,,,,,
137,2026-01-09 00:27:51.118 +0300,2026-01-19 14:08:01.456 +0300,16,2026-01-10 03:00:00.000 +0300,75000,paid,2026-01-19 14:08:01.457 +0300,,2026-01-19 10:20:23.421 +0300,2026-01-19 14:08:01.457 +0300,
138,2026-01-09 00:27:51.118 +0300,2026-01-19 14:08:02.815 +0300,16,2026-01-25 03:00:00.000 +0300,75000,paid,2026-01-19 14:08:02.816 +0300,,2026-01-19 10:20:33.474 +0300,2026-01-19 14:08:02.816 +0300,
136,2026-01-09 00:27:51.118 +0300,2026-01-19 14:08:04.403 +0300,16,2026-01-30 00:00:00.000 +0300,75000,paid,2026-01-19 14:08:04.404 +0300,,2026-01-19 10:20:41.877 +0300,2026-01-19 14:08:04.404 +0300,
212,2026-01-19 14:05:38.608 +0300,2026-01-20 12:11:04.209 +0300,28,2026-02-10 03:00:00.000 +0300,54375,canceled,,,,,
213,2026-01-19 14:05:38.608 +0300,2026-01-20 12:11:04.209 +0300,28,2026-02-25 03:00:00.000 +0300,54375,canceled,,,,,
214,2026-01-19 14:05:38.608 +0300,2026-01-20 12:11:04.209 +0300,28,2026-03-10 03:00:00.000 +0300,54375,canceled,,,,,
215,2026-01-19 14:05:38.608 +0300,2026-01-20 12:11:04.209 +0300,28,2026-03-25 03:00:00.000 +0300,54375,canceled,,,,,
152,2026-01-09 00:32:29.190 +0300,2026-01-09 00:32:29.190 +0300,18,2026-01-25 03:00:00.000 +0300,45000,pending,,,,,
153,2026-01-09 00:32:29.190 +0300,2026-01-09 00:32:29.190 +0300,18,2026-02-10 03:00:00.000 +0300,45000,pending,,,,,
300,2026-01-22 11:46:01.156 +0300,2026-04-01 10:50:55.731 +0300,37,2026-03-10 03:00:00.000 +0300,77647,paid,2026-04-01 10:50:55.731 +0300,,2026-03-27 10:56:54.853 +0300,2026-04-01 10:50:55.731 +0300,
92,2026-01-09 00:14:36.989 +0300,2026-01-20 17:11:13.111 +0300,9,2026-01-25 03:00:00.000 +0300,100000,paid,2026-01-20 17:11:13.113 +0300,,2026-01-20 15:54:09.666 +0300,2026-01-20 17:11:13.113 +0300,
115,2026-01-09 00:17:59.923 +0300,2026-01-13 12:04:42.365 +0300,4,2025-12-10 03:00:00.000 +0300,65000,paid,2026-01-13 12:04:42.366 +0300,,2026-01-13 10:44:50.811 +0300,2026-01-13 12:04:42.366 +0300,
117,2026-01-09 00:17:59.923 +0300,2026-01-14 14:39:38.325 +0300,4,2026-01-10 03:00:00.000 +0300,65000,paid,2026-01-14 14:39:38.327 +0300,,2026-01-14 14:21:05.537 +0300,2026-01-14 14:39:38.327 +0300,
101,2026-01-09 00:15:40.597 +0300,2026-01-15 13:37:48.155 +0300,7,2026-01-10 03:00:00.000 +0300,60900,paid,2026-01-15 13:37:48.156 +0300,,2026-01-15 13:37:24.325 +0300,2026-01-15 13:37:48.156 +0300,
110,2026-01-09 00:16:46.478 +0300,2026-04-01 10:50:05.693 +0300,6,2026-02-10 03:00:00.000 +0300,62600,paid,2026-04-01 10:50:05.694 +0300,,2026-03-20 13:30:10.350 +0300,2026-04-01 10:50:05.694 +0300,
98,2026-01-09 00:15:40.597 +0300,2026-04-15 16:53:55.449 +0300,7,2026-01-30 00:00:00.000 +0300,60900,paid,2026-04-01 10:51:55.902 +0300,,2026-04-15 16:53:55.450 +0300,2026-04-01 10:51:55.902 +0300,
107,2026-01-09 00:16:46.478 +0300,2026-03-06 11:26:02.503 +0300,6,2026-01-30 00:00:00.000 +0300,62600,paid,2026-03-06 11:26:02.504 +0300,,2026-03-05 11:51:42.960 +0300,2026-03-06 11:26:02.504 +0300,
149,2026-01-09 00:30:39.023 +0300,2026-01-23 15:04:36.419 +0300,17,2026-01-25 03:00:00.000 +0300,70000,paid,2026-01-23 15:04:36.419 +0300,,2026-01-23 14:49:34.613 +0300,2026-01-23 15:04:36.419 +0300,
135,2026-01-09 00:27:51.118 +0300,2026-02-07 23:49:08.414 +0300,16,2026-01-30 00:00:00.000 +0300,75000,paid,2026-02-07 23:49:08.415 +0300,,2026-02-07 11:45:20.847 +0300,2026-02-07 23:49:08.415 +0300,
144,2026-01-09 00:30:39.023 +0300,2026-02-10 12:42:34.564 +0300,17,2026-01-30 00:00:00.000 +0300,70000,paid,2026-02-10 12:42:34.565 +0300,,2026-02-10 12:42:14.059 +0300,2026-02-10 12:42:34.565 +0300,
244,2026-01-20 12:11:04.209 +0300,2026-02-06 12:09:10.789 +0300,28,2026-02-10 03:00:00.000 +0300,54375,paid,2026-02-06 12:09:10.790 +0300,,2026-02-06 11:59:16.846 +0300,2026-02-06 12:09:10.790 +0300,
161,2026-01-09 00:36:09.121 +0300,2026-02-10 12:23:25.678 +0300,19,2026-01-25 03:00:00.000 +0300,70000,paid,2026-02-10 12:23:25.679 +0300,,2026-02-10 12:15:24.137 +0300,2026-02-10 12:23:25.679 +0300,
163,2026-01-09 00:52:01.249 +0300,2026-02-07 23:49:02.708 +0300,21,2026-01-30 00:00:00.000 +0300,62500,paid,2026-02-07 23:49:02.709 +0300,,2026-02-07 21:05:39.376 +0300,2026-02-07 23:49:02.709 +0300,
164,2026-01-09 00:52:01.249 +0300,2026-02-08 18:46:22.642 +0300,21,2026-01-30 00:00:00.000 +0300,62500,paid,2026-02-08 18:46:22.643 +0300,,2026-02-08 11:28:26.497 +0300,2026-02-08 18:46:22.643 +0300,
114,2026-01-09 00:17:59.923 +0300,2026-08-11 00:55:47.096 +0300,4,2026-01-30 00:00:00.000 +0300,65000,paid,2026-08-11 00:55:47.096 +0300,,2026-08-10 15:23:23.520 +0300,2026-08-11 00:55:47.096 +0300,
132,2026-01-09 00:24:04.358 +0300,2026-02-10 15:33:34.222 +0300,15,2026-01-30 03:00:00.000 +0300,70000,paid,2026-02-10 15:33:34.223 +0300,,2026-02-10 12:49:32.115 +0300,2026-02-10 15:33:34.223 +0300,
112,2026-01-09 00:16:46.478 +0300,2026-06-09 18:04:30.096 +0300,6,2026-03-10 03:00:00.000 +0300,62600,paid,2026-06-09 18:04:30.098 +0300,,2026-05-05 13:19:40.803 +0300,2026-06-09 18:04:30.098 +0300,
102,2026-01-09 00:15:40.597 +0300,2026-01-30 18:32:52.513 +0300,7,2026-01-25 03:00:00.000 +0300,60900,paid,2026-01-30 18:32:52.514 +0300,,2026-01-30 09:47:53.010 +0300,2026-01-30 18:32:52.514 +0300,
150,2026-01-09 00:32:29.190 +0300,2026-02-06 12:09:12.398 +0300,18,2026-01-30 00:00:00.000 +0300,45000,paid,2026-02-06 12:09:12.398 +0300,,2026-02-06 12:02:23.374 +0300,2026-02-06 12:09:12.398 +0300,
93,2026-01-09 00:14:36.989 +0300,2026-02-05 18:03:07.140 +0300,9,2026-01-25 03:00:00.000 +0300,100000,paid,2026-02-05 18:03:07.141 +0300,,2026-02-05 16:08:04.077 +0300,2026-02-05 18:03:07.141 +0300,
109,2026-01-09 00:16:46.478 +0300,2026-02-06 11:58:23.627 +0300,6,2026-01-25 03:00:00.000 +0300,62600,paid,2026-02-06 11:58:23.628 +0300,,2026-02-06 11:01:00.336 +0300,2026-02-06 11:58:23.628 +0300,
126,2026-01-09 00:18:38.982 +0300,2026-02-10 11:24:36.078 +0300,3,2026-01-25 03:00:00.000 +0300,57500,paid,2026-02-10 11:24:36.079 +0300,,2026-02-10 11:04:26.768 +0300,2026-02-10 11:24:36.079 +0300,
270,2026-01-20 19:12:16.052 +0300,2026-02-10 09:59:09.196 +0300,34,2025-12-25 03:00:00.000 +0300,58500,paid,2026-02-10 09:59:09.196 +0300,,2026-02-10 09:24:16.463 +0300,2026-02-10 09:59:09.196 +0300,
127,2026-01-09 00:18:38.982 +0300,2026-02-10 11:24:38.384 +0300,3,2026-02-10 03:00:00.000 +0300,57500,paid,2026-02-10 11:24:38.385 +0300,,2026-02-10 11:04:33.509 +0300,2026-02-10 11:24:38.385 +0300,
154,2026-01-09 00:36:09.121 +0300,2026-02-10 12:23:27.306 +0300,19,2026-01-30 00:00:00.000 +0300,70000,paid,2026-02-10 12:23:27.307 +0300,,2026-02-10 12:22:11.852 +0300,2026-02-10 12:23:27.307 +0300,
94,2026-01-09 00:14:36.989 +0300,2026-02-10 11:23:21.791 +0300,9,2026-02-10 03:00:00.000 +0300,100000,paid,2026-02-10 11:23:21.792 +0300,,2026-02-10 10:08:16.606 +0300,2026-02-10 11:23:21.792 +0300,
119,2026-01-09 00:17:59.923 +0300,2026-02-11 10:24:21.465 +0300,4,2026-02-10 03:00:00.000 +0300,65000,paid,2026-02-11 10:24:21.466 +0300,,2026-02-11 04:44:23.373 +0300,2026-02-11 10:24:21.466 +0300,
108,2026-01-09 00:16:46.478 +0300,2026-02-17 19:32:39.317 +0300,6,2026-01-10 03:00:00.000 +0300,62600,paid,2026-02-17 19:32:39.318 +0300,,2026-02-03 18:21:09.450 +0300,2026-02-17 19:32:39.318 +0300,
118,2026-01-09 00:17:59.923 +0300,2026-02-11 10:24:19.668 +0300,4,2026-01-25 03:00:00.000 +0300,65000,paid,2026-02-11 10:24:19.669 +0300,,2026-02-11 04:44:21.410 +0300,2026-02-11 10:24:19.669 +0300,
297,2026-01-22 11:46:01.156 +0300,2026-02-12 15:04:44.886 +0300,37,2026-01-25 03:00:00.000 +0300,77647,paid,2026-02-12 15:04:44.887 +0300,,2026-02-11 18:38:43.695 +0300,2026-02-12 15:04:44.887 +0300,
245,2026-01-20 12:11:04.209 +0300,2026-02-21 21:24:45.007 +0300,28,2026-02-25 03:00:00.000 +0300,54375,paid,2026-02-21 21:24:45.007 +0300,,2026-02-20 19:30:25.500 +0300,2026-02-21 21:24:45.007 +0300,
95,2026-01-09 00:14:36.989 +0300,2026-02-25 15:30:38.571 +0300,9,2026-02-25 03:00:00.000 +0300,100000,paid,2026-02-25 15:30:38.572 +0300,,2026-02-25 11:43:41.012 +0300,2026-02-25 15:30:38.572 +0300,
298,2026-01-22 11:46:01.156 +0300,2026-02-25 15:30:36.798 +0300,37,2026-02-10 03:00:00.000 +0300,77647,paid,2026-02-25 15:30:36.799 +0300,,2026-02-25 11:51:47.613 +0300,2026-02-25 15:30:36.799 +0300,
269,2026-01-20 19:12:16.052 +0300,2026-02-25 15:30:34.550 +0300,34,2025-12-10 03:00:00.000 +0300,58500,paid,2026-02-25 15:30:34.551 +0300,,2026-02-25 15:17:50.934 +0300,2026-02-25 15:30:34.551 +0300,
140,2026-01-09 00:27:51.118 +0300,2026-03-06 11:25:33.096 +0300,16,2026-02-25 03:00:00.000 +0300,75000,paid,2026-03-06 11:25:33.097 +0300,,2026-03-05 18:23:29.686 +0300,2026-03-06 11:25:33.097 +0300,
104,2026-01-09 00:15:40.597 +0300,2026-02-27 15:49:16.321 +0300,7,2026-02-25 03:00:00.000 +0300,60900,paid,2026-02-27 15:49:16.322 +0300,,2026-02-27 15:26:41.405 +0300,2026-02-27 15:49:16.322 +0300,
129,2026-01-09 00:18:38.982 +0300,2026-03-10 20:08:34.680 +0300,3,2026-03-10 03:00:00.000 +0300,57500,paid,2026-03-10 20:08:34.681 +0300,,2026-03-10 17:34:34.611 +0300,2026-03-10 20:08:34.681 +0300,
96,2026-01-09 00:14:36.989 +0300,2026-03-10 11:43:52.849 +0300,9,2026-03-10 03:00:00.000 +0300,100000,paid,2026-03-10 11:43:52.850 +0300,,2026-03-10 11:25:38.349 +0300,2026-03-10 11:43:52.850 +0300,
246,2026-01-20 12:11:04.209 +0300,2026-03-10 21:20:45.181 +0300,28,2026-03-10 03:00:00.000 +0300,54375,paid,2026-03-10 21:20:45.182 +0300,,2026-03-07 20:13:24.273 +0300,2026-03-10 21:20:45.182 +0300,
299,2026-01-22 11:46:01.156 +0300,2026-03-16 12:17:07.866 +0300,37,2026-02-25 03:00:00.000 +0300,77647,paid,2026-03-16 12:17:07.867 +0300,,2026-03-16 12:11:41.811 +0300,2026-03-16 12:17:07.867 +0300,
105,2026-01-09 00:15:40.597 +0300,2026-03-20 00:27:59.271 +0300,7,2026-03-10 03:00:00.000 +0300,60900,paid,2026-03-20 00:27:59.272 +0300,,2026-03-18 13:00:09.269 +0300,2026-03-20 00:27:59.272 +0300,
113,2026-01-09 00:16:46.478 +0300,2026-04-01 10:51:34.565 +0300,6,2026-03-25 03:00:00.000 +0300,62600,paid,2026-04-01 10:51:34.566 +0300,,2026-03-27 11:14:43.638 +0300,2026-04-01 10:51:34.566 +0300,
141,2026-01-09 00:27:51.118 +0300,2026-03-20 18:07:34.987 +0300,16,2026-03-10 03:00:00.000 +0300,75000,paid,2026-03-20 18:07:34.988 +0300,,2026-03-20 17:34:44.209 +0300,2026-03-20 18:07:34.988 +0300,
247,2026-01-20 12:11:04.209 +0300,2026-03-24 18:10:38.157 +0300,28,2026-03-25 03:00:00.000 +0300,54375,paid,2026-03-24 18:10:38.158 +0300,,2026-03-23 14:45:08.573 +0300,2026-03-24 18:10:38.158 +0300,
99,2026-01-09 00:15:40.597 +0300,2026-04-01 10:51:55.900 +0300,7,2026-01-30 00:00:00.000 +0300,60900,paid,2026-04-01 10:51:55.902 +0300,,2026-04-01 08:21:44.143 +0300,2026-04-01 10:51:55.902 +0300,
302,2026-01-22 11:46:01.156 +0300,2026-04-17 11:24:49.627 +0300,37,2026-04-10 03:00:00.000 +0300,77647,paid,2026-04-17 11:24:49.628 +0300,,2026-04-12 11:00:09.959 +0300,2026-04-17 11:24:49.628 +0300,
248,2026-01-20 12:11:04.209 +0300,2026-04-09 13:36:34.591 +0300,28,2026-04-10 03:00:00.000 +0300,54375,paid,2026-04-09 13:36:34.592 +0300,,2026-04-06 20:49:16.561 +0300,2026-04-09 13:36:34.592 +0300,
121,2026-01-09 00:17:59.923 +0300,2026-04-07 23:53:18.987 +0300,4,2026-03-10 03:00:00.000 +0300,65000,paid,2026-04-07 23:53:18.988 +0300,,2026-04-07 23:32:18.549 +0300,2026-04-07 23:53:18.988 +0300,
303,2026-01-22 11:46:01.156 +0300,2026-07-03 17:53:00.901 +0300,37,2026-04-25 03:00:00.000 +0300,77647,paid,2026-07-03 17:53:00.903 +0300,,2026-07-02 12:10:36.810 +0300,2026-07-03 17:53:00.903 +0300,
250,2026-01-20 12:11:04.209 +0300,2026-05-05 23:58:00.041 +0300,28,2026-05-10 03:00:00.000 +0300,54375,paid,2026-05-05 23:58:00.042 +0300,,2026-05-05 20:40:42.378 +0300,2026-05-05 23:58:00.042 +0300,
251,2026-01-20 12:11:04.209 +0300,2026-05-22 11:41:55.690 +0300,28,2026-05-25 03:00:00.000 +0300,54375,paid,2026-05-22 11:41:55.691 +0300,,2026-05-22 11:41:46.545 +0300,2026-05-22 11:41:55.691 +0300,
120,2026-01-09 00:17:59.923 +0300,2026-08-09 20:43:01.342 +0300,4,2026-02-25 03:00:00.000 +0300,65000,paid,2026-08-09 20:43:01.344 +0300,,2026-08-09 20:05:35.930 +0300,2026-08-09 20:43:01.344 +0300,
125,2026-01-09 00:18:38.982 +0300,2026-01-09 11:20:38.882 +0300,3,2026-01-10 03:00:00.000 +0300,57500,paid,2026-01-09 11:20:38.883 +0300,,2026-01-09 11:05:25.787 +0300,2026-01-09 11:20:38.883 +0300,
124,2026-01-09 00:18:38.982 +0300,2026-01-09 11:20:40.845 +0300,3,2025-12-25 03:00:00.000 +0300,57500,paid,2026-01-09 11:20:40.846 +0300,,2026-01-09 11:02:49.689 +0300,2026-01-09 11:20:40.846 +0300,
91,2026-01-09 00:14:36.989 +0300,2026-01-09 11:20:43.029 +0300,9,2025-12-25 03:00:00.000 +0300,100000,paid,2026-01-09 11:20:43.030 +0300,,2026-01-09 11:01:10.638 +0300,2026-01-09 11:20:43.030 +0300,
130,2026-01-09 00:24:04.358 +0300,2026-01-09 11:21:04.207 +0300,15,2025-12-10 03:00:00.000 +0300,70000,paid,2026-01-09 11:21:04.208 +0300,,2026-01-09 11:00:24.850 +0300,2026-01-09 11:21:04.208 +0300,
122,2026-01-09 00:18:38.982 +0300,2026-01-09 11:22:23.579 +0300,3,2025-11-25 03:00:00.000 +0300,57500,paid,2026-01-09 11:22:23.580 +0300,,2026-01-09 11:01:02.742 +0300,2026-01-09 11:22:23.580 +0300,
123,2026-01-09 00:18:38.982 +0300,2026-01-09 11:22:25.051 +0300,3,2025-12-10 03:00:00.000 +0300,57500,paid,2026-01-09 11:22:25.052 +0300,,2026-01-09 11:01:05.923 +0300,2026-01-09 11:22:25.052 +0300,
100,2026-01-09 00:15:40.597 +0300,2026-01-09 18:52:53.750 +0300,7,2025-12-25 03:00:00.000 +0300,60900,paid,2026-01-09 18:52:53.750 +0300,,2026-01-09 18:47:58.480 +0300,2026-01-09 18:52:53.750 +0300,
155,2026-01-09 00:36:09.121 +0300,2026-01-10 11:51:41.055 +0300,19,2025-10-25 03:00:00.000 +0300,70000,paid,2026-01-10 11:51:41.056 +0300,,2026-01-10 10:30:03.471 +0300,2026-01-10 11:51:41.056 +0300,
156,2026-01-09 00:36:09.121 +0300,2026-01-10 11:51:42.665 +0300,19,2025-11-10 03:00:00.000 +0300,70000,paid,2026-01-10 11:51:42.666 +0300,,2026-01-10 10:30:12.485 +0300,2026-01-10 11:51:42.666 +0300,
159,2026-01-09 00:36:09.121 +0300,2026-01-10 11:52:30.423 +0300,19,2025-12-25 03:00:00.000 +0300,70000,paid,2026-01-10 11:52:30.423 +0300,,2026-01-10 10:30:17.571 +0300,2026-01-10 11:52:30.423 +0300,
160,2026-01-09 00:36:09.121 +0300,2026-01-10 11:52:31.666 +0300,19,2026-01-10 03:00:00.000 +0300,70000,paid,2026-01-10 11:52:31.667 +0300,,2026-01-10 10:30:18.948 +0300,2026-01-10 11:52:31.667 +0300,
304,2026-01-23 12:23:58.160 +0300,2026-01-23 15:04:23.290 +0300,38,2025-11-10 03:00:00.000 +0300,60900,paid,2026-01-23 15:04:23.291 +0300,,2026-01-23 14:34:45.536 +0300,2026-01-23 15:04:23.291 +0300,
216,2026-01-19 14:07:43.202 +0300,2026-01-20 12:11:02.346 +0300,1,2025-12-25 03:00:00.000 +0300,77500,paid,2026-01-20 12:11:02.347 +0300,,2026-01-20 11:05:18.700 +0300,2026-01-20 12:11:02.347 +0300,
285,2026-01-20 21:33:39.405 +0300,2026-01-20 21:33:39.405 +0300,36,2026-01-25 03:00:00.000 +0300,78750,pending,,,,,
286,2026-01-20 21:33:39.405 +0300,2026-01-20 21:33:39.405 +0300,36,2026-02-10 03:00:00.000 +0300,78750,pending,,,,,
287,2026-01-20 21:33:39.405 +0300,2026-01-20 21:33:39.405 +0300,36,2026-02-25 03:00:00.000 +0300,78750,pending,,,,,
217,2026-01-19 14:07:43.202 +0300,2026-02-11 01:37:03.034 +0300,1,2026-01-10 03:00:00.000 +0300,77500,paid,2026-02-11 01:37:03.035 +0300,,2026-02-10 19:19:14.517 +0300,2026-02-11 01:37:03.035 +0300,
305,2026-01-23 12:23:58.160 +0300,2026-01-23 15:04:27.081 +0300,38,2025-11-25 03:00:00.000 +0300,60900,paid,2026-01-23 15:04:27.082 +0300,,2026-01-23 14:34:54.887 +0300,2026-01-23 15:04:27.082 +0300,
306,2026-01-23 12:23:58.160 +0300,2026-01-23 15:04:28.513 +0300,38,2025-12-10 03:00:00.000 +0300,60900,paid,2026-01-23 15:04:28.513 +0300,,2026-01-23 14:34:59.838 +0300,2026-01-23 15:04:28.513 +0300,
307,2026-01-23 12:23:58.160 +0300,2026-01-23 15:04:30.324 +0300,38,2025-12-25 03:00:00.000 +0300,60900,paid,2026-01-23 15:04:30.325 +0300,,2026-01-23 14:35:04.703 +0300,2026-01-23 15:04:30.325 +0300,
308,2026-01-23 12:23:58.160 +0300,2026-01-23 15:04:32.372 +0300,38,2026-01-10 03:00:00.000 +0300,60900,paid,2026-01-23 15:04:32.373 +0300,,2026-01-23 14:35:14.296 +0300,2026-01-23 15:04:32.373 +0300,
309,2026-01-23 12:23:58.160 +0300,2026-01-23 15:04:34.155 +0300,38,2026-01-25 03:00:00.000 +0300,60900,paid,2026-01-23 15:04:34.156 +0300,,2026-01-23 14:35:18.635 +0300,2026-01-23 15:04:34.156 +0300,
151,2026-01-09 00:32:29.190 +0300,2026-01-23 16:32:05.252 +0300,18,2026-01-10 03:00:00.000 +0300,45000,paid,2026-01-23 16:32:05.253 +0300,,2026-01-23 16:31:55.243 +0300,2026-01-23 16:32:05.253 +0300,
272,2026-01-20 21:33:38.140 +0300,2026-01-21 11:40:15.287 +0300,35,2025-10-25 03:00:00.000 +0300,55000,paid,2026-01-21 11:40:15.287 +0300,,2026-01-21 11:06:08.095 +0300,2026-01-21 11:40:15.287 +0300,
273,2026-01-20 21:33:38.140 +0300,2026-01-21 11:40:16.539 +0300,35,2025-11-10 03:00:00.000 +0300,55000,paid,2026-01-21 11:40:16.540 +0300,,2026-01-21 11:06:14.454 +0300,2026-01-21 11:40:16.540 +0300,
274,2026-01-20 21:33:38.140 +0300,2026-01-21 11:40:18.292 +0300,35,2025-11-25 03:00:00.000 +0300,55000,paid,2026-01-21 11:40:18.293 +0300,,2026-01-21 11:06:28.288 +0300,2026-01-21 11:40:18.293 +0300,
275,2026-01-20 21:33:38.140 +0300,2026-01-21 11:40:19.757 +0300,35,2025-12-10 03:00:00.000 +0300,55000,paid,2026-01-21 11:40:19.758 +0300,,2026-01-21 11:06:31.494 +0300,2026-01-21 11:40:19.758 +0300,
276,2026-01-20 21:33:38.140 +0300,2026-01-21 11:41:51.338 +0300,35,2025-12-25 03:00:00.000 +0300,55000,paid,2026-01-21 11:41:51.339 +0300,,2026-01-21 11:06:38.278 +0300,2026-01-21 11:41:51.339 +0300,
277,2026-01-20 21:33:38.140 +0300,2026-01-21 11:41:52.521 +0300,35,2026-01-10 03:00:00.000 +0300,55000,paid,2026-01-21 11:41:52.522 +0300,,2026-01-21 11:06:46.474 +0300,2026-01-21 11:41:52.522 +0300,
284,2026-01-20 21:33:39.405 +0300,2026-01-27 13:25:36.473 +0300,36,2026-01-10 03:00:00.000 +0300,78750,paid,2026-01-27 13:25:36.474 +0300,,2026-01-21 11:05:54.407 +0300,2026-01-27 13:25:36.474 +0300,
281,2026-01-20 21:33:39.405 +0300,2026-01-27 11:05:51.062 +0300,36,2025-11-25 03:00:00.000 +0300,78750,paid,2026-01-27 11:05:51.063 +0300,,2026-01-26 14:36:36.757 +0300,2026-01-27 11:05:51.063 +0300,
280,2026-01-20 21:33:39.405 +0300,2026-01-27 11:05:49.849 +0300,36,2025-11-10 03:00:00.000 +0300,78750,paid,2026-01-27 11:05:49.850 +0300,,2026-01-26 14:36:35.251 +0300,2026-01-27 11:05:49.850 +0300,
283,2026-01-20 21:33:39.405 +0300,2026-08-03 15:06:14.528 +0300,36,2025-12-25 03:00:00.000 +0300,78750,awaiting_approval,,,2026-08-03 15:06:14.529 +0300,,
310,2026-01-23 12:23:58.160 +0300,2026-02-06 11:58:01.261 +0300,38,2026-02-10 03:00:00.000 +0300,60900,paid,2026-02-06 11:58:01.262 +0300,,2026-02-06 11:56:09.613 +0300,2026-02-06 11:58:01.262 +0300,
278,2026-01-20 21:33:38.140 +0300,2026-02-06 14:29:42.393 +0300,35,2026-01-25 03:00:00.000 +0300,55000,paid,2026-02-06 14:29:42.394 +0300,,2026-02-06 14:18:14.246 +0300,2026-02-06 14:29:42.394 +0300,
256,2026-01-20 12:11:09.158 +0300,2026-02-07 23:49:06.921 +0300,26,2026-02-06 03:00:00.000 +0300,71750,paid,2026-02-07 23:49:06.922 +0300,,2026-02-07 18:24:36.403 +0300,2026-02-07 23:49:06.922 +0300,
257,2026-01-20 12:11:09.158 +0300,2026-02-07 23:49:31.376 +0300,26,2026-01-25 03:00:00.000 +0300,71750,paid,2026-02-07 23:49:31.377 +0300,,2026-02-06 20:32:58.973 +0300,2026-02-07 23:49:31.377 +0300,
252,2026-01-20 12:11:09.158 +0300,2026-01-27 13:23:00.067 +0300,26,2025-11-10 03:00:00.000 +0300,71750,paid,2026-01-27 13:23:00.068 +0300,,2026-01-27 12:19:49.099 +0300,2026-01-27 13:23:00.068 +0300,
253,2026-01-20 12:11:09.158 +0300,2026-01-27 13:23:01.717 +0300,26,2025-11-25 03:00:00.000 +0300,71750,paid,2026-01-27 13:23:01.718 +0300,,2026-01-27 12:19:56.728 +0300,2026-01-27 13:23:01.718 +0300,
254,2026-01-20 12:11:09.158 +0300,2026-01-27 13:23:03.256 +0300,26,2025-12-10 03:00:00.000 +0300,71750,paid,2026-01-27 13:23:03.257 +0300,,2026-01-27 12:19:59.878 +0300,2026-01-27 13:23:03.257 +0300,
255,2026-01-20 12:11:09.158 +0300,2026-01-27 13:23:05.395 +0300,26,2025-12-25 03:00:00.000 +0300,71750,paid,2026-01-27 13:23:05.395 +0300,,2026-01-27 12:20:01.887 +0300,2026-01-27 13:23:05.395 +0300,
279,2026-01-20 21:33:38.140 +0300,2026-02-10 11:24:23.794 +0300,35,2026-02-10 03:00:00.000 +0300,55000,paid,2026-02-10 11:24:23.795 +0300,,2026-02-10 10:12:22.663 +0300,2026-02-10 11:24:23.795 +0300,
133,2026-01-09 00:24:04.358 +0300,2026-02-10 15:33:32.767 +0300,15,2026-01-25 03:00:00.000 +0300,70000,paid,2026-02-10 15:33:32.768 +0300,,2026-02-10 12:49:29.459 +0300,2026-02-10 15:33:32.768 +0300,
258,2026-01-20 12:11:09.158 +0300,2026-02-25 15:31:18.592 +0300,26,2026-02-10 03:00:00.000 +0300,71750,paid,2026-02-25 15:31:18.593 +0300,,2026-02-20 12:14:38.123 +0300,2026-02-25 15:31:18.593 +0300,
311,2026-01-23 12:23:58.160 +0300,2026-02-21 21:24:46.383 +0300,38,2026-02-25 03:00:00.000 +0300,60900,paid,2026-02-21 21:24:46.384 +0300,,2026-02-20 18:29:11.092 +0300,2026-02-21 21:24:46.384 +0300,
221,2026-01-19 14:07:43.202 +0300,2026-04-09 11:44:22.194 +0300,1,2026-03-10 03:00:00.000 +0300,77500,paid,2026-04-09 11:44:22.195 +0300,,2026-04-09 11:44:03.747 +0300,2026-04-09 11:44:22.195 +0300,
218,2026-01-19 14:07:43.202 +0300,2026-03-12 11:56:27.351 +0300,1,2026-01-25 03:00:00.000 +0300,77500,paid,2026-03-12 11:56:27.352 +0300,,2026-03-12 11:51:23.283 +0300,2026-03-12 11:56:27.352 +0300,
219,2026-01-19 14:07:43.202 +0300,2026-03-12 11:56:26.200 +0300,1,2026-02-10 03:00:00.000 +0300,77500,paid,2026-03-12 11:56:26.201 +0300,,2026-03-12 11:51:28.798 +0300,2026-03-12 11:56:26.201 +0300,
336,2026-02-19 13:57:32.210 +0300,2026-03-30 17:14:55.938 +0300,43,2026-03-10 03:00:00.000 +0300,78750,paid,2026-03-30 17:14:55.939 +0300,,2026-03-30 17:12:29.171 +0300,2026-03-30 17:14:55.939 +0300,
223,2026-01-19 14:07:43.202 +0300,2026-05-13 01:07:50.722 +0300,1,2026-04-10 03:00:00.000 +0300,77500,paid,2026-05-13 01:07:50.723 +0300,,2026-05-13 00:53:14.365 +0300,2026-05-13 01:07:50.723 +0300,
220,2026-01-19 14:07:43.202 +0300,2026-04-09 11:44:21.061 +0300,1,2026-02-25 03:00:00.000 +0300,77500,paid,2026-04-09 11:44:21.062 +0300,,2026-04-09 11:44:01.290 +0300,2026-04-09 11:44:21.062 +0300,
337,2026-02-19 13:57:32.210 +0300,2026-04-15 11:48:31.696 +0300,43,2026-03-25 03:00:00.000 +0300,78750,paid,2026-04-15 11:48:31.697 +0300,,2026-04-15 11:45:07.619 +0300,2026-04-15 11:48:31.697 +0300,
360,2026-02-27 15:48:48.161 +0300,2026-04-21 21:48:54.868 +0300,47,2026-04-10 03:00:00.000 +0300,70687,paid,2026-04-21 21:48:54.870 +0300,,2026-04-21 21:39:43.382 +0300,2026-04-21 21:48:54.870 +0300,
361,2026-02-27 15:48:48.161 +0300,2026-04-22 21:00:31.946 +0300,47,2026-04-25 03:00:00.000 +0300,70687,paid,2026-04-22 21:00:31.947 +0300,,2026-04-22 21:00:23.931 +0300,2026-04-22 21:00:31.947 +0300,
338,2026-02-19 13:57:32.210 +0300,2026-04-30 14:37:00.684 +0300,43,2026-04-10 03:00:00.000 +0300,78750,paid,2026-04-30 14:37:00.686 +0300,,2026-04-30 14:06:22.511 +0300,2026-04-30 14:37:00.686 +0300,
355,2026-02-26 22:04:59.871 +0300,2026-05-10 15:26:51.172 +0300,46,2026-05-10 03:00:00.000 +0300,75000,paid,2026-05-10 15:26:51.173 +0300,,2026-05-10 14:34:35.083 +0300,2026-05-10 15:26:51.173 +0300,
332,2026-02-18 14:47:46.810 +0300,2026-05-10 17:01:05.195 +0300,41,2026-05-10 03:00:00.000 +0300,57500,paid,2026-05-10 17:01:05.196 +0300,,2026-05-10 15:58:56.622 +0300,2026-05-10 17:01:05.196 +0300,
334,2026-02-18 14:47:46.810 +0300,2026-06-11 11:20:07.659 +0300,41,2026-06-10 03:00:00.000 +0300,57500,paid,2026-06-11 11:20:07.661 +0300,,2026-06-10 21:37:00.653 +0300,2026-06-11 11:20:07.661 +0300,
339,2026-02-19 13:57:32.210 +0300,2026-05-15 16:49:59.284 +0300,43,2026-04-25 03:00:00.000 +0300,78750,paid,2026-05-15 16:49:59.285 +0300,,2026-05-15 16:35:28.156 +0300,2026-05-15 16:49:59.285 +0300,
356,2026-02-26 22:04:59.871 +0300,2026-05-25 12:48:47.396 +0300,46,2026-05-25 03:00:00.000 +0300,75000,paid,2026-05-25 12:48:47.397 +0300,,2026-05-25 12:45:53.247 +0300,2026-05-25 12:48:47.397 +0300,
333,2026-02-18 14:47:46.810 +0300,2026-05-25 18:34:08.237 +0300,41,2026-05-25 03:00:00.000 +0300,57500,paid,2026-05-25 18:34:08.238 +0300,,2026-05-25 18:33:54.685 +0300,2026-05-25 18:34:08.238 +0300,
343,2026-02-19 13:57:32.210 +0300,2026-07-15 12:00:48.928 +0300,43,2026-06-25 03:00:00.000 +0300,78750,paid,2026-07-15 12:00:48.929 +0300,,2026-07-15 11:59:02.749 +0300,2026-07-15 12:00:48.929 +0300,
357,2026-02-26 22:04:59.871 +0300,2026-06-11 11:20:06.695 +0300,46,2026-06-10 03:00:00.000 +0300,75000,paid,2026-06-11 11:20:06.696 +0300,,2026-06-10 21:21:32.470 +0300,2026-06-11 11:20:06.696 +0300,
341,2026-02-19 13:57:32.210 +0300,2026-06-15 12:46:28.773 +0300,43,2026-05-25 03:00:00.000 +0300,78750,paid,2026-06-15 12:46:28.774 +0300,,2026-06-15 12:01:37.216 +0300,2026-06-15 12:46:28.774 +0300,
358,2026-02-26 22:04:59.871 +0300,2026-06-26 15:49:05.818 +0300,46,2026-06-25 03:00:00.000 +0300,75000,paid,2026-06-26 15:49:05.818 +0300,,2026-06-25 21:34:30.189 +0300,2026-06-26 15:49:05.818 +0300,
359,2026-02-26 22:04:59.871 +0300,2026-07-10 11:12:51.285 +0300,46,2026-07-10 03:00:00.000 +0300,75000,paid,2026-07-10 11:12:51.286 +0300,,2026-07-10 10:26:50.220 +0300,2026-07-10 11:12:51.286 +0300,
90,2026-01-09 00:14:36.989 +0300,2026-01-09 11:20:44.479 +0300,9,2025-12-10 03:00:00.000 +0300,100000,paid,2026-01-09 11:20:44.480 +0300,,2026-01-09 11:01:05.959 +0300,2026-01-09 11:20:44.480 +0300,
131,2026-01-09 00:24:04.358 +0300,2026-01-09 11:21:02.696 +0300,15,2025-12-25 03:00:00.000 +0300,70000,paid,2026-01-09 11:21:02.698 +0300,,2026-01-09 11:00:32.179 +0300,2026-01-09 11:21:02.698 +0300,
106,2026-01-09 00:16:46.478 +0300,2026-01-09 11:46:57.254 +0300,6,2025-12-10 03:00:00.000 +0300,62600,paid,2026-01-09 11:46:57.255 +0300,,2026-01-09 11:46:43.149 +0300,2026-01-09 11:46:57.255 +0300,
142,2026-01-09 00:30:39.023 +0300,2026-01-09 12:42:02.632 +0300,17,2025-10-10 03:00:00.000 +0300,70000,paid,2026-01-09 12:42:02.633 +0300,,2026-01-09 12:02:44.684 +0300,2026-01-09 12:42:02.633 +0300,
116,2026-01-09 00:17:59.923 +0300,2026-01-10 11:51:37.637 +0300,4,2025-12-25 03:00:00.000 +0300,65000,paid,2026-01-10 11:51:37.639 +0300,,2026-01-10 10:10:16.301 +0300,2026-01-10 11:51:37.639 +0300,
157,2026-01-09 00:36:09.121 +0300,2026-01-10 11:51:44.337 +0300,19,2025-11-25 03:00:00.000 +0300,70000,paid,2026-01-10 11:51:44.338 +0300,,2026-01-10 10:30:14.256 +0300,2026-01-10 11:51:44.338 +0300,
158,2026-01-09 00:36:09.121 +0300,2026-01-10 11:51:46.212 +0300,19,2025-12-10 03:00:00.000 +0300,70000,paid,2026-01-10 11:51:46.212 +0300,,2026-01-10 10:30:16.052 +0300,2026-01-10 11:51:46.212 +0300,
165,2026-01-09 00:52:01.249 +0300,2026-01-10 14:10:30.229 +0300,21,2026-01-10 03:00:00.000 +0300,62500,paid,2026-01-10 14:10:30.230 +0300,,2026-01-10 14:01:26.193 +0300,2026-01-10 14:10:30.230 +0300,
143,2026-01-09 00:30:39.023 +0300,2026-01-12 12:30:48.219 +0300,17,2025-10-25 03:00:00.000 +0300,70000,paid,2026-01-12 12:30:48.220 +0300,,2026-01-12 12:05:53.132 +0300,2026-01-12 12:30:48.220 +0300,
145,2026-01-09 00:30:39.023 +0300,2026-01-12 12:30:49.628 +0300,17,2025-11-25 03:00:00.000 +0300,70000,paid,2026-01-12 12:30:49.629 +0300,,2026-01-12 12:06:02.550 +0300,2026-01-12 12:30:49.629 +0300,
146,2026-01-09 00:30:39.023 +0300,2026-01-12 12:30:50.791 +0300,17,2025-12-10 03:00:00.000 +0300,70000,paid,2026-01-12 12:30:50.792 +0300,,2026-01-12 12:06:08.834 +0300,2026-01-12 12:30:50.792 +0300,
147,2026-01-09 00:30:39.023 +0300,2026-01-12 12:30:52.110 +0300,17,2025-12-25 03:00:00.000 +0300,70000,paid,2026-01-12 12:30:52.112 +0300,,2026-01-12 12:06:13.797 +0300,2026-01-12 12:30:52.112 +0300,
148,2026-01-09 00:30:39.023 +0300,2026-01-12 12:30:53.618 +0300,17,2026-01-10 03:00:00.000 +0300,70000,paid,2026-01-12 12:30:53.619 +0300,,2026-01-12 12:06:14.972 +0300,2026-01-12 12:30:53.619 +0300,
75,2026-01-09 00:06:13.615 +0300,2026-01-12 14:34:01.318 +0300,14,2025-12-10 03:00:00.000 +0300,73312,canceled,,,,,
162,2026-01-09 00:52:01.249 +0300,2026-01-12 17:48:19.077 +0300,21,2025-11-25 03:00:00.000 +0300,62500,paid,2026-01-12 17:48:19.078 +0300,,2026-01-12 17:47:59.897 +0300,2026-01-12 17:48:19.078 +0300,
174,2026-01-12 12:31:02.063 +0300,2026-01-13 12:05:17.894 +0300,22,2025-11-25 03:00:00.000 +0300,87500,paid,2026-01-13 12:05:17.895 +0300,,2026-01-13 11:00:36.515 +0300,2026-01-13 12:05:17.895 +0300,
175,2026-01-12 12:31:02.063 +0300,2026-01-13 12:05:19.711 +0300,22,2025-12-10 03:00:00.000 +0300,87500,paid,2026-01-13 12:05:19.712 +0300,,2026-01-13 11:00:43.503 +0300,2026-01-13 12:05:19.712 +0300,
171,2026-01-12 12:31:01.029 +0300,2026-02-09 15:25:34.791 +0300,23,2026-02-10 03:00:00.000 +0300,60000,paid,2026-02-09 15:25:34.792 +0300,,2026-02-09 11:07:09.109 +0300,2026-02-09 15:25:34.792 +0300,
166,2026-01-12 12:31:01.029 +0300,2026-01-13 12:05:39.631 +0300,23,2025-11-25 03:00:00.000 +0300,60000,paid,2026-01-13 12:05:39.632 +0300,,2026-01-13 11:01:10.943 +0300,2026-01-13 12:05:39.632 +0300,
167,2026-01-12 12:31:01.029 +0300,2026-01-13 12:05:41.128 +0300,23,2025-12-10 03:00:00.000 +0300,60000,paid,2026-01-13 12:05:41.129 +0300,,2026-01-13 11:01:14.708 +0300,2026-01-13 12:05:41.129 +0300,
168,2026-01-12 12:31:01.029 +0300,2026-01-13 12:05:42.474 +0300,23,2025-12-25 03:00:00.000 +0300,60000,paid,2026-01-13 12:05:42.475 +0300,,2026-01-13 11:01:17.423 +0300,2026-01-13 12:05:42.475 +0300,
169,2026-01-12 12:31:01.029 +0300,2026-01-13 12:05:43.852 +0300,23,2026-01-10 03:00:00.000 +0300,60000,paid,2026-01-13 12:05:43.852 +0300,,2026-01-13 11:01:20.920 +0300,2026-01-13 12:05:43.852 +0300,
170,2026-01-12 12:31:01.029 +0300,2026-01-26 11:07:06.941 +0300,23,2026-01-25 03:00:00.000 +0300,60000,paid,2026-01-26 11:07:06.942 +0300,,2026-01-26 11:06:38.057 +0300,2026-01-26 11:07:06.942 +0300,
200,2026-01-14 19:23:52.288 +0300,2026-01-15 12:20:09.339 +0300,25,2025-10-10 03:00:00.000 +0300,45000,paid,2026-01-15 12:20:09.340 +0300,,2026-01-15 12:04:47.524 +0300,2026-01-15 12:20:09.340 +0300,
172,2026-01-12 12:31:01.029 +0300,2026-02-24 12:49:51.825 +0300,23,2026-02-25 03:00:00.000 +0300,60000,paid,2026-02-24 12:49:51.826 +0300,,2026-02-24 11:29:34.005 +0300,2026-02-24 12:49:51.826 +0300,
201,2026-01-14 19:23:52.288 +0300,2026-01-16 12:54:46.968 +0300,25,2025-10-25 03:00:00.000 +0300,45000,paid,2026-01-16 12:54:46.969 +0300,,2026-01-16 12:40:41.337 +0300,2026-01-16 12:54:46.969 +0300,
207,2026-01-14 19:23:52.288 +0300,2026-01-30 18:32:58.711 +0300,25,2026-01-25 03:00:00.000 +0300,45000,paid,2026-01-30 18:32:58.712 +0300,,2026-01-29 04:38:03.246 +0300,2026-01-30 18:32:58.712 +0300,
185,2026-01-12 12:31:04.898 +0300,2026-01-16 17:35:37.974 +0300,22,2026-01-10 03:00:00.000 +0300,87500,paid,2026-01-16 17:35:37.974 +0300,,2026-01-16 17:06:46.042 +0300,2026-01-16 17:35:37.974 +0300,
184,2026-01-12 12:31:04.898 +0300,2026-06-08 13:17:53.178 +0300,22,2026-01-30 00:00:00.000 +0300,87500,paid,2026-06-08 13:17:53.180 +0300,,2026-06-08 13:15:27.554 +0300,2026-06-08 13:17:53.180 +0300,
173,2026-01-12 12:31:01.029 +0300,2026-03-10 21:20:35.917 +0300,23,2026-03-10 03:00:00.000 +0300,60000,paid,2026-03-10 21:20:35.917 +0300,,2026-03-10 20:15:57.369 +0300,2026-03-10 21:20:35.917 +0300,
197,2026-01-13 22:13:19.077 +0300,2026-04-25 14:45:04.283 +0300,24,2026-04-25 03:00:00.000 +0300,82650,paid,2026-04-25 14:45:04.285 +0300,,2026-04-25 10:42:24.664 +0300,2026-04-25 14:45:04.285 +0300,
194,2026-01-13 22:13:19.077 +0300,2026-03-10 16:44:47.598 +0300,24,2026-03-10 03:00:00.000 +0300,82650,paid,2026-03-10 16:44:47.598 +0300,,2026-03-10 16:36:47.860 +0300,2026-03-10 16:44:47.598 +0300,
196,2026-01-13 22:13:19.077 +0300,2026-04-10 17:29:35.836 +0300,24,2026-04-10 03:00:00.000 +0300,82650,paid,2026-04-10 17:29:35.837 +0300,,2026-04-10 17:28:59.596 +0300,2026-04-10 17:29:35.837 +0300,
189,2026-01-12 12:31:04.898 +0300,2026-03-10 20:08:35.884 +0300,22,2026-03-10 03:00:00.000 +0300,87500,paid,2026-03-10 20:08:35.885 +0300,,2026-03-10 19:16:18.378 +0300,2026-03-10 20:08:35.885 +0300,
195,2026-01-13 22:13:19.077 +0300,2026-03-26 17:47:40.364 +0300,24,2026-03-25 03:00:00.000 +0300,82650,paid,2026-03-26 17:47:40.365 +0300,,2026-03-26 08:58:54.658 +0300,2026-03-26 17:47:40.365 +0300,
198,2026-01-13 22:13:19.077 +0300,2026-05-12 14:40:49.827 +0300,24,2026-05-10 03:00:00.000 +0300,82650,paid,2026-05-12 14:40:49.828 +0300,,2026-05-10 19:05:10.334 +0300,2026-05-12 14:40:49.828 +0300,
192,2026-01-13 22:13:19.077 +0300,2026-02-11 01:37:09.004 +0300,24,2026-02-10 03:00:00.000 +0300,82650,paid,2026-02-11 01:37:09.005 +0300,,2026-02-10 17:08:50.721 +0300,2026-02-11 01:37:09.005 +0300,
193,2026-01-13 22:13:19.077 +0300,2026-02-25 21:57:58.178 +0300,24,2026-02-25 03:00:00.000 +0300,82650,paid,2026-02-25 21:57:58.178 +0300,,2026-02-25 17:27:39.931 +0300,2026-02-25 21:57:58.178 +0300,
81,2026-01-09 00:10:50.693 +0300,2026-02-02 12:09:22.535 +0300,13,2026-01-30 00:00:00.000 +0300,87500,paid,2026-02-02 12:09:22.536 +0300,,2026-02-02 12:06:55.407 +0300,2026-02-02 12:09:22.536 +0300,
80,2026-01-09 00:10:50.693 +0300,2026-02-02 12:09:23.963 +0300,13,2026-01-30 00:00:00.000 +0300,87500,paid,2026-02-02 12:09:23.964 +0300,,2026-02-02 12:06:58.829 +0300,2026-02-02 12:09:23.964 +0300,
29,2026-01-08 23:25:04.811 +0300,2026-04-21 18:50:43.885 +0300,5,2026-01-30 00:00:00.000 +0300,75000,paid,2026-04-21 18:50:43.887 +0300,,2026-04-21 18:29:46.741 +0300,2026-04-21 18:50:43.887 +0300,
68,2026-01-08 23:41:10.343 +0300,2026-02-12 15:05:23.397 +0300,12,2026-01-30 03:00:00.000 +0300,78300,paid,2026-02-12 15:05:23.398 +0300,,2026-02-12 11:00:57.751 +0300,2026-02-12 15:05:23.398 +0300,
205,2026-01-14 19:23:52.288 +0300,2026-03-01 23:32:19.866 +0300,25,2026-01-30 00:00:00.000 +0300,45000,paid,2026-03-01 23:32:19.867 +0300,,2026-03-01 23:26:55.742 +0300,2026-03-01 23:32:19.867 +0300,
182,2026-01-12 12:31:04.898 +0300,2026-02-17 19:32:01.809 +0300,22,2026-01-30 00:00:00.000 +0300,87500,paid,2026-02-17 19:32:01.810 +0300,,2026-02-15 11:04:41.918 +0300,2026-02-17 19:32:01.810 +0300,
204,2026-01-14 19:23:52.288 +0300,2026-03-01 23:32:19.024 +0300,25,2026-01-30 00:00:00.000 +0300,45000,paid,2026-03-01 23:32:19.025 +0300,,2026-03-01 23:26:55.347 +0300,2026-03-01 23:32:19.025 +0300,
191,2026-01-12 14:34:01.318 +0300,2026-03-01 22:56:55.401 +0300,14,2026-01-30 03:00:00.000 +0300,75037,paid,2026-03-01 22:56:55.402 +0300,,2026-03-01 22:56:24.458 +0300,2026-03-01 22:56:55.402 +0300,
190,2026-01-12 14:34:01.318 +0300,2026-03-01 22:56:56.287 +0300,14,2026-01-30 00:00:00.000 +0300,75037,paid,2026-03-01 22:56:56.288 +0300,,2026-03-01 22:56:39.223 +0300,2026-03-01 22:56:56.288 +0300,
203,2026-01-14 19:23:52.288 +0300,2026-03-01 23:32:24.537 +0300,25,2026-01-30 00:00:00.000 +0300,45000,paid,2026-03-01 23:32:24.538 +0300,,2026-03-01 23:26:58.381 +0300,2026-03-01 23:32:24.538 +0300,
202,2026-01-14 19:23:52.288 +0300,2026-03-01 23:32:25.875 +0300,25,2026-01-30 00:00:00.000 +0300,45000,paid,2026-03-01 23:32:25.876 +0300,,2026-03-01 23:26:57.842 +0300,2026-03-01 23:32:25.876 +0300,
79,2026-01-09 00:10:50.693 +0300,2026-03-02 13:32:11.567 +0300,13,2026-01-30 00:00:00.000 +0300,87500,paid,2026-03-02 13:32:11.568 +0300,,2026-03-02 13:27:58.231 +0300,2026-03-02 13:32:11.568 +0300,
199,2026-01-13 22:13:19.077 +0300,2026-05-25 12:45:11.868 +0300,24,2026-05-25 03:00:00.000 +0300,82650,paid,2026-05-25 12:45:11.869 +0300,,2026-05-25 12:35:46.029 +0300,2026-05-25 12:45:11.869 +0300,
177,2026-01-12 12:31:02.063 +0300,2026-06-08 13:17:51.246 +0300,22,2026-01-30 03:00:00.000 +0300,87500,paid,2026-06-08 13:17:51.247 +0300,,2026-06-08 13:15:18.675 +0300,2026-06-08 13:17:51.247 +0300,
176,2026-01-12 12:31:02.063 +0300,2026-06-08 13:17:52.080 +0300,22,2026-01-30 00:00:00.000 +0300,87500,paid,2026-06-08 13:17:52.081 +0300,,2026-06-08 13:15:26.679 +0300,2026-06-08 13:17:52.081 +0300,
268,2026-01-20 19:12:16.052 +0300,2026-02-27 15:49:33.556 +0300,34,2025-11-25 03:00:00.000 +0300,58500,paid,2026-02-27 15:49:33.557 +0300,,2026-02-27 11:16:25.340 +0300,2026-02-27 15:49:33.557 +0300,
259,2026-01-20 12:11:09.158 +0300,2026-03-20 00:28:04.379 +0300,26,2026-02-25 03:00:00.000 +0300,71750,paid,2026-03-20 00:28:04.380 +0300,,2026-03-06 12:17:03.928 +0300,2026-03-20 00:28:04.380 +0300,
226,2026-01-19 20:32:54.071 +0300,2026-03-06 11:25:22.917 +0300,29,2026-02-10 03:00:00.000 +0300,75000,paid,2026-03-06 11:25:22.918 +0300,,2026-03-06 10:53:02.851 +0300,2026-03-06 11:25:22.918 +0300,
264,2026-01-20 14:34:45.120 +0300,2026-03-06 11:25:51.220 +0300,31,2026-02-25 03:00:00.000 +0300,71775,paid,2026-03-06 11:25:51.221 +0300,,2026-03-05 14:56:00.346 +0300,2026-03-06 11:25:51.221 +0300,
372,2026-03-01 23:09:20.334 +0300,2026-03-06 11:25:54.161 +0300,42,2026-03-10 03:00:00.000 +0300,45000,paid,2026-03-06 11:25:54.162 +0300,,2026-03-05 14:51:57.165 +0300,2026-03-06 11:25:54.162 +0300,
328,2026-02-18 14:47:46.810 +0300,2026-03-10 13:41:10.180 +0300,41,2026-03-10 03:00:00.000 +0300,57500,paid,2026-03-10 13:41:10.180 +0300,,2026-03-10 13:38:56.698 +0300,2026-03-10 13:41:10.180 +0300,
128,2026-01-09 00:18:38.982 +0300,2026-03-10 20:08:33.378 +0300,3,2026-02-25 03:00:00.000 +0300,57500,paid,2026-03-10 20:08:33.379 +0300,,2026-03-10 17:34:30.479 +0300,2026-03-10 20:08:33.379 +0300,
243,2026-01-19 20:33:22.676 +0300,2026-03-11 20:21:35.281 +0300,27,2026-03-25 03:00:00.000 +0300,56550,paid,2026-03-11 20:21:35.282 +0300,,2026-03-11 19:55:25.766 +0300,2026-03-11 20:21:35.282 +0300,
411,2026-03-18 13:50:48.970 +0300,2026-03-18 13:50:48.970 +0300,54,2026-08-10 03:00:00.000 +0300,62500,pending,,,,,
427,2026-03-18 21:59:52.183 +0300,2026-03-18 21:59:52.183 +0300,55,2026-08-10 03:00:00.000 +0300,91350,pending,,,,,
265,2026-01-20 14:34:45.120 +0300,2026-03-20 11:43:40.633 +0300,31,2026-03-10 03:00:00.000 +0300,71775,paid,2026-03-20 11:43:40.634 +0300,,2026-03-20 09:43:11.230 +0300,2026-03-20 11:43:40.634 +0300,
329,2026-02-18 14:47:46.810 +0300,2026-03-25 21:42:52.147 +0300,41,2026-03-25 03:00:00.000 +0300,57500,paid,2026-03-25 21:42:52.148 +0300,,2026-03-25 21:41:22.083 +0300,2026-03-25 21:42:52.148 +0300,
97,2026-01-09 00:14:36.989 +0300,2026-03-20 18:07:36.641 +0300,9,2026-03-25 03:00:00.000 +0300,100000,paid,2026-03-20 18:07:36.642 +0300,,2026-03-20 17:56:39.060 +0300,2026-03-20 18:07:36.642 +0300,
373,2026-03-01 23:09:20.334 +0300,2026-03-20 18:07:39.626 +0300,42,2026-03-25 03:00:00.000 +0300,45000,paid,2026-03-20 18:07:39.627 +0300,,2026-03-20 16:27:00.808 +0300,2026-03-20 18:07:39.627 +0300,
237,2026-01-19 20:32:59.447 +0300,2026-03-26 17:47:41.447 +0300,30,2026-03-25 03:00:00.000 +0300,95000,paid,2026-03-26 17:47:41.448 +0300,,2026-03-26 10:52:51.341 +0300,2026-03-26 17:47:41.448 +0300,
364,2026-03-01 23:09:19.192 +0300,2026-04-29 16:34:03.388 +0300,45,2026-04-10 03:00:00.000 +0300,55825,paid,2026-04-29 16:34:03.389 +0300,,2026-04-29 16:15:48.154 +0300,2026-04-29 16:34:03.389 +0300,
388,2026-03-12 16:18:44.126 +0300,2026-04-06 14:06:14.433 +0300,50,2026-04-10 03:00:00.000 +0300,69500,paid,2026-04-06 14:06:14.434 +0300,,2026-04-06 13:57:21.619 +0300,2026-04-06 14:06:14.434 +0300,
365,2026-03-01 23:09:19.192 +0300,2026-07-31 14:56:40.978 +0300,45,2026-07-25 03:00:00.000 +0300,55825,paid,2026-07-31 14:56:40.979 +0300,,2026-07-31 13:52:23.864 +0300,2026-07-31 14:56:40.979 +0300,
422,2026-03-18 21:59:52.183 +0300,2026-06-05 19:10:15.224 +0300,55,2026-05-25 03:00:00.000 +0300,91350,paid,2026-06-05 19:10:15.226 +0300,,2026-06-05 19:10:08.211 +0300,2026-06-05 19:10:15.226 +0300,
386,2026-03-05 20:42:00.919 +0300,2026-07-03 17:54:24.957 +0300,48,2026-07-01 03:00:00.000 +0300,75000,paid,2026-07-03 17:54:24.958 +0300,,2026-07-01 16:54:17.084 +0300,2026-07-03 17:54:24.958 +0300,
407,2026-03-18 13:50:48.970 +0300,2026-06-17 19:11:25.315 +0300,54,2026-06-10 03:00:00.000 +0300,62500,paid,2026-06-17 19:11:25.316 +0300,,2026-06-15 18:42:24.339 +0300,2026-06-17 19:11:25.316 +0300,
384,2026-03-05 20:42:00.919 +0300,2026-06-02 14:39:12.593 +0300,48,2026-06-01 03:00:00.000 +0300,75000,paid,2026-06-02 14:39:12.593 +0300,,2026-06-02 11:00:38.188 +0300,2026-06-02 14:39:12.593 +0300,
383,2026-03-05 20:42:00.919 +0300,2026-05-15 20:36:20.698 +0300,48,2026-05-16 03:00:00.000 +0300,75000,paid,2026-05-15 20:36:20.699 +0300,,2026-05-15 20:07:39.664 +0300,2026-05-15 20:36:20.699 +0300,
382,2026-03-05 20:42:00.919 +0300,2026-04-30 15:46:06.520 +0300,48,2026-05-01 03:00:00.000 +0300,75000,paid,2026-04-30 15:46:06.521 +0300,,2026-04-30 15:46:01.738 +0300,2026-04-30 15:46:06.521 +0300,
381,2026-03-05 20:42:00.919 +0300,2026-04-17 11:31:42.282 +0300,48,2026-04-16 03:00:00.000 +0300,75000,paid,2026-04-17 11:31:42.283 +0300,,2026-04-17 11:06:51.798 +0300,2026-04-17 11:31:42.283 +0300,
375,2026-03-01 23:09:20.334 +0300,2026-04-20 17:39:58.127 +0300,42,2026-04-25 03:00:00.000 +0300,45000,paid,2026-04-20 17:39:58.129 +0300,,2026-04-20 17:09:49.753 +0300,2026-04-20 17:39:58.129 +0300,
389,2026-03-12 16:18:44.126 +0300,2026-04-20 22:58:26.076 +0300,50,2026-04-25 03:00:00.000 +0300,69500,paid,2026-04-20 22:58:26.077 +0300,,2026-04-20 22:37:46.734 +0300,2026-04-20 22:58:26.077 +0300,
429,2026-03-24 18:10:44.776 +0300,2026-04-25 14:45:07.683 +0300,56,2026-04-25 03:00:00.000 +0300,93525,paid,2026-04-25 14:45:07.684 +0300,,2026-04-25 13:04:10.015 +0300,2026-04-25 14:45:07.684 +0300,
412,2026-03-18 13:50:51.270 +0300,2026-04-26 16:35:06.882 +0300,53,2026-04-25 03:00:00.000 +0300,70000,paid,2026-04-26 16:35:06.883 +0300,,2026-04-26 16:34:56.442 +0300,2026-04-26 16:35:06.883 +0300,
404,2026-03-18 13:50:48.970 +0300,2026-05-04 19:19:46.813 +0300,54,2026-04-25 03:00:00.000 +0300,62500,paid,2026-05-04 19:19:46.814 +0300,,2026-05-02 10:52:47.509 +0300,2026-05-04 19:19:46.814 +0300,
376,2026-03-01 23:09:20.334 +0300,2026-05-05 23:58:03.807 +0300,42,2026-05-10 03:00:00.000 +0300,45000,paid,2026-05-05 23:58:03.808 +0300,,2026-05-05 15:48:17.803 +0300,2026-05-05 23:58:03.808 +0300,
390,2026-03-12 16:18:44.126 +0300,2026-05-05 23:58:02.566 +0300,50,2026-05-10 03:00:00.000 +0300,69500,paid,2026-05-05 23:58:02.568 +0300,,2026-05-05 16:02:26.416 +0300,2026-05-05 23:58:02.568 +0300,
413,2026-03-18 13:50:51.270 +0300,2026-05-09 14:20:05.397 +0300,53,2026-05-10 03:00:00.000 +0300,70000,paid,2026-05-09 14:20:05.398 +0300,,2026-05-08 07:38:05.082 +0300,2026-05-09 14:20:05.398 +0300,
430,2026-03-24 18:10:44.776 +0300,2026-05-09 14:19:59.707 +0300,56,2026-05-10 03:00:00.000 +0300,93525,paid,2026-05-09 14:19:59.708 +0300,,2026-05-08 09:12:09.732 +0300,2026-05-09 14:19:59.708 +0300,
363,2026-02-27 15:48:48.161 +0300,2026-05-21 00:20:57.863 +0300,47,2026-05-25 03:00:00.000 +0300,70687,paid,2026-05-21 00:20:57.865 +0300,,2026-05-21 00:20:24.409 +0300,2026-05-21 00:20:57.865 +0300,
421,2026-03-18 21:59:52.183 +0300,2026-05-20 11:10:07.722 +0300,55,2026-05-10 03:00:00.000 +0300,91350,paid,2026-05-20 11:10:07.724 +0300,,2026-05-20 10:50:19.873 +0300,2026-05-20 11:10:07.724 +0300,
391,2026-03-12 16:18:44.126 +0300,2026-05-20 19:15:50.339 +0300,50,2026-05-25 03:00:00.000 +0300,69500,paid,2026-05-20 19:15:50.341 +0300,,2026-05-20 19:13:01.885 +0300,2026-05-20 19:15:50.341 +0300,
385,2026-03-05 20:42:00.919 +0300,2026-06-17 19:11:26.104 +0300,48,2026-06-16 03:00:00.000 +0300,75000,paid,2026-06-17 19:11:26.105 +0300,,2026-06-17 09:34:37.931 +0300,2026-06-17 19:11:26.105 +0300,
362,2026-02-27 15:48:48.161 +0300,2026-05-21 00:20:56.301 +0300,47,2026-05-10 03:00:00.000 +0300,70687,paid,2026-05-21 00:20:56.302 +0300,,2026-05-21 00:16:28.088 +0300,2026-05-21 00:20:56.302 +0300,
414,2026-03-18 13:50:51.270 +0300,2026-05-25 12:01:06.162 +0300,53,2026-05-25 03:00:00.000 +0300,70000,paid,2026-05-25 12:01:06.162 +0300,,2026-05-25 07:04:55.786 +0300,2026-05-25 12:01:06.162 +0300,
431,2026-03-24 18:10:44.776 +0300,2026-05-25 12:45:13.004 +0300,56,2026-05-25 03:00:00.000 +0300,93525,paid,2026-05-25 12:45:13.005 +0300,,2026-05-25 12:44:12.351 +0300,2026-05-25 12:45:13.005 +0300,
368,2026-03-01 23:09:19.192 +0300,2026-05-25 16:21:13.107 +0300,45,2026-05-25 03:00:00.000 +0300,55825,paid,2026-05-25 16:21:13.108 +0300,,2026-05-25 16:18:15.670 +0300,2026-05-25 16:21:13.108 +0300,
378,2026-03-01 23:09:20.334 +0300,2026-06-05 19:08:29.145 +0300,42,2026-06-10 03:00:00.000 +0300,45000,paid,2026-06-05 19:08:29.146 +0300,,2026-06-05 18:11:27.193 +0300,2026-06-05 19:08:29.146 +0300,
392,2026-03-12 16:18:44.126 +0300,2026-06-07 13:33:30.407 +0300,50,2026-06-10 03:00:00.000 +0300,69500,paid,2026-06-07 13:33:30.408 +0300,,2026-06-06 05:21:11.792 +0300,2026-06-07 13:33:30.408 +0300,
415,2026-03-18 13:50:51.270 +0300,2026-06-10 11:26:56.559 +0300,53,2026-06-10 03:00:00.000 +0300,70000,paid,2026-06-10 11:26:56.561 +0300,,2026-06-10 08:51:40.894 +0300,2026-06-10 11:26:56.561 +0300,
432,2026-03-24 18:10:44.776 +0300,2026-06-10 16:57:16.113 +0300,56,2026-06-10 03:00:00.000 +0300,93525,paid,2026-06-10 16:57:16.114 +0300,,2026-06-10 15:12:24.030 +0300,2026-06-10 16:57:16.114 +0300,
424,2026-03-18 21:59:52.183 +0300,2026-07-04 13:38:57.684 +0300,55,2026-06-25 03:00:00.000 +0300,91350,paid,2026-07-04 13:38:57.684 +0300,,2026-07-04 12:10:45.617 +0300,2026-07-04 13:38:57.684 +0300,
379,2026-03-01 23:09:20.334 +0300,2026-06-19 18:52:59.345 +0300,42,2026-06-25 03:00:00.000 +0300,45000,paid,2026-06-19 18:52:59.346 +0300,,2026-06-19 15:59:17.919 +0300,2026-06-19 18:52:59.346 +0300,
423,2026-03-18 21:59:52.183 +0300,2026-06-19 22:58:04.088 +0300,55,2026-06-10 03:00:00.000 +0300,91350,paid,2026-06-19 22:58:04.089 +0300,,2026-06-19 22:43:43.522 +0300,2026-06-19 22:58:04.089 +0300,
393,2026-03-12 16:18:44.126 +0300,2026-06-21 12:10:40.741 +0300,50,2026-06-25 03:00:00.000 +0300,69500,paid,2026-06-21 12:10:40.742 +0300,,2026-06-20 03:33:35.148 +0300,2026-06-21 12:10:40.742 +0300,
416,2026-03-18 13:50:51.270 +0300,2026-06-25 11:05:59.091 +0300,53,2026-06-25 03:00:00.000 +0300,70000,paid,2026-06-25 11:05:59.091 +0300,,2026-06-25 07:48:39.215 +0300,2026-06-25 11:05:59.091 +0300,
433,2026-03-24 18:10:44.776 +0300,2026-06-25 14:23:30.499 +0300,56,2026-06-25 03:00:00.000 +0300,93525,paid,2026-06-25 14:23:30.500 +0300,,2026-06-25 13:07:22.624 +0300,2026-06-25 14:23:30.500 +0300,
370,2026-03-01 23:09:19.192 +0300,2026-06-26 11:56:57.737 +0300,45,2026-06-25 03:00:00.000 +0300,55825,paid,2026-06-26 11:56:57.738 +0300,,2026-06-26 11:15:25.686 +0300,2026-06-26 11:56:57.738 +0300,
408,2026-03-18 13:50:48.970 +0300,2026-07-03 18:16:19.607 +0300,54,2026-06-25 03:00:00.000 +0300,62500,paid,2026-07-03 18:16:19.607 +0300,,2026-07-03 18:16:11.560 +0300,2026-07-03 18:16:19.607 +0300,
394,2026-03-12 16:18:44.126 +0300,2026-07-04 13:38:52.666 +0300,50,2026-07-10 03:00:00.000 +0300,69500,paid,2026-07-04 13:38:52.667 +0300,,2026-07-03 21:23:00.458 +0300,2026-07-04 13:38:52.667 +0300,
417,2026-03-18 13:50:51.270 +0300,2026-07-10 11:13:07.928 +0300,53,2026-07-10 03:00:00.000 +0300,70000,paid,2026-07-10 11:13:07.929 +0300,,2026-07-10 09:07:24.082 +0300,2026-07-10 11:13:07.929 +0300,
434,2026-03-24 18:10:44.776 +0300,2026-07-10 11:13:02.355 +0300,56,2026-07-10 03:00:00.000 +0300,93525,paid,2026-07-10 11:13:02.355 +0300,,2026-07-10 09:50:38.909 +0300,2026-07-10 11:13:02.355 +0300,
371,2026-03-01 23:09:19.192 +0300,2026-07-11 05:35:05.723 +0300,45,2026-07-10 03:00:00.000 +0300,55825,paid,2026-07-11 05:35:05.724 +0300,,2026-07-10 18:56:50.976 +0300,2026-07-11 05:35:05.724 +0300,
409,2026-03-18 13:50:48.970 +0300,2026-07-21 11:10:52.956 +0300,54,2026-07-10 03:00:00.000 +0300,62500,paid,2026-07-21 11:10:52.956 +0300,,2026-07-17 20:10:11.115 +0300,2026-07-21 11:10:52.956 +0300,
395,2026-03-12 16:18:44.126 +0300,2026-07-20 13:33:00.748 +0300,50,2026-07-25 03:00:00.000 +0300,69500,paid,2026-07-20 13:33:00.748 +0300,,2026-07-20 13:29:32.224 +0300,2026-07-20 13:33:00.748 +0300,
425,2026-03-18 21:59:52.183 +0300,2026-07-21 22:40:13.165 +0300,55,2026-07-10 03:00:00.000 +0300,91350,paid,2026-07-21 22:40:13.165 +0300,,2026-07-21 22:37:55.918 +0300,2026-07-21 22:40:13.165 +0300,
418,2026-03-18 13:50:51.270 +0300,2026-07-26 11:50:18.389 +0300,53,2026-07-25 03:00:00.000 +0300,70000,paid,2026-07-26 11:50:18.390 +0300,,2026-07-24 08:08:03.330 +0300,2026-07-26 11:50:18.390 +0300,
435,2026-03-24 18:10:44.776 +0300,2026-07-24 13:56:31.538 +0300,56,2026-07-25 03:00:00.000 +0300,93525,paid,2026-07-24 13:56:31.538 +0300,,2026-07-24 12:01:15.274 +0300,2026-07-24 13:56:31.538 +0300,
410,2026-03-18 13:50:48.970 +0300,2026-07-30 15:42:05.271 +0300,54,2026-07-25 03:00:00.000 +0300,62500,paid,2026-07-30 15:42:05.278 +0300,,2026-07-30 15:40:16.047 +0300,2026-07-30 15:42:05.278 +0300,
426,2026-03-18 21:59:52.183 +0300,2026-08-06 20:25:02.039 +0300,55,2026-07-25 03:00:00.000 +0300,91350,paid,2026-08-06 20:25:02.040 +0300,,2026-08-06 17:47:02.173 +0300,2026-08-06 20:25:02.040 +0300,
419,2026-03-18 13:50:51.270 +0300,2026-08-11 00:55:13.752 +0300,53,2026-08-10 03:00:00.000 +0300,70000,paid,2026-08-11 00:55:13.753 +0300,,2026-08-10 06:50:44.793 +0300,2026-08-11 00:55:13.753 +0300,
428,2026-03-24 18:10:44.776 +0300,2026-04-17 12:01:16.870 +0300,56,2026-04-10 03:00:00.000 +0300,93525,paid,2026-04-17 12:01:16.873 +0300,,2026-04-17 12:00:36.920 +0300,2026-04-17 12:01:16.873 +0300,
493,2026-04-20 21:05:57.894 +0300,2026-06-05 11:34:58.900 +0300,63,2026-06-10 03:00:00.000 +0300,70687,paid,2026-06-05 11:34:58.901 +0300,,2026-06-05 11:22:41.767 +0300,2026-06-05 11:34:58.901 +0300,
249,2026-01-20 12:11:04.209 +0300,2026-04-23 15:34:29.252 +0300,28,2026-04-25 03:00:00.000 +0300,54375,paid,2026-04-23 15:34:29.253 +0300,,2026-04-23 14:42:03.937 +0300,2026-04-23 15:34:29.253 +0300,
380,2026-03-05 20:42:00.919 +0300,2026-04-01 17:49:38.659 +0300,48,2026-03-25 03:00:00.000 +0300,75000,paid,2026-04-01 17:49:38.660 +0300,,2026-04-01 17:49:30.211 +0300,2026-04-01 17:49:38.660 +0300,
451,2026-04-06 13:43:32.013 +0300,2026-04-06 13:43:32.013 +0300,58,2026-08-10 03:00:00.000 +0300,70035,pending,,,,,
459,2026-04-06 13:43:33.280 +0300,2026-04-06 13:43:33.280 +0300,57,2026-08-10 03:00:00.000 +0300,65250,pending,,,,,
229,2026-01-19 20:32:54.071 +0300,2026-04-09 13:36:35.696 +0300,29,2026-03-25 03:00:00.000 +0300,75000,paid,2026-04-09 13:36:35.697 +0300,,2026-04-06 10:31:04.158 +0300,2026-04-09 13:36:35.697 +0300,
374,2026-03-01 23:09:20.334 +0300,2026-04-09 13:36:38.796 +0300,42,2026-04-10 03:00:00.000 +0300,45000,paid,2026-04-09 13:36:38.797 +0300,,2026-04-03 17:20:48.433 +0300,2026-04-09 13:36:38.797 +0300,
330,2026-02-18 14:47:46.810 +0300,2026-04-10 16:49:08.649 +0300,41,2026-04-10 03:00:00.000 +0300,57500,paid,2026-04-10 16:49:08.650 +0300,,2026-04-10 16:48:10.022 +0300,2026-04-10 16:49:08.650 +0300,
460,2026-04-15 18:39:23.629 +0300,2026-04-15 18:39:23.629 +0300,61,2026-04-10 03:00:00.000 +0300,75000,pending,,,,,
461,2026-04-15 18:39:23.629 +0300,2026-04-15 18:39:23.629 +0300,61,2026-04-25 03:00:00.000 +0300,75000,pending,,,,,
463,2026-04-15 18:39:23.629 +0300,2026-04-15 18:39:23.629 +0300,61,2026-05-25 03:00:00.000 +0300,75000,pending,,,,,
464,2026-04-15 18:39:23.629 +0300,2026-04-15 18:39:23.629 +0300,61,2026-06-10 03:00:00.000 +0300,75000,pending,,,,,
465,2026-04-15 18:39:23.629 +0300,2026-04-15 18:39:23.629 +0300,61,2026-06-25 03:00:00.000 +0300,75000,pending,,,,,
322,2026-01-30 19:41:28.774 +0300,2026-04-17 11:23:54.789 +0300,40,2026-04-10 03:00:00.000 +0300,56500,paid,2026-04-17 11:23:54.790 +0300,,2026-04-15 16:41:16.741 +0300,2026-04-17 11:23:54.790 +0300,
387,2026-03-05 20:42:00.919 +0300,2026-07-16 19:11:55.099 +0300,48,2026-07-16 03:00:00.000 +0300,75000,paid,2026-07-16 19:11:55.100 +0300,,2026-07-16 17:59:46.721 +0300,2026-07-16 19:11:55.100 +0300,
498,2026-04-20 21:05:57.894 +0300,2026-04-20 21:05:57.894 +0300,63,2026-08-25 03:00:00.000 +0300,70687,pending,,,,,
499,2026-04-20 21:05:57.894 +0300,2026-04-20 21:05:57.894 +0300,63,2026-09-10 03:00:00.000 +0300,70687,pending,,,,,
462,2026-04-15 18:39:23.629 +0300,2026-06-09 18:04:52.928 +0300,61,2026-05-10 03:00:00.000 +0300,75000,paid,2026-06-09 18:04:52.929 +0300,,2026-05-18 10:39:45.579 +0300,2026-06-09 18:04:52.929 +0300,
111,2026-01-09 00:16:46.478 +0300,2026-04-22 21:00:33.522 +0300,6,2026-02-25 03:00:00.000 +0300,62600,paid,2026-04-22 21:00:33.523 +0300,,2026-04-22 04:13:29.410 +0300,2026-04-22 21:00:33.523 +0300,
506,2026-04-23 21:32:56.896 +0300,2026-04-23 21:32:56.896 +0300,64,2026-08-25 03:00:00.000 +0300,65000,pending,,,,,
507,2026-04-23 21:32:56.896 +0300,2026-04-23 21:32:56.896 +0300,64,2026-09-10 03:00:00.000 +0300,65000,pending,,,,,
239,2026-01-19 20:32:59.447 +0300,2026-04-25 14:45:01.479 +0300,30,2026-04-25 03:00:00.000 +0300,95000,paid,2026-04-25 14:45:01.482 +0300,,2026-04-24 17:46:22.873 +0300,2026-04-25 14:45:01.482 +0300,
331,2026-02-18 14:47:46.810 +0300,2026-04-25 14:45:05.613 +0300,41,2026-04-25 03:00:00.000 +0300,57500,paid,2026-04-25 14:45:05.614 +0300,,2026-04-25 11:39:14.746 +0300,2026-04-25 14:45:05.614 +0300,
513,2026-04-28 11:45:49.443 +0300,2026-04-28 11:45:49.443 +0300,65,2026-08-10 03:00:00.000 +0300,59812,pending,,,,,
514,2026-04-28 11:45:49.443 +0300,2026-04-28 11:45:49.443 +0300,65,2026-08-25 03:00:00.000 +0300,59812,pending,,,,,
515,2026-04-28 11:45:49.443 +0300,2026-04-28 11:45:49.443 +0300,65,2026-09-10 03:00:00.000 +0300,59812,pending,,,,,
520,2026-04-28 18:44:09.806 +0300,2026-04-28 18:44:09.806 +0300,66,2026-08-10 03:00:00.000 +0300,65250,pending,,,,,
521,2026-04-28 18:44:09.806 +0300,2026-04-28 18:44:09.806 +0300,66,2026-08-25 03:00:00.000 +0300,65250,pending,,,,,
522,2026-04-28 18:44:09.806 +0300,2026-04-28 18:44:09.806 +0300,66,2026-09-10 03:00:00.000 +0300,65250,pending,,,,,
453,2026-04-06 13:43:33.280 +0300,2026-05-09 14:19:27.340 +0300,57,2026-05-10 03:00:00.000 +0300,65250,paid,2026-05-09 14:19:27.341 +0300,,2026-05-09 10:15:31.486 +0300,2026-05-09 14:19:27.341 +0300,
444,2026-04-06 13:43:32.013 +0300,2026-05-09 14:20:06.677 +0300,58,2026-04-25 03:00:00.000 +0300,70035,paid,2026-05-09 14:20:06.679 +0300,,2026-05-08 08:40:38.872 +0300,2026-05-09 14:20:06.679 +0300,
437,2026-04-06 12:28:56.384 +0300,2026-05-12 14:40:47.194 +0300,59,2026-05-10 03:00:00.000 +0300,62500,paid,2026-05-12 14:40:47.195 +0300,,2026-05-12 12:38:49.721 +0300,2026-05-12 14:40:47.195 +0300,
436,2026-04-06 12:28:56.384 +0300,2026-05-12 14:40:46.138 +0300,59,2026-04-25 03:00:00.000 +0300,62500,paid,2026-05-12 14:40:46.139 +0300,,2026-05-12 12:38:58.056 +0300,2026-05-12 14:40:46.139 +0300,
502,2026-04-23 21:32:56.896 +0300,2026-07-03 17:54:15.296 +0300,64,2026-06-25 03:00:00.000 +0300,65000,paid,2026-07-03 17:54:15.299 +0300,,2026-07-03 11:52:03.699 +0300,2026-07-03 17:54:15.299 +0300,
469,2026-04-15 18:50:31.297 +0300,2026-06-09 18:04:25.248 +0300,62,2026-05-10 03:00:00.000 +0300,77500,paid,2026-06-09 18:04:25.250 +0300,,2026-05-17 11:06:20.025 +0300,2026-06-09 18:04:25.250 +0300,
445,2026-04-06 13:43:32.013 +0300,2026-05-25 12:01:07.040 +0300,58,2026-05-10 03:00:00.000 +0300,70035,paid,2026-05-25 12:01:07.041 +0300,,2026-05-25 09:26:39.952 +0300,2026-05-25 12:01:07.041 +0300,
438,2026-04-06 12:28:56.384 +0300,2026-05-25 13:25:53.787 +0300,59,2026-05-25 03:00:00.000 +0300,62500,paid,2026-05-25 13:25:53.788 +0300,,2026-05-25 13:19:39.420 +0300,2026-05-25 13:25:53.788 +0300,
510,2026-04-28 11:45:49.443 +0300,2026-07-03 17:53:16.939 +0300,65,2026-06-25 03:00:00.000 +0300,59812,paid,2026-07-03 17:53:16.940 +0300,,2026-06-28 13:47:19.013 +0300,2026-07-03 17:53:16.940 +0300,
492,2026-04-20 21:05:57.894 +0300,2026-06-05 11:34:57.958 +0300,63,2026-05-25 03:00:00.000 +0300,70687,paid,2026-06-05 11:34:57.959 +0300,,2026-06-05 11:22:28.777 +0300,2026-06-05 11:34:57.959 +0300,
509,2026-04-28 11:45:49.443 +0300,2026-06-05 13:42:57.296 +0300,65,2026-06-10 03:00:00.000 +0300,59812,paid,2026-06-05 13:42:57.297 +0300,,2026-06-05 12:38:15.529 +0300,2026-06-05 13:42:57.297 +0300,
500,2026-04-23 21:32:56.896 +0300,2026-06-07 13:33:32.643 +0300,64,2026-05-25 03:00:00.000 +0300,65000,paid,2026-06-07 13:33:32.644 +0300,,2026-06-06 11:09:32.652 +0300,2026-06-07 13:33:32.644 +0300,
446,2026-04-06 13:43:32.013 +0300,2026-06-10 11:26:52.809 +0300,58,2026-05-25 03:00:00.000 +0300,70035,paid,2026-06-10 11:26:52.810 +0300,,2026-06-10 08:58:24.686 +0300,2026-06-10 11:26:52.810 +0300,
439,2026-04-06 12:28:56.384 +0300,2026-06-10 17:32:15.857 +0300,59,2026-06-10 03:00:00.000 +0300,62500,paid,2026-06-10 17:32:15.858 +0300,,2026-06-10 17:31:28.054 +0300,2026-06-10 17:32:15.858 +0300,
516,2026-04-28 18:44:09.806 +0300,2026-06-11 11:44:35.736 +0300,66,2026-06-10 03:00:00.000 +0300,65250,paid,2026-06-11 11:44:35.737 +0300,,2026-06-11 11:42:25.649 +0300,2026-06-11 11:44:35.737 +0300,
447,2026-04-06 13:43:32.013 +0300,2026-06-25 11:06:01.848 +0300,58,2026-06-10 03:00:00.000 +0300,70035,paid,2026-06-25 11:06:01.849 +0300,,2026-06-25 09:14:07.853 +0300,2026-06-25 11:06:01.849 +0300,
440,2026-04-06 12:28:56.384 +0300,2026-06-26 15:49:04.423 +0300,59,2026-06-25 03:00:00.000 +0300,62500,paid,2026-06-26 15:49:04.424 +0300,,2026-06-25 15:42:46.581 +0300,2026-06-26 15:49:04.424 +0300,
456,2026-04-06 13:43:33.280 +0300,2026-06-28 03:51:58.049 +0300,57,2026-06-25 03:00:00.000 +0300,65250,paid,2026-06-28 03:51:58.050 +0300,,2026-06-27 22:46:06.103 +0300,2026-06-28 03:51:58.050 +0300,
470,2026-04-15 18:50:31.297 +0300,2026-07-03 18:07:32.352 +0300,62,2026-05-25 03:00:00.000 +0300,77500,paid,2026-07-03 18:07:32.354 +0300,,2026-07-01 16:28:41.497 +0300,2026-07-03 18:07:32.354 +0300,
472,2026-04-15 18:50:31.297 +0300,2026-07-03 18:07:33.471 +0300,62,2026-06-25 03:00:00.000 +0300,77500,paid,2026-07-03 18:07:33.474 +0300,,2026-07-01 16:28:53.384 +0300,2026-07-03 18:07:33.474 +0300,
496,2026-04-20 21:05:57.894 +0300,2026-08-06 20:48:15.930 +0300,63,2026-07-25 03:00:00.000 +0300,70687,awaiting_approval,,,2026-08-06 20:48:15.931 +0300,,
494,2026-04-20 21:05:57.894 +0300,2026-07-03 17:52:02.458 +0300,63,2026-06-25 03:00:00.000 +0300,70687,paid,2026-07-03 17:52:02.459 +0300,,2026-07-03 09:38:55.377 +0300,2026-07-03 17:52:02.459 +0300,
468,2026-04-15 18:50:31.297 +0300,2026-07-03 18:07:30.990 +0300,62,2026-04-25 03:00:00.000 +0300,77500,paid,2026-07-03 18:07:30.992 +0300,,2026-07-01 16:28:39.000 +0300,2026-07-03 18:07:30.992 +0300,
495,2026-04-20 21:05:57.894 +0300,2026-07-03 17:52:01.376 +0300,63,2026-07-10 03:00:00.000 +0300,70687,paid,2026-07-03 17:52:01.378 +0300,,2026-07-03 09:39:03.472 +0300,2026-07-03 17:52:01.378 +0300,
471,2026-04-15 18:50:31.297 +0300,2026-07-08 12:58:51.226 +0300,62,2026-06-10 03:00:00.000 +0300,77500,paid,2026-07-08 12:58:51.228 +0300,,2026-07-07 15:24:49.041 +0300,2026-07-08 12:58:51.228 +0300,
448,2026-04-06 13:43:32.013 +0300,2026-07-10 11:12:56.977 +0300,58,2026-06-25 03:00:00.000 +0300,70035,paid,2026-07-10 11:12:56.978 +0300,,2026-07-10 10:07:13.719 +0300,2026-07-10 11:12:56.978 +0300,
441,2026-04-06 12:28:56.384 +0300,2026-07-11 05:35:36.928 +0300,59,2026-07-10 03:00:00.000 +0300,62500,paid,2026-07-11 05:35:36.929 +0300,,2026-07-10 12:17:29.099 +0300,2026-07-11 05:35:36.929 +0300,
511,2026-04-28 11:45:49.443 +0300,2026-07-13 11:44:37.781 +0300,65,2026-07-10 03:00:00.000 +0300,59812,paid,2026-07-13 11:44:37.782 +0300,,2026-07-11 20:14:31.239 +0300,2026-07-13 11:44:37.782 +0300,
457,2026-04-06 13:43:33.280 +0300,2026-07-13 11:44:35.002 +0300,57,2026-07-10 03:00:00.000 +0300,65250,paid,2026-07-13 11:44:35.003 +0300,,2026-07-12 18:07:41.022 +0300,2026-07-13 11:44:35.003 +0300,
466,2026-04-15 18:39:23.629 +0300,2026-07-13 11:51:26.418 +0300,61,2026-07-10 03:00:00.000 +0300,75000,paid,2026-07-13 11:51:26.418 +0300,,2026-07-13 11:46:14.189 +0300,2026-07-13 11:51:26.418 +0300,
449,2026-04-06 13:43:32.013 +0300,2026-07-26 11:49:52.514 +0300,58,2026-07-10 03:00:00.000 +0300,70035,paid,2026-07-26 11:49:52.515 +0300,,2026-07-24 08:51:41.171 +0300,2026-07-26 11:49:52.515 +0300,
442,2026-04-06 12:28:56.384 +0300,2026-07-26 11:49:46.573 +0300,59,2026-07-25 03:00:00.000 +0300,62500,paid,2026-07-26 11:49:46.574 +0300,,2026-07-24 13:24:03.920 +0300,2026-07-26 11:49:46.574 +0300,
458,2026-04-06 13:43:33.280 +0300,2026-07-27 19:29:13.865 +0300,57,2026-07-25 03:00:00.000 +0300,65250,paid,2026-07-27 19:29:13.865 +0300,,2026-07-27 19:28:38.956 +0300,2026-07-27 19:29:13.865 +0300,
519,2026-04-28 18:44:09.806 +0300,2026-07-29 10:28:28.437 +0300,66,2026-07-25 03:00:00.000 +0300,65250,paid,2026-07-29 10:28:28.438 +0300,,2026-07-29 10:19:20.810 +0300,2026-07-29 10:28:28.438 +0300,
504,2026-04-23 21:32:56.896 +0300,2026-08-05 17:48:06.064 +0300,64,2026-07-25 03:00:00.000 +0300,65000,paid,2026-08-05 17:48:06.065 +0300,,2026-08-05 17:31:42.223 +0300,2026-08-05 17:48:06.065 +0300,
475,2026-04-15 18:50:31.297 +0300,2026-08-07 11:40:35.907 +0300,62,2026-08-10 03:00:00.000 +0300,77500,paid,2026-08-07 11:40:35.908 +0300,,2026-08-07 11:33:35.156 +0300,2026-08-07 11:40:35.908 +0300,
505,2026-04-23 21:32:56.896 +0300,2026-08-11 00:55:44.311 +0300,64,2026-08-10 03:00:00.000 +0300,65000,paid,2026-08-11 00:55:44.312 +0300,,2026-08-10 12:55:35.870 +0300,2026-08-11 00:55:44.312 +0300,
474,2026-04-15 18:50:31.297 +0300,2026-08-07 11:40:35.093 +0300,62,2026-07-25 03:00:00.000 +0300,77500,paid,2026-08-07 11:40:35.094 +0300,,2026-08-07 11:33:32.916 +0300,2026-08-07 11:40:35.094 +0300,
467,2026-04-15 18:39:23.629 +0300,2026-08-11 00:55:52.559 +0300,61,2026-07-25 03:00:00.000 +0300,75000,paid,2026-08-11 00:55:52.559 +0300,,2026-08-10 20:17:33.785 +0300,2026-08-11 00:55:52.559 +0300,
450,2026-04-06 13:43:32.013 +0300,2026-08-11 00:55:16.522 +0300,58,2026-07-25 03:00:00.000 +0300,70035,paid,2026-08-11 00:55:16.523 +0300,,2026-08-10 09:07:18.610 +0300,2026-08-11 00:55:16.523 +0300,
523,2026-04-28 18:44:09.806 +0300,2026-04-28 18:44:09.806 +0300,66,2026-09-25 03:00:00.000 +0300,65250,pending,,,,,
366,2026-03-01 23:09:19.192 +0300,2026-04-29 16:34:04.550 +0300,45,2026-04-25 03:00:00.000 +0300,55825,paid,2026-04-29 16:34:04.551 +0300,,2026-04-29 16:15:51.502 +0300,2026-04-29 16:34:04.551 +0300,
524,2026-05-02 00:51:49.628 +0300,2026-05-02 00:51:49.628 +0300,67,2026-05-10 03:00:00.000 +0300,76500,pending,,,,,
526,2026-05-02 00:51:49.628 +0300,2026-05-02 00:51:49.628 +0300,67,2026-06-10 03:00:00.000 +0300,76500,pending,,,,,
527,2026-05-02 00:51:49.628 +0300,2026-05-02 00:51:49.628 +0300,67,2026-06-25 03:00:00.000 +0300,76500,pending,,,,,
528,2026-05-02 00:51:49.628 +0300,2026-05-02 00:51:49.628 +0300,67,2026-07-10 03:00:00.000 +0300,76500,pending,,,,,
529,2026-05-02 00:51:49.628 +0300,2026-05-02 00:51:49.628 +0300,67,2026-07-25 03:00:00.000 +0300,76500,pending,,,,,
530,2026-05-02 00:51:49.628 +0300,2026-05-02 00:51:49.628 +0300,67,2026-08-10 03:00:00.000 +0300,76500,pending,,,,,
531,2026-05-02 00:51:49.628 +0300,2026-05-02 00:51:49.628 +0300,67,2026-08-25 03:00:00.000 +0300,76500,pending,,,,,
538,2026-05-05 13:14:12.856 +0300,2026-05-05 13:14:12.856 +0300,68,2026-08-25 03:00:00.000 +0300,70500,pending,,,,,
539,2026-05-05 13:14:12.856 +0300,2026-05-05 13:14:12.856 +0300,68,2026-09-10 03:00:00.000 +0300,70500,pending,,,,,
420,2026-03-18 21:59:52.183 +0300,2026-05-05 23:57:59.138 +0300,55,2026-04-25 03:00:00.000 +0300,91350,paid,2026-05-05 23:57:59.139 +0300,,2026-05-05 23:24:04.429 +0300,2026-05-05 23:57:59.139 +0300,
452,2026-04-06 13:43:33.280 +0300,2026-05-09 14:19:25.948 +0300,57,2026-04-25 03:00:00.000 +0300,65250,paid,2026-05-09 14:19:25.949 +0300,,2026-05-09 10:15:22.430 +0300,2026-05-09 14:19:25.949 +0300,
367,2026-03-01 23:09:19.192 +0300,2026-05-12 14:40:43.433 +0300,45,2026-05-10 03:00:00.000 +0300,55825,paid,2026-05-12 14:40:43.435 +0300,,2026-05-12 14:40:37.166 +0300,2026-05-12 14:40:43.435 +0300,
222,2026-01-19 14:07:43.202 +0300,2026-05-13 01:07:49.591 +0300,1,2026-03-25 03:00:00.000 +0300,77500,paid,2026-05-13 01:07:49.593 +0300,,2026-05-13 00:53:11.252 +0300,2026-05-13 01:07:49.593 +0300,
324,2026-01-30 19:41:28.774 +0300,2026-05-15 16:49:58.042 +0300,40,2026-05-10 03:00:00.000 +0300,56500,paid,2026-05-15 16:49:58.044 +0300,,2026-05-15 16:35:23.274 +0300,2026-05-15 16:49:58.044 +0300,
540,2026-05-19 11:55:00.687 +0300,2026-05-19 21:41:08.277 +0300,69,2026-05-10 03:00:00.000 +0300,100000,paid,2026-05-19 21:41:08.278 +0300,,2026-05-19 21:33:23.190 +0300,2026-05-19 21:41:08.278 +0300,
508,2026-04-28 11:45:49.443 +0300,2026-05-20 16:40:49.431 +0300,65,2026-05-25 03:00:00.000 +0300,59812,paid,2026-05-20 16:40:49.432 +0300,,2026-05-20 13:45:33.059 +0300,2026-05-20 16:40:49.432 +0300,
377,2026-03-01 23:09:20.334 +0300,2026-05-20 17:55:28.641 +0300,42,2026-05-25 03:00:00.000 +0300,45000,paid,2026-05-20 17:55:28.642 +0300,,2026-05-20 17:55:25.867 +0300,2026-05-20 17:55:28.642 +0300,
405,2026-03-18 13:50:48.970 +0300,2026-05-24 00:57:33.967 +0300,54,2026-05-10 03:00:00.000 +0300,62500,paid,2026-05-24 00:57:33.968 +0300,,2026-05-23 12:11:33.100 +0300,2026-05-24 00:57:33.968 +0300,
454,2026-04-06 13:43:33.280 +0300,2026-05-27 11:49:09.432 +0300,57,2026-05-25 03:00:00.000 +0300,65250,paid,2026-05-27 11:49:09.433 +0300,,2026-05-27 11:19:24.843 +0300,2026-05-27 11:49:09.433 +0300,
340,2026-02-19 13:57:32.210 +0300,2026-05-29 14:13:52.820 +0300,43,2026-05-10 03:00:00.000 +0300,78750,paid,2026-05-29 14:13:52.821 +0300,,2026-05-29 10:26:21.825 +0300,2026-05-29 14:13:52.821 +0300,
556,2026-05-29 20:59:40.315 +0300,2026-05-29 20:59:40.315 +0300,71,2026-08-25 03:00:00.000 +0300,62765,pending,,,,,
557,2026-05-29 20:59:40.315 +0300,2026-05-29 20:59:40.315 +0300,71,2026-09-10 03:00:00.000 +0300,62765,pending,,,,,
558,2026-05-29 20:59:40.315 +0300,2026-05-29 20:59:40.315 +0300,71,2026-09-25 03:00:00.000 +0300,62765,pending,,,,,
559,2026-05-29 20:59:40.315 +0300,2026-05-29 20:59:40.315 +0300,71,2026-10-10 03:00:00.000 +0300,62765,pending,,,,,
406,2026-03-18 13:50:48.970 +0300,2026-05-29 20:59:43.133 +0300,54,2026-05-25 03:00:00.000 +0300,62500,paid,2026-05-29 20:59:43.134 +0300,,2026-05-29 16:29:24.994 +0300,2026-05-29 20:59:43.134 +0300,
525,2026-05-02 00:51:49.628 +0300,2026-05-29 20:59:44.672 +0300,67,2026-05-25 03:00:00.000 +0300,76500,paid,2026-05-29 20:59:44.673 +0300,,2026-05-29 20:21:25.998 +0300,2026-05-29 20:59:44.673 +0300,
532,2026-05-05 13:14:12.856 +0300,2026-06-02 18:38:13.724 +0300,68,2026-05-25 03:00:00.000 +0300,70500,paid,2026-06-02 18:38:13.725 +0300,,2026-06-02 18:12:28.702 +0300,2026-06-02 18:38:13.725 +0300,
563,2026-06-08 18:10:08.095 +0300,2026-06-08 18:10:08.095 +0300,72,2026-08-25 03:00:00.000 +0300,50000,pending,,,,,
533,2026-05-05 13:14:12.856 +0300,2026-06-02 18:41:52.302 +0300,68,2026-06-10 03:00:00.000 +0300,70500,paid,2026-06-02 18:41:52.303 +0300,,2026-06-02 18:41:45.830 +0300,2026-06-02 18:41:52.303 +0300,
535,2026-05-05 13:14:12.856 +0300,2026-07-05 15:00:34.794 +0300,68,2026-07-10 03:00:00.000 +0300,70500,paid,2026-07-05 15:00:34.794 +0300,,2026-07-05 11:47:31.570 +0300,2026-07-05 15:00:34.794 +0300,
545,2026-05-29 14:13:43.498 +0300,2026-07-03 17:52:13.989 +0300,70,2026-07-10 04:00:00.000 +0300,69600,paid,2026-07-03 17:52:13.990 +0300,,2026-07-03 09:18:02.471 +0300,2026-07-03 17:52:13.990 +0300,
546,2026-05-29 14:13:43.498 +0300,2026-07-20 11:08:33.028 +0300,70,2026-07-25 04:00:00.000 +0300,69600,paid,2026-07-20 11:08:33.029 +0300,,2026-07-20 11:03:09.083 +0300,2026-07-20 11:08:33.029 +0300,
547,2026-05-29 14:13:43.498 +0300,2026-08-05 11:41:35.489 +0300,70,2026-08-10 04:00:00.000 +0300,69600,paid,2026-08-05 11:41:35.490 +0300,,2026-08-05 11:30:24.198 +0300,2026-08-05 11:41:35.490 +0300,
548,2026-05-29 14:13:43.498 +0300,2026-05-29 14:13:43.498 +0300,70,2026-08-25 04:00:00.000 +0300,69600,pending,,,,,
549,2026-05-29 14:13:43.498 +0300,2026-05-29 14:13:43.498 +0300,70,2026-09-10 04:00:00.000 +0300,69600,pending,,,,,
550,2026-05-29 14:13:43.498 +0300,2026-05-29 14:13:43.498 +0300,70,2026-09-25 04:00:00.000 +0300,69600,pending,,,,,
551,2026-05-29 14:13:43.498 +0300,2026-05-29 14:13:43.498 +0300,70,2026-10-10 04:00:00.000 +0300,69600,pending,,,,,
564,2026-06-08 18:10:08.095 +0300,2026-06-08 18:10:08.095 +0300,72,2026-09-10 03:00:00.000 +0300,50000,pending,,,,,
541,2026-05-19 11:55:00.687 +0300,2026-06-08 16:47:32.072 +0300,69,2026-05-25 03:00:00.000 +0300,100000,paid,2026-06-08 16:47:32.073 +0300,,2026-06-08 16:05:19.716 +0300,2026-06-08 16:47:32.073 +0300,
537,2026-05-05 13:14:12.856 +0300,2026-08-04 18:04:15.697 +0300,68,2026-08-10 03:00:00.000 +0300,70500,paid,2026-08-04 18:04:15.698 +0300,,2026-08-04 17:25:13.261 +0300,2026-08-04 18:04:15.698 +0300,
542,2026-05-19 11:55:00.687 +0300,2026-06-08 17:59:55.565 +0300,69,2026-06-10 03:00:00.000 +0300,100000,paid,2026-06-08 17:59:55.565 +0300,,2026-06-08 17:29:50.714 +0300,2026-06-08 17:59:55.565 +0300,
565,2026-06-08 18:10:08.095 +0300,2026-06-08 18:10:08.095 +0300,72,2026-09-25 03:00:00.000 +0300,50000,pending,,,,,
566,2026-06-08 18:10:08.095 +0300,2026-06-08 18:10:08.095 +0300,72,2026-10-10 03:00:00.000 +0300,50000,pending,,,,,
567,2026-06-08 18:10:08.095 +0300,2026-06-08 18:10:08.095 +0300,72,2026-10-25 03:00:00.000 +0300,50000,pending,,,,,
534,2026-05-05 13:14:12.856 +0300,2026-07-05 15:00:33.691 +0300,68,2026-06-25 03:00:00.000 +0300,70500,paid,2026-07-05 15:00:33.692 +0300,,2026-07-05 11:47:17.126 +0300,2026-07-05 15:00:33.692 +0300,
543,2026-05-19 11:55:00.687 +0300,2026-06-08 20:30:50.368 +0300,69,2026-06-25 03:00:00.000 +0300,100000,paid,2026-06-08 20:30:50.369 +0300,,2026-06-08 20:19:45.087 +0300,2026-06-08 20:30:50.369 +0300,
501,2026-04-23 21:32:56.896 +0300,2026-06-10 11:27:16.556 +0300,64,2026-06-10 03:00:00.000 +0300,65000,paid,2026-06-10 11:27:16.556 +0300,,2026-06-10 10:35:35.114 +0300,2026-06-10 11:27:16.556 +0300,
369,2026-03-01 23:09:19.192 +0300,2026-06-10 11:46:57.801 +0300,45,2026-06-10 03:00:00.000 +0300,55825,paid,2026-06-10 11:46:57.803 +0300,,2026-06-10 11:46:12.396 +0300,2026-06-10 11:46:57.803 +0300,
455,2026-04-06 13:43:33.280 +0300,2026-06-12 20:30:21.819 +0300,57,2026-06-10 03:00:00.000 +0300,65250,paid,2026-06-12 20:30:21.820 +0300,,2026-06-12 19:41:42.290 +0300,2026-06-12 20:30:21.820 +0300,
325,2026-01-30 19:41:28.774 +0300,2026-06-15 15:05:11.346 +0300,40,2026-05-25 03:00:00.000 +0300,56500,paid,2026-06-15 15:05:11.348 +0300,,2026-06-15 14:57:54.829 +0300,2026-06-15 15:05:11.348 +0300,
335,2026-02-18 14:47:46.810 +0300,2026-06-17 19:11:02.524 +0300,41,2026-06-25 03:00:00.000 +0300,57500,paid,2026-06-17 19:11:02.526 +0300,,2026-06-17 19:09:47.430 +0300,2026-06-17 19:11:02.526 +0300,
553,2026-05-29 20:59:40.315 +0300,2026-07-10 11:12:46.850 +0300,71,2026-07-10 03:00:00.000 +0300,62765,paid,2026-07-10 11:12:46.851 +0300,,2026-07-10 10:29:33.428 +0300,2026-07-10 11:12:46.851 +0300,
560,2026-06-08 18:10:08.095 +0300,2026-07-10 11:12:21.697 +0300,72,2026-07-10 03:00:00.000 +0300,50000,paid,2026-07-10 11:12:21.698 +0300,,2026-07-10 11:12:04.711 +0300,2026-07-10 11:12:21.698 +0300,
552,2026-05-29 20:59:40.315 +0300,2026-05-29 20:59:40.315 +0300,71,2026-10-25 03:00:00.000 +0300,62765,pending,,,,,
554,2026-05-29 20:59:40.315 +0300,2026-07-26 11:49:40.270 +0300,71,2026-07-25 03:00:00.000 +0300,62765,paid,2026-07-26 11:49:40.271 +0300,,2026-07-25 12:20:48.360 +0300,2026-07-26 11:49:40.271 +0300,
544,2026-05-29 14:13:43.498 +0300,2026-06-19 15:51:47.813 +0300,70,2026-06-25 04:00:00.000 +0300,69600,paid,2026-06-19 15:51:47.814 +0300,,2026-06-19 15:50:51.629 +0300,2026-06-19 15:51:47.814 +0300,
570,2026-06-19 23:05:07.618 +0300,2026-06-19 23:05:07.618 +0300,73,2026-08-25 03:00:00.000 +0300,47000,pending,,,,,
571,2026-06-19 23:05:07.618 +0300,2026-06-19 23:05:07.618 +0300,73,2026-09-10 03:00:00.000 +0300,47000,pending,,,,,
572,2026-06-19 23:05:07.618 +0300,2026-06-19 23:05:07.618 +0300,73,2026-09-25 03:00:00.000 +0300,47000,pending,,,,,
573,2026-06-19 23:05:07.618 +0300,2026-06-19 23:05:07.618 +0300,73,2026-10-10 03:00:00.000 +0300,47000,pending,,,,,
574,2026-06-19 23:05:07.618 +0300,2026-06-19 23:05:07.618 +0300,73,2026-10-25 03:00:00.000 +0300,47000,pending,,,,,
575,2026-06-19 23:05:07.618 +0300,2026-06-19 23:05:07.618 +0300,73,2026-11-10 03:00:00.000 +0300,47000,pending,,,,,
568,2026-06-19 23:05:07.618 +0300,2026-07-26 11:48:12.046 +0300,73,2026-07-25 03:00:00.000 +0300,47000,paid,2026-07-26 11:48:12.050 +0300,,2026-07-25 17:33:46.474 +0300,2026-07-26 11:48:12.050 +0300,
561,2026-06-08 18:10:08.095 +0300,2026-07-27 17:29:24.650 +0300,72,2026-07-25 03:00:00.000 +0300,50000,paid,2026-07-27 17:29:24.650 +0300,,2026-07-27 12:29:17.039 +0300,2026-07-27 17:29:24.650 +0300,
562,2026-06-08 18:10:08.095 +0300,2026-08-11 00:55:31.147 +0300,72,2026-08-10 03:00:00.000 +0300,50000,paid,2026-08-11 00:55:31.148 +0300,,2026-08-10 12:47:22.084 +0300,2026-08-11 00:55:31.148 +0300,
536,2026-05-05 13:14:12.856 +0300,2026-08-04 18:04:14.921 +0300,68,2026-07-25 03:00:00.000 +0300,70500,paid,2026-08-04 18:04:14.922 +0300,,2026-08-04 17:24:29.731 +0300,2026-08-04 18:04:14.922 +0300,
555,2026-05-29 20:59:40.315 +0300,2026-08-11 00:55:35.454 +0300,71,2026-08-10 03:00:00.000 +0300,62765,paid,2026-08-11 00:55:35.455 +0300,,2026-08-10 14:48:50.067 +0300,2026-08-11 00:55:35.455 +0300,
569,2026-06-19 23:05:07.618 +0300,2026-08-11 00:55:18.845 +0300,73,2026-08-10 03:00:00.000 +0300,47000,paid,2026-08-11 00:55:18.846 +0300,,2026-08-10 10:48:04.314 +0300,2026-08-11 00:55:18.846 +0300,
593,2026-07-02 07:59:47.246 +0300,2026-07-02 07:59:47.246 +0300,77,2026-08-25 03:00:00.000 +0300,63000,pending,,,,,
594,2026-07-02 07:59:47.246 +0300,2026-07-02 07:59:47.246 +0300,77,2026-09-10 03:00:00.000 +0300,63000,pending,,,,,
595,2026-07-02 07:59:47.246 +0300,2026-07-02 07:59:47.246 +0300,77,2026-09-25 03:00:00.000 +0300,63000,pending,,,,,
596,2026-07-02 07:59:47.246 +0300,2026-07-02 07:59:47.246 +0300,77,2026-10-10 03:00:00.000 +0300,63000,pending,,,,,
597,2026-07-02 07:59:47.246 +0300,2026-07-02 07:59:47.246 +0300,77,2026-10-25 03:00:00.000 +0300,63000,pending,,,,,
598,2026-07-02 07:59:47.246 +0300,2026-07-02 07:59:47.246 +0300,77,2026-11-10 03:00:00.000 +0300,63000,pending,,,,,
599,2026-07-02 07:59:47.246 +0300,2026-07-02 07:59:47.246 +0300,77,2026-11-25 03:00:00.000 +0300,63000,pending,,,,,
600,2026-07-03 17:47:43.130 +0300,2026-07-03 17:47:43.130 +0300,76,2026-08-10 03:00:00.000 +0300,54375,pending,,,,,
601,2026-07-03 17:47:43.130 +0300,2026-07-03 17:47:43.130 +0300,76,2026-08-25 03:00:00.000 +0300,54375,pending,,,,,
602,2026-07-03 17:47:43.130 +0300,2026-07-03 17:47:43.130 +0300,76,2026-09-10 03:00:00.000 +0300,54375,pending,,,,,
603,2026-07-03 17:47:43.130 +0300,2026-07-03 17:47:43.130 +0300,76,2026-09-25 03:00:00.000 +0300,54375,pending,,,,,
604,2026-07-03 17:47:43.130 +0300,2026-07-03 17:47:43.130 +0300,76,2026-10-10 03:00:00.000 +0300,54375,pending,,,,,
605,2026-07-03 17:47:43.130 +0300,2026-07-03 17:47:43.130 +0300,76,2026-10-25 03:00:00.000 +0300,54375,pending,,,,,
606,2026-07-03 17:47:43.130 +0300,2026-07-03 17:47:43.130 +0300,76,2026-11-10 03:00:00.000 +0300,54375,pending,,,,,
607,2026-07-03 17:47:43.130 +0300,2026-07-03 17:47:43.130 +0300,76,2026-11-25 03:00:00.000 +0300,54375,pending,,,,,
611,2026-07-03 17:47:46.278 +0300,2026-07-03 17:47:46.278 +0300,74,2026-09-10 03:00:00.000 +0300,69600,pending,,,,,
612,2026-07-03 17:47:46.278 +0300,2026-07-03 17:47:46.278 +0300,74,2026-09-25 03:00:00.000 +0300,69600,pending,,,,,
613,2026-07-03 17:47:46.278 +0300,2026-07-03 17:47:46.278 +0300,74,2026-10-10 03:00:00.000 +0300,69600,pending,,,,,
614,2026-07-03 17:47:46.278 +0300,2026-07-03 17:47:46.278 +0300,74,2026-10-25 03:00:00.000 +0300,69600,pending,,,,,
615,2026-07-03 17:47:46.278 +0300,2026-07-03 17:47:46.278 +0300,74,2026-11-10 03:00:00.000 +0300,69600,pending,,,,,
301,2026-01-22 11:46:01.156 +0300,2026-07-03 17:52:59.941 +0300,37,2026-03-25 03:00:00.000 +0300,77647,paid,2026-07-03 17:52:59.942 +0300,,2026-07-02 12:10:33.564 +0300,2026-07-03 17:52:59.942 +0300,
517,2026-04-28 18:44:09.806 +0300,2026-07-03 17:53:10.978 +0300,66,2026-06-25 03:00:00.000 +0300,65250,paid,2026-07-03 17:53:10.979 +0300,,2026-06-29 12:06:10.971 +0300,2026-07-03 17:53:10.979 +0300,
473,2026-04-15 18:50:31.297 +0300,2026-07-08 12:58:52.338 +0300,62,2026-07-10 03:00:00.000 +0300,77500,paid,2026-07-08 12:58:52.338 +0300,,2026-07-07 15:24:58.772 +0300,2026-07-08 12:58:52.338 +0300,
624,2026-07-10 11:13:30.208 +0300,2026-07-10 11:13:30.208 +0300,79,2026-08-25 03:00:00.000 +0300,76250,pending,,,,,
625,2026-07-10 11:13:30.208 +0300,2026-07-10 11:13:30.208 +0300,79,2026-09-10 03:00:00.000 +0300,76250,pending,,,,,
626,2026-07-10 11:13:30.208 +0300,2026-07-10 11:13:30.208 +0300,79,2026-09-25 03:00:00.000 +0300,76250,pending,,,,,
627,2026-07-10 11:13:30.208 +0300,2026-07-10 11:13:30.208 +0300,79,2026-10-10 03:00:00.000 +0300,76250,pending,,,,,
628,2026-07-10 11:13:30.208 +0300,2026-07-10 11:13:30.208 +0300,79,2026-10-25 03:00:00.000 +0300,76250,pending,,,,,
629,2026-07-10 11:13:30.208 +0300,2026-07-10 11:13:30.208 +0300,79,2026-11-10 03:00:00.000 +0300,76250,pending,,,,,
630,2026-07-10 11:13:30.208 +0300,2026-07-10 11:13:30.208 +0300,79,2026-11-25 03:00:00.000 +0300,76250,pending,,,,,
631,2026-07-10 11:13:30.208 +0300,2026-07-10 11:13:30.208 +0300,79,2026-12-10 03:00:00.000 +0300,76250,pending,,,,,
503,2026-04-23 21:32:56.896 +0300,2026-07-13 11:45:20.388 +0300,64,2026-07-10 03:00:00.000 +0300,65000,paid,2026-07-13 11:45:20.388 +0300,,2026-07-12 12:17:16.510 +0300,2026-07-13 11:45:20.388 +0300,
632,2026-07-13 14:43:19.872 +0300,2026-07-13 14:43:19.872 +0300,80,2026-08-25 03:00:00.000 +0300,62500,pending,,,,,
633,2026-07-13 14:43:19.872 +0300,2026-07-13 14:43:19.872 +0300,80,2026-09-10 03:00:00.000 +0300,62500,pending,,,,,
634,2026-07-13 14:43:19.872 +0300,2026-07-13 14:43:19.872 +0300,80,2026-09-25 03:00:00.000 +0300,62500,pending,,,,,
635,2026-07-13 14:43:19.872 +0300,2026-07-13 14:43:19.872 +0300,80,2026-10-10 03:00:00.000 +0300,62500,pending,,,,,
636,2026-07-13 14:43:19.872 +0300,2026-07-13 14:43:19.872 +0300,80,2026-10-25 03:00:00.000 +0300,62500,pending,,,,,
637,2026-07-13 14:43:19.872 +0300,2026-07-13 14:43:19.872 +0300,80,2026-11-10 03:00:00.000 +0300,62500,pending,,,,,
638,2026-07-13 14:43:19.872 +0300,2026-07-13 14:43:19.872 +0300,80,2026-11-25 03:00:00.000 +0300,62500,pending,,,,,
639,2026-07-13 14:43:19.872 +0300,2026-07-13 14:43:19.872 +0300,80,2026-12-10 03:00:00.000 +0300,62500,pending,,,,,
518,2026-04-28 18:44:09.806 +0300,2026-07-14 11:49:40.216 +0300,66,2026-07-10 03:00:00.000 +0300,65250,paid,2026-07-14 11:49:40.217 +0300,,2026-07-14 11:37:40.429 +0300,2026-07-14 11:49:40.217 +0300,
616,2026-07-08 17:24:25.104 +0300,2026-07-14 15:19:41.440 +0300,78,2026-08-25 03:00:00.000 +0300,67500,canceled,,,,,
617,2026-07-08 17:24:25.104 +0300,2026-07-14 15:19:41.440 +0300,78,2026-09-10 03:00:00.000 +0300,67500,canceled,,,,,
618,2026-07-08 17:24:25.104 +0300,2026-07-14 15:19:41.440 +0300,78,2026-09-25 03:00:00.000 +0300,67500,canceled,,,,,
619,2026-07-08 17:24:25.104 +0300,2026-07-14 15:19:41.440 +0300,78,2026-10-10 03:00:00.000 +0300,67500,canceled,,,,,
620,2026-07-08 17:24:25.104 +0300,2026-07-14 15:19:41.440 +0300,78,2026-10-25 03:00:00.000 +0300,67500,canceled,,,,,
621,2026-07-08 17:24:25.104 +0300,2026-07-14 15:19:41.440 +0300,78,2026-11-10 03:00:00.000 +0300,67500,canceled,,,,,
622,2026-07-08 17:24:25.104 +0300,2026-07-14 15:19:41.440 +0300,78,2026-11-25 03:00:00.000 +0300,67500,canceled,,,,,
623,2026-07-08 17:24:25.104 +0300,2026-07-14 15:19:41.440 +0300,78,2026-12-10 03:00:00.000 +0300,67500,canceled,,,,,
342,2026-02-19 13:57:32.210 +0300,2026-07-15 12:00:47.843 +0300,43,2026-06-10 03:00:00.000 +0300,78750,paid,2026-07-15 12:00:47.844 +0300,,2026-07-15 11:58:53.931 +0300,2026-07-15 12:00:47.844 +0300,
640,2026-07-16 19:11:54.034 +0300,2026-07-16 19:11:54.034 +0300,81,2026-08-25 03:00:00.000 +0300,60000,pending,,,,,
641,2026-07-16 19:11:54.034 +0300,2026-07-16 19:11:54.034 +0300,81,2026-09-10 03:00:00.000 +0300,60000,pending,,,,,
642,2026-07-16 19:11:54.034 +0300,2026-07-16 19:11:54.034 +0300,81,2026-09-25 03:00:00.000 +0300,60000,pending,,,,,
643,2026-07-16 19:11:54.034 +0300,2026-07-16 19:11:54.034 +0300,81,2026-10-10 03:00:00.000 +0300,60000,pending,,,,,
644,2026-07-16 19:11:54.034 +0300,2026-07-16 19:11:54.034 +0300,81,2026-10-25 03:00:00.000 +0300,60000,pending,,,,,
645,2026-07-16 19:11:54.034 +0300,2026-07-16 19:11:54.034 +0300,81,2026-11-10 03:00:00.000 +0300,60000,pending,,,,,
646,2026-07-16 19:11:54.034 +0300,2026-07-16 19:11:54.034 +0300,81,2026-11-25 03:00:00.000 +0300,60000,pending,,,,,
647,2026-07-16 19:11:54.034 +0300,2026-07-16 19:11:54.034 +0300,81,2026-12-10 03:00:00.000 +0300,60000,pending,,,,,
282,2026-01-20 21:33:39.405 +0300,2026-07-17 18:34:06.388 +0300,36,2025-12-10 03:00:00.000 +0300,78750,paid,2026-07-17 18:34:06.390 +0300,,2026-07-17 18:22:32.261 +0300,2026-07-17 18:34:06.390 +0300,
610,2026-07-03 17:47:46.278 +0300,2026-08-02 14:22:07.236 +0300,74,2026-08-25 03:00:00.000 +0300,69600,paid,2026-08-02 14:22:07.237 +0300,,2026-08-02 14:12:40.307 +0300,2026-08-02 14:22:07.237 +0300,
608,2026-07-03 17:47:46.278 +0300,2026-07-21 10:58:58.330 +0300,74,2026-07-25 03:00:00.000 +0300,69600,paid,2026-07-21 10:58:58.332 +0300,,2026-07-21 09:06:55.277 +0300,2026-07-21 10:58:58.332 +0300,
512,2026-04-28 11:45:49.443 +0300,2026-07-26 11:48:11.751 +0300,65,2026-07-25 03:00:00.000 +0300,59812,paid,2026-07-26 11:48:11.753 +0300,,2026-07-25 20:55:59.788 +0300,2026-07-26 11:48:11.753 +0300,
592,2026-07-02 07:59:47.246 +0300,2026-08-05 17:02:46.560 +0300,77,2026-08-10 03:00:00.000 +0300,63000,paid,2026-08-05 17:02:46.561 +0300,,2026-08-05 16:54:57.133 +0300,2026-08-05 17:02:46.561 +0300,
497,2026-04-20 21:05:57.894 +0300,2026-08-06 20:48:58.232 +0300,63,2026-08-10 03:00:00.000 +0300,70687,awaiting_approval,,,2026-08-06 20:48:58.233 +0300,,
609,2026-07-03 17:47:46.278 +0300,2026-08-02 14:22:06.334 +0300,74,2026-08-10 03:00:00.000 +0300,69600,paid,2026-08-02 14:22:06.335 +0300,,2026-08-02 14:06:04.067 +0300,2026-08-02 14:22:06.335 +0300,
648,2026-08-03 16:40:52.807 +0300,2026-08-03 16:40:52.807 +0300,82,2026-08-25 03:00:00.000 +0300,37500,pending,,,,,
649,2026-08-03 16:40:52.807 +0300,2026-08-03 16:40:52.807 +0300,82,2026-09-10 03:00:00.000 +0300,37500,pending,,,,,
650,2026-08-03 16:40:52.807 +0300,2026-08-03 16:40:52.807 +0300,82,2026-09-25 03:00:00.000 +0300,37500,pending,,,,,
651,2026-08-03 16:40:52.807 +0300,2026-08-03 16:40:52.807 +0300,82,2026-10-10 03:00:00.000 +0300,37500,pending,,,,,
652,2026-08-03 16:40:52.807 +0300,2026-08-03 16:40:52.807 +0300,82,2026-10-25 03:00:00.000 +0300,37500,pending,,,,,
653,2026-08-03 16:40:52.807 +0300,2026-08-03 16:40:52.807 +0300,82,2026-11-10 03:00:00.000 +0300,37500,pending,,,,,
654,2026-08-03 16:40:52.807 +0300,2026-08-03 16:40:52.807 +0300,82,2026-11-25 03:00:00.000 +0300,37500,pending,,,,,
655,2026-08-03 16:40:52.807 +0300,2026-08-03 16:40:52.807 +0300,82,2026-12-10 03:00:00.000 +0300,37500,pending,,,,,
443,2026-04-06 12:28:56.384 +0300,2026-08-11 00:55:49.551 +0300,59,2026-08-10 03:00:00.000 +0300,62500,paid,2026-08-11 00:55:49.552 +0300,,2026-08-10 16:03:23.604 +0300,2026-08-11 00:55:49.552 +0300,
