№,Тема,Вопрос,Ответ,Компании,Встречается
132,Алгоритмы и структуры данных,Что такое алгоритмическая сложность? Как ее определять?,"Это оценка зависимости количества операций или памяти от размера входных данных. Обозначается нотацией Big O (например, O(n), O(log n)). Определяется анализом циклов (вложенность дает степень), рекурсии (дерево вызовов) и операций внутри кода.",,Часто
133,Алгоритмы и структуры данных,Что такое стек?,"Структура данных LIFO (Last In First Out — последним пришел, первым ушел). Основные операции: push (добавить), pop (удалить верхний). Используется для хранения вызовов функций, отмены действий, обхода деревьев.",,Редко
134,Алгоритмы и структуры данных,Что такое очередь?,"Структура данных FIFO (First In First Out — первым пришел, первым ушел). Основные операции: enqueue (в конец), dequeue (из начала). Используется для очередей задач, буферизации потока данных, BFS обхода.",,Редко
135,Алгоритмы и структуры данных,Что такое дек?,"Двусторонняя очередь (Double Ended Queue). Позволяет добавлять и удалять элементы с обоих концов за O(1). Универсальнее стека и очереди, реализуется в Python как collections.deque.",,Редко
136,Алгоритмы и структуры данных,Что такое куча?,"Деревообразная структура (обычно бинарная), удовлетворяющая свойству кучи: родитель либо больше (max-heap), либо меньше (min-heap) своих детей. Используется для реализации приоритетных очередей и алгоритма Heap Sort.",,Редко
137,Алгоритмы и структуры данных,Что такое граф?,"Набор вершин (nodes) и ребер (edges), соединяющих их. Бывают ориентированные/неориентированные, взвешенные/невзвешенные. Моделирует сети, зависимости, карты путей.",,Редко
138,Алгоритмы и структуры данных,Что такое дерево?,"Иерархическая структура данных, представляющая собой связный ациклический граф. Есть корень, узлы и листья. Используется в файловых системах, DOM, базах данных (B-деревья).",,Редко
139,Алгоритмы и структуры данных,Что такое бинарное дерево?,"Дерево, где у каждой вершины не более двух потомков (левый и правый). Если соблюдается порядок (левый < корень < правый), это бинарное дерево поиска (BST).",,Редко
140,Алгоритмы и структуры данных,Что такое односвязный список?,"Линейная структура, где каждый элемент хранит данные и ссылку на следующий элемент. Доступ только последовательный, вставка/удаление в начале эффективны (O(1)), доступ по индексу медленный (O(n)).",,Редко
141,Алгоритмы и структуры данных,Что такое двусвязный список?,"Как односвязный, но каждый элемент хранит ссылку и на следующий, и на предыдущий узел. Позволяет эффективно ходить в обе стороны и удалять текущий узел без доступа к голове.",,Редко
142,Алгоритмы и структуры данных,Какие ты знаешь алгоритмы сортировки? Какая у них сложность?,"Простые: Пузырьковая, Выбором, Вставками (O(n^2)). Эффективные: Быстрая (Quick Sort), Слиянием (Merge Sort), Пирамидальная (Heap Sort) — в среднем O(n log n). В Python используется Timsort (гибрид merge и insertion), стабильный O(n log n).",,Редко
143,Алгоритмы и структуры данных,Расскажи для чего нужен алгоритм бинарного поиска?,"Для быстрого поиска элемента в отсортированном массиве. На каждом шаге отбрасывает половину оставшихся элементов. Сложность O(log n), что гораздо быстрее линейного поиска O(n) на больших данных.",,Редко
144,Алгоритмы и структуры данных,Расскажи какие ты знаешь способы обхода графа?,"DFS (Depth First Search) — поиск в глубину, использует стек или рекурсию. BFS (Breadth First Search) — поиск в ширину, использует очередь, находит кратчайший путь в невзвешенном графе. Также есть алгоритм Дейкстры для взвешенных графов.",,Иногда
115,Архитектура ПО,В чём плюсы и минусы монолитного подхода? В каких ситуациях его использовать?,"Плюсы:
* Простота разработки: Вся функциональность находится в одном кодовом базе, что облегчает разработку.
* Единый деплоймент: Для развертывания требуется лишь один образ приложения, что упрощает процесс деплоя.
* Высокая производительность: Внутренние вызовы методов происходят быстрее, так как не требуют сетевого взаимодействия.
* Упрощённое управление: Администрирование и мониторинг системы осуществляются централизованно.
* Меньше накладные расходы на обслуживание
* Легкое управление транзакциями и поддержка целостности данных, т.к. у проекта обычно одна БД.

Минусы:
* Ограниченная масштабируемость: Трудно масштабировать отдельные компоненты приложения; масштабируется вся система целиком.
* Сложность поддержки: По мере роста кодовой базы поддержка и обновление приложения становятся всё более трудоёмкими.
* Риски при обновлении: Изменения в одной части приложения требуют повторного деплоймента всего приложения, что увеличивает риск сбоев.
* Монотонность технологического стека: Трудно внедрять новые технологии или языки программирования в отдельных частях приложения.

Хорошо подходит для мелких приложений, приложений, где все функции взаимодействуют с единой сильно связанной моделью данных, ситуаций, когда нужно быстро написать MVP, когда мало денег на инфраструктуру, и приложений с маленьким временем задержки.
","Билайн, Литрес, Аэроклуб",Часто
116,Архитектура ПО,В чём плюсы и минусы микросервисного подхода? В каких ситуациях его использовать?,"Плюсы:
* Масштабируемость: Каждый сервис можно масштабировать независимо в соответствии с его нагрузкой.
* Гибкость в выборе технологий: Разные сервисы могут быть написаны на разных языках и использовать разные технологии, оптимальные для их задач.
* Гибкость в разработке: Разные команды могут одновременно разрабатывать разные сервисы и им проще будет погружать новых сотрудников в проект, т.к. код микросервиса легче понять, чем код монолита, т.к. он разделен на четкие задачи
* Улучшенная отказоустойчивость и повышенная доступность: Сбой одного сервиса не приводит к падению всей системы, что повышает общую надежность.
* Независимый деплоймент: Обновление одного сервиса не требует перезапуска всей системы, что ускоряет процесс внедрения изменений.

Минусы:
* Сложность разработки и синхронизации: Разработка распределенной системы требует учета множества факторов, таких как сетевые взаимодействия, согласованность данных и т.д.
* Затраты на инфраструктуру: Требуется более сложная инфраструктура для оркестрации сервисов, управления конфигурациями и мониторинга.
* Повышенное время задержки: Взаимодействие между сервисами происходит по сети, что может привести к задержкам и требует оптимизации.
* Сложность тестирования: Тестирование распределенных систем сложнее из-за необходимости учитывать взаимодействия между сервисами.

Подходит для всего остального после ситуаций, когда лучше подходит монолит","Билайн, Литрес",Часто
117,Архитектура ПО,Что такое монолитное приложение?,"Монолитное приложение — это программное обеспечение, в котором все компоненты и функциональные модули объединены в единую, неделимую кодовую базу. В такой архитектуре все части приложения тесно связаны и работают как одно целое.",Билайн,Часто
118,Архитектура ПО,Что такое микросервис?,"Микросервис — это небольшое, независимое приложение, которое выполняет одну конкретную функцию в составе более крупной системы. Каждое такое приложение представляет собой отдельный сервис со своим кодом, базой данных и часто своим стеком технологий. Микросервисы взаимодействуют друг с другом через стандартизированные интерфейсы, например, REST API.",,Часто
240,Архитектура ПО,Что такое Saga?,"Saga — это архитектурный шаблон, используемый для управления распределёнными транзакциями в микросервисных архитектурах. Он помогает координировать набор операций, которые должны выполняться последовательно, чтобы обеспечить согласованность данных в случае отказов или ошибок. (реализуется через сообщения в брокере)

Saga делится на два типа:
Оркестрированная Saga — когда центральный оркестратор управляет всеми шагами транзакции, отправляя команды каждому из сервисов и получая их отклик.
Хореографированная Saga — когда сервисы взаимодействуют напрямую друг с другом через события. В случае успеха или ошибки каждый сервис сам решает, как реагировать на полученное событие и как выполнять свои операции.

Отличия от 2pc (two-phase-commit):
* Механизм согласования и управления:
 - Saga работает по принципу последовательных действий и компенсаций. Каждый шаг (операция) в транзакции выполняется независимо, а в случае ошибки или сбоя предыдущие шаги компенсируются откатами.
 - 2PC использует жёсткий централизованный подход для согласования всех участников. Координатор транзакции сначала собирает от всех участников подтверждение готовности (1-я фаза), а затем завершает транзакцию (2-я фаза) только если все участники согласны. Если кто-то не готов, происходит общий откат.
* Терпимость к сбоям:
 - Saga лучше адаптирована для отказоустойчивых и распределённых систем. В случае сбоя отдельного шага происходит компенсация, а остальные участники продолжают работать. Это делает её более гибкой для микросервисных архитектур.
 - 2PC неустойчива к сбоям, так как центральный координатор представляет собой ""точку отказа"" (Single Point of Failure). Если координатор выходит из строя или один из участников отказывает, вся транзакция остаётся ""подвешенной"".
* Масштабируемость:
 - Saga хорошо масштабируется в микросервисной архитектуре, так как не требует блокировок ресурсов. Каждый сервис работает независимо и обрабатывает шаги асинхронно.
 - 2PC плохо масштабируется в крупных распределённых системах из-за необходимости согласования и блокировки ресурсов для всех участников, что замедляет выполнение.
* Использование и применимость:
 - Saga используется для долгоживущих, распределённых транзакций, которые могут быть откатаны через компенсационные действия (например, бронирование авиабилетов, где шаги могут отменяться).
 - 2PC подходит для случаев, когда нужна строгая согласованность и транзакции завершаются в течение короткого времени (например, банковские переводы внутри одной системы), но менее практична для распределённых микросервисных архитектур.
Итог: Saga обеспечивает асинхронную, менее жёсткую согласованность с компенсационными действиями, а 2PC — строгую синхронную согласованность, жертвуя гибкостью и масштабируемостью.

https://ibb.co/FWBDcxZ
",,Иногда
241,Архитектура ПО,Что такое API Gateway и Reverse Proxy?,"API Gateway/Reverse Proxy — это компонент, который действует как единая точка входа для всех клиентских запросов к микросервисной архитектуре. Он выполняет множество функций, упрощая взаимодействие между клиентами и набором микросервисов, обеспечивая их безопасность, маршрутизацию и согласованность.

Основные задачи API Gateway включают:
* Аутентификация и авторизация: API Gateway может проверять подлинность клиента и его права доступа перед тем, как разрешить запрос, что упрощает управление безопасностью в распределённой системе.
* Агрегация и трансформация данных: API Gateway может объединять данные от разных микросервисов в один ответ, что снижает количество запросов, необходимых клиенту, и повышает производительность.
* Мониторинг и логирование: API Gateway собирает информацию о запросах, ошибках и трафике, что помогает в мониторинге и улучшении системы.

Основные задачи Reverse Proxy включают:
* Маршрутизация запросов: Получает запрос от клиента и перенаправляет его к нужному микросервису. Это позволяет скрывать внутреннюю структуру сервисов и делать их архитектуру более гибкой.
* Балансировка нагрузки: между репликами сервисов через Ingress Nginx в k8s
* Кэширование: Может кэшировать часто запрашиваемые данные, что снижает нагрузку на микросервисы и улучшает время отклика.",,Иногда
242,Архитектура ПО,Какие паттерны микросервисной архитектуры ты знаешь?,"Saga, Api Gateway, Reverse proxy, Сircuit Breaker, Health Check, Шина данных и др. ( https://cloud.vk.com/blog/26-osnovnyh-patternov-mikroservisnoj-razrabotki/ )",,Иногда
243,Архитектура ПО,Что такое circuit breaker?,"Circuit Breaker (переключатель цепи) — это паттерн, используемый для повышения устойчивости распределённых систем и предотвращения цепных отказов. Он помогает контролировать и изолировать неисправные компоненты или сервисы, чтобы сбой в одном из них не привёл к сбоям в других частях системы. Работает аналогично “Выбитым пробкам” дома.

Как работает Circuit Breaker:
Circuit Breaker можно представить как переключатель с тремя основными состояниями:
* Closed (Замкнут): В нормальном состоянии Circuit Breaker пропускает запросы. Если возникают ошибки (например, сервис не отвечает), он начинает фиксировать их количество.
* Open (Открыт): Если количество ошибок превышает определённый порог за заданный период, Circuit Breaker ""размыкается"", блокируя дальнейшие запросы к этому сервису на некоторое время. В это время запросы сразу отклоняются или перенаправляются на резервный ресурс, не достигая неисправного сервиса.
* Half-Open (Полуоткрыт): После тайм-аута Circuit Breaker переходит в режим ""полуоткрытого"" состояния и отправляет несколько тестовых запросов к сервису. Если тестовые запросы успешны, он возвращается в ""замкнутое"" состояние, и сервис считается восстановленным. Если тестовые запросы продолжают завершаться с ошибками, Circuit Breaker снова переходит в ""открытое"" состояние.

Применение:
Circuit Breaker защищает систему от чрезмерной нагрузки на неисправные или медленно работающие сервисы.
Помогает избежать истощения ресурсов и деградации системы, повышая её отказоустойчивость.
Используется в микросервисных архитектурах, когда один сервис зависит от других, чтобы предотвратить лавинообразный сбой.

Пример:
Представьте, что у вас есть сервис, обращающийся к базе данных, которая внезапно начинает тормозить. Если запросы продолжают посылаться, это может привести к истощению ресурсов и сбою других сервисов. Circuit Breaker размыкает цепь, предотвращая запросы к базе данных, пока она не восстановится, и защищает остальную систему от сбоев. Также Circuit Breaker может использоваться для прекращения обращения к внешним системам.
",,Редко
244,Архитектура ПО,Что такое DDD?,"DDD (Domain-Driven Design) — это подход к разработке программного обеспечения, который фокусируется на модели предметной области (domain), то есть на бизнес-логике и правилах, которые она описывает. Основная идея DDD состоит в том, чтобы создать чёткую и согласованную модель предметной области, которая отражает реальные потребности бизнеса и облегчает понимание системы для всех участников: разработчиков, аналитиков и представителей бизнеса.

Основные концепции DDD:
* Domain (Предметная область): Основная сфера деятельности бизнеса, то, что разрабатывается и совершенствуется. Это может быть, например, банковская система или система бронирования авиабилетов.
* Ubiquitous Language (Общий язык): В DDD особое внимание уделяется созданию общего языка, которым пользуются и технические, и бизнес-специалисты. Этот язык помогает всем участникам проекта лучше понимать предметную область и избегать недопониманий.
* Bounded Context (Ограниченный контекст): Комплексный бизнес обычно состоит из множества частей (контекстов), которые могут иметь собственные правила и термины. Bounded Context обозначает границы, в которых конкретные термины и правила применяются. Разделение на контексты помогает разрабатывать разные части системы независимо друг от друга.(например, в интернет магазине есть контексты каталога продуктов, платежей, учёта товаров на складе, базы сотрудников)
* Entities и Value Objects: Entities — это объекты с уникальными идентификаторами, которые изменяются со временем (например, заказ клиента). Value Objects — это объекты без уникальных идентификаторов, которые определяются только своими атрибутами (например, адрес или валюта).
* Aggregates (Агрегаты): Агрегаты — шаблон для работы с группой связанных объектов сущностей из конкретной предметной области, которые считаются одной единицей для обработки данных и бизнес-логики. Например, при оформлении заказа агрегатор генерирует объекты сущностей оплата заказа, доставка заказа, позиция заказа.
* Repositories и Services: Repositories обеспечивают доступ к данным агрегатов, а Services содержат логику, которая не относится к конкретным сущностям, но важна для предметной области.

Зачем использовать DDD:
* DDD помогает проектировать сложные системы с учётом бизнес-требований, обеспечивая ясность и структурированность.
* Оно способствует разделению ответственности в коде и позволяет создавать систему, которая легко адаптируется к изменениям в бизнес-логике.
* Использование DDD улучшает взаимодействие между разработчиками и бизнес-экспертами, поскольку общая модель предметной области и язык упрощают коммуникацию.
",,Иногда
245,Архитектура ПО,Что такое MVC?,"MVC (Model-View-Controller)

Компоненты:
* Model (Модель): Управляет данными и бизнес-логикой приложения.
* View (Представление): Отвечает за отображение данных пользователю.
* Controller (Контроллер): Обрабатывает ввод пользователя, взаимодействует с моделью и определяет, какое представление отобразить.

Особенности:
* View и Model не взаимодействуют напрямую.
* Controller служит посредником между View и Model.
* Часто используется в веб-разработке (например, Django, Ruby on Rails).

Схема взаимодействия:
[User] → [Controller] → [Model]
                      ↘
                       [View]

Пример потока данных:
1. Пользователь отправляет запрос.
2. Controller обрабатывает запрос, взаимодействует с Model для получения данных.
3. Controller передает данные в View.
4. View отображает данные пользователю.",,Иногда
246,Архитектура ПО,Расскажи про Serverless-архитектуру?,"Serverless-архитектура — это облачная модель, при которой разработчики запускают свои приложения или функции, не управляя серверами напрямую. В serverless-подходе облачный провайдер автоматически управляет инфраструктурой, масштабированием и распределением ресурсов, позволяя разработчикам сосредоточиться на бизнес-логике, а не на серверной инфраструктуре.

Основные принципы Serverless-архитектуры:
* Функции как сервис (FaaS, Function as a Service):
 - Код приложения разбивается на отдельные функции, которые выполняют конкретные задачи. Эти функции запускаются только тогда, когда это необходимо (например, в ответ на событие), и работают короткое время, чтобы выполнить определённую операцию.
 - Пример: AWS Lambda, Google Cloud Functions, Azure Functions.
* Событийно-ориентированная модель:
 - Serverless-архитектура построена вокруг событий. Функции вызываются в ответ на различные триггеры, такие как HTTP-запросы, изменения в базе данных, загрузка файлов и т.д.
 - Это позволяет создать системы, которые работают асинхронно и реагируют на определённые действия или изменения состояния.
* Автоматическое масштабирование:
 - Облачный провайдер автоматически масштабирует функции в зависимости от нагрузки. Если возникает всплеск запросов, провайдер динамически запускает больше экземпляров функции; если запросов мало, количество экземпляров уменьшается до минимума.
* Оплата за фактическое использование:
 - В отличие от традиционных серверных подходов, где вы платите за серверы независимо от их загрузки, в serverless платите только за фактическое время выполнения функций и количество запросов. Это делает serverless особенно экономичным для приложений с переменной или непредсказуемой нагрузкой.

Преимущества Serverless-архитектуры:
* Снижение операционной нагрузки: не нужно беспокоиться об инфраструктуре.
* Быстрое развертывание и разработка: функции можно разрабатывать, развертывать и обновлять по отдельности и на разных языках, что упрощает разработку и внедрение изменений. Но стек технологий ограничен провайдером.
* Экономия средств: оплата за фактическое использование позволяет минимизировать расходы при нерегулярной нагрузке.
* Масштабируемость и устойчивость: автоматическое масштабирование и управление ресурсами позволяют выдерживать переменную нагрузку и обеспечивают отказоустойчивость.

Ограничения Serverless-архитектуры:
* Холодный старт: при первом запуске функции после простоя может наблюдаться задержка (холодный старт), что может не подойти для приложений с жёсткими требованиями к задержке.
* Ограничение по времени выполнения: многие FaaS-платформы накладывают лимиты на максимальное время выполнения функций, что может быть ограничением для длительных операций.
* Ограниченные возможности отладки и мониторинга: сложнее отлаживать распределённые функции и управлять логами.
* Сравнение с монолитом и микросервисами:
* Сложность разработки и управления близка к микросервисам, что сложнее, чем монолит.

Таким образом, Serverless можно использовать там, где приходится не слишком часто, но интенсивно обрабатывать большое количество запросов. В этом случае запускать несколько функций на 15 минут выгоднее, чем все время держать виртуальную машину или сервер.
",,Редко
247,Архитектура ПО,Что такое lambda-функция?,"Lambda-функция — это кусок кода, который выполняется без необходимости управлять серверной инфраструктурой. Он запускается в ответ на события (например, HTTP-запросы, изменения в базе данных, загрузка файлов) и выполняет конкретную задачу, после чего автоматически завершается.",,Редко
248,Архитектура ПО,Что такое lambda-computing?,"Lambda-computing — это концепция вычислений, основанная на модели serverless, при которой код выполняется в ответ на события, а инфраструктура автоматически управляется и масштабируется облачным провайдером. Lambda-computing позволяет запускать функции (небольшие фрагменты кода) без необходимости вручную настраивать или поддерживать серверы, что даёт разработчикам гибкость и экономичность.",,Редко
249,Архитектура ПО,Какие паттерны отказоустойчивости ты знаешь?,"* Retry - повтор запросов с определённым интервалом и определённое кол-во раз
* Идемпотентность -  добавление специального ключа, благодаря которому при ретраях не дублируются действия
* Deadline propagation - Идея паттерна в том, что клиент в запросе к серверу передаёт значение тайм-аута. Сервер в процессе обработки запроса регулярно проверяет: не истёк ли тайм-аут на клиенте. Если истёк, то можно завершать обработку запроса ошибкой.
* Burst limit - ограничение по кол-ву одновременно выполняемых запросов по фикс. кол-ву - не очень, потому что обрезается всё чуть больше заданного rps, хотя сервер мог бы обработать заданный rps + epsilon. Например, не более 100 запросов в секунду.
* Rate limit - Burst limit по стратегии - допускается превышение rps на небольшое число от заданного при условии последующего снижения их кол-ва. Например, не более 1000 запросов в 10 секунд. Хорошо сочетается с Burst limit по фикс. кол-ву, когда rps значительно превышает заданный. Например Rate limit на 1000 запросов в 10 секунд, но Burst limit на 200 запросов в секунду.
* Сircuit breaker
* Dummy - подушка безопасности. Упрощённая копия сервиса, без сложной логики и с минимумом зависимостей. 
",,Часто
251,Архитектура ПО,Расскажи про идемпотентность? Что такое ключи идемпотентности? Что такое хранилище ключей идемпотентности?,"Идемпотентность — это свойство операции, при котором её повторное выполнение с теми же входными данными не меняет результат. Она особенно важна в системах с сетевой задержкой, где одно и то же действие (например, запрос на создание или обновление ресурса) может быть выполнено несколько раз.

Ключи идемпотентности — это уникальные идентификаторы, которые используются для отслеживания выполнения операций. Например, при выполнении транзакции мы можем назначить ей уникальный идентификатор (ключ идемпотентности), и если запрос с этим идентификатором уже обрабатывался, то система не будет повторно выполнять операцию, чтобы избежать дублирования.

Хранилище ключей идемпотентности — БД, которая сохраняет информацию о ключах идемпотентности и их статусах. Обычно оно реализуется в базе данных, которая позволяет быстро проверять, была ли операция с данным ключом уже выполнена, и возвращать результат или игнорировать запрос, если он является повторным.(Redis)
",,Средне
283,Архитектура ПО,Как микросервисы могут между собой общаться?,"HTTP/REST, gRPC, SOAP, GraphQL, брокеры, БД и кэш, сокеты",VK,Часто
284,Архитектура ПО,"Как понять, когда лучше выстраивать коммуникацию через брокер сообщений, а когда через REST?","REST:
* Синхронное взаимодействие
* Слабонагруженные системы
* Когда клиент ждет немедленный ответ от сервера
* Когда операция достаточно быстро выполняется (до 10 с)
* Когда операция должна быть завершена до продолжения работы пользователя или системы
* Взаимодействие тесно связано с пользовательским интерфейсом (веб-приложения)
* Высокая зависимость от доступности вызываемого сервиса. Если сервис недоступен, запрос может завершиться неудачей.
* CRUD операции
* утентификация и авторизация (легче внедрить через HTTP, но можно и через брокер)

Брокер:
* Асинхронное взаимодействие
* Высоконагруженные системы
* Когда клиент отправляет сообщение в очередь и не ждет мгновенного ответа
* Когда операция требует много времени для выполнения (от 10 с)
* Обработка событий (Event-Driven Architecture)
* Осуществление сложной бизнес-логики, в которой задействовано несколько компонентов информационной системы. В основном это касается микросервисов. Часто нужно выполнять изменения, которые должны происходить в нужной последовательности. Брокер поможет этому процессу. Получив сообщения в первом сервисе, выполняются необходимые изменения, и закидывается следующая задача для второго сервиса.

Лучше всего комбинировать оба метода.
",VK,Часто
285,Архитектура ПО,Через GET запрос можно передавать данные на сервер? Какая проблема будет?,"Данные передавать можно, но т.к. у GET запроса нет тела, данные будут передаваться в URL, что может быть небезопасно и неконфиденциально. Также в URL проблематично передавать более сложные объекты, чем ключ-значение. ","VK, Синимекс",Средне
307,Архитектура ПО,Что такое модульный монолит?,"Модульный монолит — это архитектурный подход, при котором приложение по-прежнему развёртывается и функционирует как единое целое (монолит), но при этом внутри него чётко разделена на модули с определёнными границами и интерфейсами.
Модульный монолит сохраняет преимущества обычного монолита, но при этом приносит выгоды от разделения приложения на логические, независимые модули. Это улучшает организацию кода, поддерживаемость и гибкость системы, одновременно готовя почву для возможного перехода к микросервисам в будущем, если потребуется.
Реализуется в Python за счёт разбиения проекта на файлы и независимые пакеты, использование Django Apps, Flask Blueprints, Fastapi Routers, инструментов Dependency Injection ","Евраз, Литрес",Часто
308,Архитектура ПО,"Как глядя на сервис понять, он является монолитом или микросервисом?","Сервис является монолитом, если он имеет более 15-20 эндпоинтов и/или нарушается принцип единой ответственности (S из SOLID), т.е. сервис отвечает более чем за одного актора",Астра,Часто
310,Архитектура ПО,Расскажи про чистую архитектуру?,"Схема: https://ibb.co/ChdPWmd

Основные принципы:
* Разделение на слои:
 Архитектура разделена на несколько концентрических слоев, каждый из которых отвечает за определенные аспекты системы:
 - Сущности (Entities): Бизнес-объекты и правила.
 - Сценарии использования (Use Cases): Операции, которые приложение выполняет для достижения бизнес-целей.
 - Интерфейсные адаптеры (Interface Adapters): Преобразуют данные между внутренними слоями и внешними источниками (например, контроллеры, презентеры).
 - Фреймворки и драйверы (Frameworks & Drivers): Внешние инструменты и технологии (например, базы данных, UI-фреймворки).
* Принцип независимости от фреймворков:
* Архитектура не зависит от конкретных технологий и фреймворков, что позволяет легко заменять их при необходимости.
* Выполняются принципы SOLID:
* Изоляция бизнес-логики:
 Бизнес-логика полностью отделена от деталей реализации, таких как базы данных и внешние сервисы.
* Тестируемость:
 Благодаря четкому разделению и изоляции слоев, каждый слой можно тестировать независимо, что повышает качество и надежность системы.
* Универсальный интерфейс:
 Взаимодействие между слоями происходит через четко определенные интерфейсы, что облегчает замену и обновление компонентов.

Плюсы Чистой архитектуры
1. Слабая связность
 - Слабая связность: Компоненты системы слабо связаны друг с другом, что облегчает их замену и модификацию без влияния на другие части системы.
2. Улучшенная тестируемость
 - Изолированные слои: Бизнес-логика отделена от внешних зависимостей, что позволяет легко писать модульные тесты для каждого слоя отдельно.
 - Мокирование зависимостей: Внешние компоненты можно легко заменять на моки при тестировании.
3. Гибкость и масштабируемость
 - Легкая модификация: Возможность изменять или добавлять новые функции без значительных изменений в существующем коде.
4. Независимость от фреймворков и технологий
 - Свобода выбора: Архитектура не привязана к конкретным технологиям, что облегчает замену или обновление фреймворков и библиотек.
5. Четкое управление зависимостями
 - Направление зависимостей: Зависимости направляются от внешнего кода к внутреннему, предотвращая циклические зависимости и обеспечивая ясную структуру.

Минусы Чистой архитектуры
1. Увеличенная сложность
 - Более сложная структура: Разделение на слои и управление зависимостями добавляют уровень сложности, который может быть избыточен для небольших проектов.
2. Больше кода и шаблонов
 - Больше шаблонного кода: Необходимо писать дополнительные абстракции, интерфейсы и адаптеры, что увеличивает объем кода.
3. Более длительное время разработки
 - Начальные затраты времени: Настройка архитектуры требует больше времени на начальных этапах разработки","Иннотех, T1",Средне
334,Архитектура ПО,Чем отличается stateful от stateless?,"Stateful сервер хранит состояние клиента, а stateless нет",Иннотех,Средне
335,Архитектура ПО,В чём минусы stateful?,"1. Масштабируемость 
Сложность горизонтального масштабирования: Бесстатные сервисы легко масштабируются путем добавления новых экземпляров, так как любой экземпляр может обрабатывать любой запрос. В случае stateful сервисов необходимо учитывать распределение состояния между экземплярами, что усложняет масштабирование.
Необходимость синхронизации состояния: При добавлении новых узлов необходимо обеспечить синхронизацию состояния между ними, что может привести к дополнительным накладным расходам и задержкам.
2. Надежность и отказоустойчивость 
Уязвимость к сбоям: Если stateful сервис падает, его состояние может быть потеряно, что приведет к неконсистентности данных или необходимости восстановления состояния.
Сложности с репликацией и резервным копированием: Для обеспечения высокой доступности необходимо реализовать механизмы репликации состояния и резервного копирования, что добавляет сложности в архитектуру.
3. Развертывание и обновление 
Сложности с обновлениями: Обновление stateful сервисов может требовать дополнительных шагов для сохранения и миграции состояния, что усложняет процесс развертывания и может привести к времени простоя.
Ограниченная гибкость: Stateful сервисы менее гибки при изменении инфраструктуры или архитектуры, поскольку состояние привязано к конкретным экземплярам или узлам.
4. Управление состоянием 
Сложность разработки: Управление состоянием усложняет логику приложения, так как необходимо учитывать сохранение, обновление и синхронизацию состояния.
Повышенные требования к ресурсам: Хранение состояния требует дополнительной памяти и хранилища, что может увеличить затраты на инфраструктуру.
5. Безопасность 
Повышенные риски утечки данных: Хранение состояния может увеличить поверхность атаки, так как требуется защищать не только передачу данных, но и их хранение.
Сложности с управлением доступом: Необходимо обеспечить безопасный доступ к состоянию, что может добавить дополнительные уровни сложности в систему безопасности.
6. Тестирование и отладка 
Сложности с воспроизведением ошибок: Наличие состояния усложняет процесс тестирования и отладки, так как поведение сервиса может зависеть от его текущего состояния.
Необходимость управления состоянием в тестах: Для проведения надежных тестов требуется управление состоянием, что увеличивает объем работы при написании тестов.
7. Зависимость от конкретной инфраструктуры 
Привязка к конкретным узлам: Stateful сервисы могут требовать привязки состояния к конкретным узлам, что усложняет использование динамических сред развертывания, таких как контейнеры или облачные платформы.
Ограниченная переносимость: Перенос stateful сервисов между различными средами или инфраструктурами может быть сложнее из-за необходимости сохранения и передачи состояния.",Иннотех,Иногда
336,Архитектура ПО,Расскажи про паттерн unit of work?,Ответа пока нет,Иннотех,Редко
53,Базы данных,Какие ты знаешь виды баз данных?,"Существуют реляционные и нереляционные СУБД. Реляционные – PostgreSQL, MySQL. Нереляционные – MongoDB, Redis, Cassandra, ElasticSearch",,Часто
54,Базы данных,Зачем нужны нереляционные БД если есть реляционные?,"Нереляционные БД или NoSQL (Not Only SQL) придумали для решения определенных задач, в которых реляционные СУБД показывают себя хуже. К примеру Redis отлично подходит для кеширования, ElasticSearch для организации полнотекстового поиска, а колоночные БД для агрегации запросов на больших объемах данных",,Часто
55,Базы данных,Какие могут быть отношения между таблицами в реляционной СУБД?,"Один к одному, один ко многим, многие ко многим. Эти отношения организуются путем добавления колонок с внешними ключами на другие таблицы. В случае отношения многие ко многим нужна промежуточная таблица. ",,Иногда
56,Базы данных,Проставь отношения между таблицами: есть пользователь. Пользователи могут друг с другом дружить. У каждого пользователя есть профиль. В профиле можно добавить несколько социальных сетей,Дружба пользователей это многие ко многим с промежуточной таблицей. Пользователь - профиль – это один к одному. А профиль - социальные сети  – один ко многим. ,,Средне
57,Базы данных,Что такое транзакция?,"Транзакция - это набор операций по работе с БД, объединённых в одну атомарную единицу.

Мы можем сказать, что транзакция – это распространение изменений в БД. Например, если мы создаём, изменяем или удаляем запись, то мы выполняем транзакцию. Крайне важно контролировать транзакции для гарантирования согласованности данных.

Основные концепции (свойства) транзакции описываются аббревиатурой ACID – Atomicity, Consistency, Isolation, Durability (Атомарность, Согласованность, Изолированность, Долговечность).",,Часто
58,Базы данных,Что такое ACID?,"Атомарность:

Атомарность гарантирует, что любая транзакция будет зафиксирована только целиком (полностью). Если одна из операций в последовательности не будет выполнена, то вся транзакция будет отменена. Тут вводится понятие “отката” (rollback). Т.е. внутри последовательности будут происходить определённые изменения, но по итогу все они будут отменены (“откачены”) и по итогу пользователь не увидит никаких изменений.

Согласованность:

Это означает, что любая завершённая транзакция (транзакция, которая достигла завершения транзакции – end of transaction) фиксирует только допустимые результаты. Например, при переводе денег с одного счёта на другой, в случае, если деньги ушли с одного счёта, они должны прийти на другой (это и есть согласованность системы). Списание и зачисление – это две разные транзакции, поэтому первая транзакция пройдёт без ошибок, а второй просто не будет. Именно поэтому крайне важно учитывать это свойство и поддерживать баланс системы.

Изолированность:

Каждая транзакция должна быть изолирована от других, т.е. её результат не должен зависеть от выполнения других параллельных транзакций. На практике, изолированность крайне труднодостижимая вещь, поэтому здесь вводится понятие “уровни изолированности” (транзакция изолируется не полностью).

Долговечность:

Эта концепция гарантирует, что если мы получили подтверждение о выполнении транзакции, то изменения, вызванные этой транзакцией не должны быть отменены из-за сбоя системы (например, отключение электропитания).",,Часто
59,Базы данных,Что такое уровни изоляции?,"Read Uncommitted - самый слабый уровень изоляции, где могут происходить грязные чтения. Одна транзакция видит незафиксированные результаты другой.
Аномалии, вызванные параллельной транзакцией:
Грязное чтение - чтение незафиксированных данных другой транзакции

Read Commited (по умолчанию) - одна транзакция может видеть результат второй параллельной транзакции, если вторая была зафиксирована коммитом. Т.е. два select запроса внутри одной транзакции могут выдавать разные результаты, если между ними закоммитилась другая транзакция.
 
Аномалии, вызванные параллельной транзакцией:
Неповторяемые чтения - изменение существующей строки в двух разных select 
Фантомные чтения - появление или исчезновение строк в таблице в двух разных select

Read Repeatable - каждая транзакция видит тот снимок данных, который был при её начале, даже если другая транзакция параллельно изменяет данные и зафиксировала их коммитом. Однако если две параллельные транзакции изменят одни и те же данные и это вызовет ошибку сериализации (снимок изменяемых данных одной из транзакций перестал соответствовать действительности после коммита другой, где она тоже изменила эта данные), то одна из транзакций завершится с ошибкой.
 Аномалии, вызванные параллельной транзакцией:
Сдвиг записи - нарушение бизнес логики за счёт того, что две транзакции изменяют разные данные.  (Бизнес логика предполагает, что поля А и И можно изменять, если их сумма больше 1000. транзакция 1 изменила поле А, т.к. их сумма больше тысячи, но после изменения сумма стала меньше 1000, а транзакция 2 изменила поле Б, т.к. видит старый снимок памяти, где сумма больше тысячи, но это не так. Бизнес логика нарушена)

Serializable гарантирует, что параллельные транзакции выполняются так же, как если бы они выполнялись последовательно, одна за другой.",,Часто
60,Базы данных,Что такое VACUUM в PostgreSQL?,"В PostgreSQL команда VACUUM используется для очистки и оптимизации базы данных. Это процесс освобождения места, занимаемого ""мёртвыми"" строками, которые остаются после операций UPDATE или DELETE. PostgreSQL, в отличие от некоторых других СУБД, не перезаписывает данные напрямую, а создает новые версии строк при обновлениях и удалениях, поэтому ""мёртвые"" строки могут постепенно занимать много места и влиять на производительность базы данных. Можно делать вручную и автоматически.
VACUUM  - помечает для сервера строки, которые можно перезаписать новыми данными (не удаляет строки)
VACUUM FULL - делает сжатие и перезапись таблицы (дефрагментацию)
AUTOVACUUM - запускается периодически
VACUUM ANALYZE - собирает и сохраняет статистику, что позволяет планировщику запросов определить наиболее эффективный план выполнения запросов",,Часто
61,Базы данных,Что такое колоночная БД?,"В столбцовой БД данные каждого столбца хранятся отдельно (независимо) от других столбцов. Такой принцип хранения позволяет при выполнении запроса считывать с диска данные только тех столбцов, которые непосредственно участвуют в этом запросе. Обратная сторона такого принципа хранения заключается в том, что выполнение операций над строками становится более затратным. ClickHouse — типичный пример столбцовой СУБД.",,Редко
62,Базы данных,Какие ты знаешь команды для управления транзакциями?,"Для управления транзакциями используются следующие команды:
BEGIN: Начинает транзакцию
LOCK: Блокировка таблицы
SET TRANSACTION: Позволяет задавать свойства для текущей транзакции, такие как уровень изоляции и режимы доступа (только чтение или чтение-запись).
SAVEPOINT: Создаёт точку к которой транзакция может откатиться до завершения
ROLLBACK: Откатывает (отменяет) изменения
RELEASE: Удаление savepoint
COMMIT: Сохраняет изменения",,Часто
63,Базы данных,Что такое EXPLAIN. Какая разница между ним и EXPLAIN ANALYZE,"EXPLAIN и EXPLAIN ANALYZE — это команды SQL, которые помогают понять, как база данных планирует выполнить запрос. Они часто используются для анализа производительности и оптимизации запросов.

1. EXPLAIN
Команда EXPLAIN показывает план выполнения запроса, описывая, как база данных собирается получить данные. Она предоставляет информацию о том, какие индексы будут использоваться, в каком порядке будут обрабатываться таблицы, будет ли выполнено сканирование таблицы (Table Scan) или поиск по индексу (Index Scan), а также как связаны таблицы в сложных запросах.

Особенности:

- Не выполняет запрос, а только показывает план.
- Быстрее, так как запрос не выполняется.
- Полезно для предварительного анализа оптимизации запросов.
2. EXPLAIN ANALYZE
Команда EXPLAIN ANALYZE также показывает план выполнения запроса, но, в отличие от обычного EXPLAIN, реально выполняет запрос и замеряет время выполнения каждой операции.

Особенности:

- Выполняет запрос полностью и замеряет время выполнения каждой части плана(с осторожностью выполнять запросы на insert, update или delete.
- Показывает фактическое время выполнения (в миллисекундах) и фактическое количество строк, обрабатываемых каждой операцией.
- Полезно для детальной диагностики и более точной оптимизации производительности запроса.

Предположим, у нас есть таблица orders, и мы выполняем следующий запрос:

EXPLAIN (ANALYZE) SELECT * FROM orders WHERE status = 'completed' AND amount > 100;

Пример результата EXPLAIN (ANALYZE)
Результат может выглядеть примерно так:
Seq Scan on orders  (cost=0.00..35.00 rows=5 width=64) (actual time=0.005..0.015 rows=5 loops=1)
  Filter: ((status = 'completed'::text) AND (amount > 100))
  Rows Removed by Filter: 95
Planning Time: 0.2 ms
Execution Time: 0.05 ms

Разбор результата
Теперь рассмотрим каждую строку результата:
1. Seq Scan on orders
Seq Scan: PostgreSQL выбрал последовательное сканирование (Sequential Scan) таблицы orders, что означает, что он проверяет каждую строку. В этом примере не используется индекс, поэтому PostgreSQL сканирует всю таблицу.
on orders: Указывает таблицу, на которой выполняется последовательное сканирование — в данном случае orders.
2. (cost=0.00..35.00 rows=5 width=64)
cost=0.00..35.00: Показывает приблизительную оценку стоимости выполнения запроса. Это относительные единицы, которые PostgreSQL использует для планирования.
0.00 — начальная стоимость (инициирование сканирования).
35.00 — итоговая стоимость после полного выполнения.
rows=5: Оценка количества строк, которые будут возвращены запросом (предполагается 5 строк). Это значение может быть рассчитано на основе статистики таблицы.
width=64: Оценка среднего размера одной строки в байтах. Это значение помогает PostgreSQL оценить объём данных, с которыми придётся работать.
3. (actual time=0.005..0.015 rows=5 loops=1)
actual time=0.005..0.015: Фактическое время выполнения узла плана (в миллисекундах).
0.005 — время начала выполнения операции.
0.015 — время завершения.
rows=5: Фактическое количество строк, возвращённых в результате выполнения запроса.
loops=1: Число проходов по этой операции. В данном случае это один проход (одна итерация), так как запрос выполнен один раз.
4. Filter: ((status = 'completed'::text) AND (amount > 100))
Filter:: Показывает фильтрацию, применённую к результатам сканирования.
(status = 'completed'::text) AND (amount > 100): Условия фильтрации, использованные для выбора строк из orders. PostgreSQL применяет эти условия к каждой строке во время сканирования.
5. Rows Removed by Filter: 95
Rows Removed by Filter: 95: Указывает, что 95 строк не прошли фильтр и были исключены. Этот показатель полезен для понимания того, насколько селективны условия, и может указать, имеет ли смысл добавление индекса для фильтрации.
6. Planning Time: 0.2 ms
Planning Time: 0.2 ms: Время, потраченное PostgreSQL на планирование выполнения запроса, включая выбор подходящего плана (например, последовательное сканирование или использование индекса).
7. Execution Time: 0.05 ms
Execution Time: 0.05 ms: Общее время выполнения запроса (в миллисекундах). Это включает время фактического выполнения запроса, от начала сканирования до возвращения всех результатов.",,Часто
64,Базы данных,Какие виды JOIN-ов ты знаешь?,"Слова INNER и OUTER необязательны во всех формах. По умолчанию подразумевается INNER (внутреннее соединение), а при указании LEFT, RIGHT и FULL — внешнее соединение.

Условие соединения указывается в предложении ON или USING, либо неявно задаётся ключевым словом NATURAL. Это условие определяет, какие строки двух исходных таблиц считаются «соответствующими» друг другу.

Возможные типы соединений с сопоставлениями строк:

INNER JOIN Для каждой строки R1 из T1 в результирующей таблице содержится строка для каждой строки в T2, удовлетворяющей условию соединения с R1.

LEFT OUTER JOIN Сначала выполняется внутреннее соединение (INNER JOIN). Затем в результат добавляются все строки из T1, которым не соответствуют никакие строки в T2, а вместо значений столбцов T2 вставляются NULL. Таким образом, в результирующей таблице всегда будет минимум одна строка для каждой строки из T1.

RIGHT OUTER JOIN Сначала выполняется внутреннее соединение (INNER JOIN). Затем в результат добавляются все строки из T2, которым не соответствуют никакие строки в T1, а вместо значений столбцов T1 вставляются NULL. Это соединение является обратным к левому (LEFT JOIN): в результирующей таблице всегда будет минимум одна строка для каждой строки из T2.

FULL OUTER JOIN Сначала выполняется внутреннее соединение. Затем в результат добавляются все строки из T1, которым не соответствуют никакие строки в T2, а вместо значений столбцов T2 вставляются NULL. И наконец, в результат включаются все строки из T2, которым не соответствуют никакие строки в T1, а вместо значений столбцов T1 вставляются NULL.

Предложение ON определяет наиболее общую форму условия соединения: в нём указываются выражения логического типа, подобные тем, что используются в предложении WHERE. Пара строк из T1 и T2 соответствуют друг другу, если выражение ON возвращает для них true.

USING — это сокращённая запись условия, полезная в ситуации, когда с обеих сторон соединения столбцы имеют одинаковые имена. Она принимает список общих имён столбцов через запятую и формирует условие соединения с равенством этих столбцов. Например, запись соединения T1 и T2 с USING (a, b) формирует условие ON T1.a = T2.a AND T1.b = T2.b.

Более того, при выводе JOIN USING исключаются избыточные столбцы: оба сопоставленных столбца выводить не нужно, так как они содержат одинаковые значения. Тогда как JOIN ON выдаёт все столбцы из T1, а за ними все столбцы из T2, JOIN USING выводит один столбец для каждой пары (в указанном порядке), за ними все оставшиеся столбцы из T1 и, наконец, все оставшиеся столбцы T2.

Наконец, NATURAL — сокращённая форма USING: она образует список USING из всех имён столбцов, существующих в обеих входных таблицах. Как и с USING, эти столбцы оказываются в выходной таблице в единственном экземпляре. Если столбцов с одинаковыми именами не находится, NATURAL JOIN действует как JOIN ... ON TRUE и выдаёт декартово произведение строк.

Еще есть cross join - декартово произведение.",,Часто
65,Базы данных,Что такое вложенная транзакция?,"Вложенными называются транзакции, выполнение которых инициируется из тела уже активной транзакции .

Для создания вложенной транзакции пользователю не нужны какие-либо дополнительные команды. Он просто начинает новую транзакцию, не закрыв предыдущую. Завершение транзакции верхнего уровня откладывается до завершения вложенных транзакций. Если транзакция самого нижнего ( вложенного ) уровня завершена неудачно и отменена, то все транзакции верхнего уровня, включая транзакцию первого уровня, будут отменены. Кроме того, если несколько транзакций нижнего уровня были завершены успешно (но не зафиксированы), однако на среднем уровне (не самая верхняя транзакция ) неудачно завершилась другая транзакция, то в соответствии с требованиями ACID произойдет откат всех транзакций всех уровней, включая успешно завершенные. Только когда все транзакции на всех уровнях завершены успешно, происходит фиксация всех сделанных изменений в результате успешного завершения транзакции верхнего уровня.

Каждая команда COMMIT TRANSACTION работает только с последней начатой транзакцией. При завершении вложенной транзакции команда COMMIT применяется к наиболее ""глубокой"" вложенной транзакции. Даже если в команде COMMIT TRANSACTION указано имя транзакции более высокого уровня, будет завершена транзакция, начатая последней.",,Редко
66,Базы данных,Что такое CTE?,"CTE, или Common Table Expressions — один из видов запросов в системах управления базами данных. На русском языке они называются обобщенными табличными выражениями. Результаты табличных выражений можно временно сохранять в памяти и обращаться к ним повторно. Для чего нужны CTE:
– Написание сложных запросов — использование конструкции помогает уменьшить размер кода и упростить его, сделать более читаемым.
– Ускорение работы программ в случаях, когда нужно много раз подряд обращаться к одной и той же части базы, — временное хранение помогает оптимизировать выполнение. Создается структура данных, которая временно хранится в кэше, поэтому информацию не требуется искать каждый раз.
– Рекурсивный обход таблиц, в котором помогают общие табличные выражения. Существует особый их подвид — рекурсивные CTE.
– Создание представлений, или View, в SELECT-части запроса.
– Оптимизация работы, так как другие варианты временного хранения и сложного доступа часто более ресурсоемкие.
– Создание более понятного кода, который легче поддерживать.",,Иногда
67,Базы данных,Что такое индекс?,"Индекс (англ. index) — объект базы данных, создаваемый с целью повышения производительности поиска данных. Таблицы в базе данных могут иметь большое количество строк, которые хранятся в произвольном порядке, и их поиск по заданному критерию путём последовательного просмотра таблицы строка за строкой может занимать много времени. Индекс формируется из значений одного или нескольких столбцов таблицы и указателей на соответствующие строки таблицы и, таким образом, позволяет искать строки, удовлетворяющие критерию поиска. 
Ускорение работы с использованием индексов достигается в первую очередь за счёт того, что индекс имеет структуру, оптимизированную под поиск — например, сбалансированного дерева.",,Часто
68,Базы данных,Какие ты знаешь индексы?,"Существуют следующие типы индексов:

Уникальный (Unique index) — все значения встречаются только один раз. Если в столбец с уникальным индексом попробовать добавить неуникальное значение, то возникнет ошибка.
Неуникальный (Non-unique index) — индекс, при котором значения могут повторяться.
Простой (Simple index) — индекс, состоящий из одного поля.
Составной (Composite Index) — индекс, который строится по нескольким столбцам таблицы. В данном типе индекса расположение полей является важным.
Частичный (Partial Indexes) — индекс, который состоит из подмножеств строк таблицы по определенному выражению.  
B-tree (сбалансированное дерево)  - 
создается по умолчанию при команде CREATE INDEX, по умолчанию без команды для primary key и unique столбцов.
- Поддерживает все операторы сравнения
- Поддерживает LIKE ‘abc%’, но не ‘%abc’
- Индексирует NULL
- Умеет возвращать данные в отсортированном виде
- Сложность поиска О(log N)
- B-tree используется вместо бинарного дерева поиска (BST) потому что:
--- в BST не гарантируется сбалансированность, из-за чего сложность поиска может вырасти до О(n)
--- в BST узел имеет всего два дочерних узла, из-за чего дерево выше -> операций чтения с диска нужно намного больше
Hash
CREATE INDEX index_name ON table_name USING HASH (column_name)
- Поддерживает только оператор =
- Не всегда, но чаще всего менее выгоден чем B-tree
- Сложность поиска O(1)
GiST (обобщенное дерево поиска)
- для индексации геометрических типов данных и текстовых для полнотекстового поиска.
- занимает меньше памяти, чем GIN
- может быть менее эффективен GIN за счет доп проверок
GIN (обобщенный обратный)
- для индексации массивов и наборов значения (ключ-значение, диапазоны и др.)
- для использования более сложного полнотекстового поиска
SP-GiST (GiST с двоичным разбиением пространства)
- GIST для несбалансированных наборов данных, но естественно упорядоченных.(например, телефонные номера, разделенные по городам и странам, но основная часть номера рандомная)
BRIN (блочно-диапазонный)
- Для естественно-упорядоченных огромных наборов данных (почтовый индекс, timestamp)
Покрывающий индекс
- Хранят дополнительные данные, позволяя выполнять запросы без обращения к основной таблице. Делается с помощью ключевого слова INCLUDE() в PostgreSQL
",,Часто
69,Базы данных,Что такое составной индекс?,"Составной (Composite Index) — индекс, который строится по нескольким столбцам таблицы. В данном типе индекса расположение полей является важным.",,Средне
70,Базы данных,"Есть составной индекс INDEX(A,B) и запрос select * from c where b =1 and a = 2; Применится ли индекс? А в таком запросе: select * from c where b =1?
","Нет, не применится. Порядок колонок в where должен быть таким же, как и в индексе. Во втором случае тоже не применится, т.к. индекс построил в отсортированном порядке по колонке А и только потом по B. Если бы было select * from c where a = 2, тогда индекс бы включился в работу.",,Иногда
71,Базы данных,Можешь ли ты рассказать как устроен B-tree индекс?,"B-дерево — структура данных, дерево поиска. С точки зрения внешнего логического представления — сбалансированное, сильно ветвистое дерево. Часто используется для хранения данных во внешней памяти.
Сбалансированность означает, что длины любых двух путей от корня до листьев различаются не более, чем на единицу.
Поиск происходит так: Если ключ содержится в корне, он найден. Иначе определяем интервал и идём к соответствующему потомку. Повторяем.
Ветвистость дерева — это свойство каждого узла дерева ссылаться на большое число узлов-потомков.
С точки зрения физической организации B-дерево представляется как мультисписочная структура страниц памяти, то есть каждому узлу дерева соответствует блок памяти (страница). Внутренние и листовые страницы обычно имеют разную структуру. https://upload.wikimedia.org/wikipedia/commons/thumb/9/92/B-tree-definition.png/900px-B-tree-definition.png",,Часто
72,Базы данных,В чем отличия кластеризованных и некластеризованных индексов?,"Кластеризованный индекс — индекс, который сортирует строки с данными в таблице. Кластеризованный индекс хранит данные в листьях индекса. Главная особенность кластеризованного индекса заключается в том, что все значения отсортированы в определенном порядке либо по возрастанию, либо по убыванию. Следует отметить, что данные в таблице хранятся в отсортированном виде только в том случае, когда у этой таблицы создан кластеризованный индекс. При использовании кластерного индекса данные упорядочены физически (т.е. хранятся, например, на жестком диске). Благодаря этому существенно возрастает скорость поиска данных (при условии последовательного доступа к данным). Однако операция, связанная с изменением порядка данных, может быть затратной и требовать перестроения. В отличие от обычных индексов, кластеризованный индекс создается на всю таблицу сразу, а не на один или более столбцов. В таблице может присутствовать только один кластеризованный индекс.

Некластеризованный индекс — индекс, который используется для применения индексов к неключевым столбцам. Главное отличие от кластеризованного индекса заключается в том, что некластеризованный индекс не упорядочивает данные физически. Некластеризованный индекс хранит данные и индексы в разных местах. Листья некластеризованного индекса содержат только те столбцы таблицы, по которым определен данный индекс. Это означает, что системе запросов необходима дополнительная операция для извлечения требуемых данных. Некластеризованные индексы нельзя отсортировать, в отличие от кластеризованных, однако существует возможность создания более одного некластеризованного индекса. Также при использовании некластеризованного индекса можно добавить уникальный ключ для таблицы.",,Иногда
73,Базы данных,"Шардирование и партицирование: что это, чем отличаются и когда используются?","Партиционирование (partitioning)
Партиционирование — это разбиение таблиц, содержащих большое количество записей, на логические части по неким выбранным администратором критериям. Партиционирование таблиц делит весь объем операций по обработке данных на несколько независимых и параллельно выполняющихся потоков, что существенно ускоряет работу СУБД. Для правильного конфигурирования параметров партиционирования необходимо, чтобы в каждом потоке было примерно одинаковое количество записей.

Например, на новостных сайтах имеет смысл партиционировать записи по дате публикации, так как свежие новости на несколько порядков более востребованы и чаще требуется работа именно с ними, а не со всех архивом за годы существования новостного ресурса.

Ручное создание партиции:

CREATE TABLE orders_2024_01 PARTITION OF orders 
FOR VALUES FROM ('2024-01-01') TO ('2024-02-01');

Партиции, созданные вручную, не наследуют индексы

Можно настроить автоматическое создание партиций через расширение pg_partman, PartitionMagic

Шардинг (sharding)
Шардинг — это прием, который позволяет распределять данные между разными физическими серверами. Процесс шардинга предполагает разнесения данных между отдельными шардами на основе некого ключа шардинга. Связанные одинаковым значением ключа шардинга сущности группируются в набор данных по заданному ключу, а этот набор хранится в пределах одного физического шарда. Это существенно облегчает обработку данных.

Например, в системах типа социальных сетей ключом для шардинга может быть ID пользователя, таким образом все данные пользователя будут храниться и обрабатываться на одном сервере, а не собираться по частям с нескольких.",,Часто
74,Базы данных,"Нормализация, что это такое? Какие уровни ты знаешь?","Нормализация базы данных - это метод создания таблиц БД со столбцами и ключами путем разделения (или декомпозиции) таблицы большего размера на небольшие логические единицы. В данном методе учитываются требования, предъявляемые к среде БД.

Аномалией называется такая ситуация в таблице БД, которая приводит к противоречию в БД либо существенно усложняет обработку БД. 
Аномалии-модификации проявляются в том, что изменение одних данных может повлечь просмотр всей таблицы и соответствующее изменение некоторых записей таблицы.
Аномалии-удаления — при удалении какого либо кортежа из таблицы может пропасть информация, которая не связана на прямую с удаляемой записью.
Аномалии-добавления возникают, когда информацию в таблицу нельзя поместить, пока она не полная, либо вставка записи требует дополнительного просмотра таблицы.

Нормализация - это итеративный процесс. Как правило, нормализация БД выполняется через серию тестов. Каждый последующий шаг разбивает таблицу на более легкую в управлении информацию, чем повышается общая логичность системы и простота работы с ней.
Нормальные формы:
Ненормализованная (нулевая) форма (UNF) - Это состояние перед любой нормализацией. В таблице присутствуют избыточные и сложные значения

Первая нормальная форма (1NF) - Разбиваются повторяющиеся и сложные значения; все экземпляры становятся атомарными

Вторая нормальная форма (2NF) - Частичные зависимости разделяются на новые таблицы. Все строки функционально зависимы от первичного ключа

Третья нормальная форма (3NF) - Транзитивные зависимости разбиваются на новые таблицы. Не ключевые атрибуты зависят от первичного ключа

Нормальная форма Бойса-Кода (BCNF) - Транзитивные и частичные функциональные зависимости для всех потенциальных ключей разбиваются на новые таблицы

Четвертая нормальная форма (4NF) - Удаляются многозначные зависимости

Пятая нормальная форма (5NF) - Удаляются JOIN-зависимости (зависимости соединения)",                                ,Средне
75,Базы данных,Что такое денормализация?,"При запросах большого количества данных операция соединения нормализованных отношений выполняется неприемлемо долго. Вследствие этого в ситуациях, когда производительность таких запросов невозможно повысить иными средствами, может проводиться денормализация — композиция нескольких отношений (таблиц) в одну, которая, как правило, находится во второй, но не в третьей нормальной форме. Новое отношение фактически является хранимым результатом операции соединения исходных отношений.

За счёт такого перепроектирования операция соединения при выборке становится ненужной и запросы выборки, которые ранее требовали соединения, работают быстрее.

Следует помнить, что денормализация всегда выполняется за счёт повышения риска нарушения целостности данных при операциях модификации. Поэтому денормализацию следует проводить в крайнем случае, если другие меры повышения производительности невозможны. Идеально, если денормализованная БД используется только на чтение.

Кроме того, следует учесть, что ускорение одних запросов на денормализованной БД может сопровождаться замедлением других запросов, которые ранее выполнялись отдельно на нормализованных отношениях.",,Средне
76,Базы данных,Как можно достичь изоляции транзакций?,"Lock table - блокирует таблицу для других транзакций до окончания текущей транзакции(есть много разных режимов)

select for update - селект, который блокирует select for … или обновления/удаления результата запроса для других транзакций. поля записей других таблиц, на которые ссылаются внешние ключи, тоже будут заблокированы(например, первичный ключ) 
В конце можно добавить nowait, чтобы селект запрос крашился, если запрашиваемые данные заблокированы другим запросом или недоступны (чтоб не блокировать надолго все остальные вызовы к БД)
Можно добавить skip locked, чтоб были получены только незаблокированные строки
BEGIN;
SELECT * FROM my_table WHERE id = 1 FOR UPDATE;
-- Другие транзакции не могут ни читать, ни изменять эту строку
COMMIT;

select for share 
Цель: Используется для чтения данных с намерением их последующего обновления, но без немедленной блокировки для записи.
Блокировка: SELECT FOR SHARE устанавливает блокировку на уровне строки, которая позволяет другим транзакциям читать эти строки, но не изменять их. Это предотвращает одновременное изменение данных другими транзакциями.
Применение: Полезно, когда вы хотите убедиться, что данные не будут изменены до тех пор, пока вы не завершите свою транзакцию, но при этом не блокируете другие транзакции от чтения этих данных.
BEGIN;
SELECT * FROM my_table WHERE id = 1 FOR SHARE;
-- Другие транзакции могут читать эту строку, но не могут её изменять
COMMIT;",,Часто
77,Базы данных,Что ты знаешь о пайплайнах в Redis?,"Конвейерная обработка Redis - это оптимизация, которая помогает последовательно выполнять несколько команд в Redis. Обычно для взаимодействия с Redis клиент сначала отправляет команду серверу, а затем отправляет другую, когда обработка его команды завершена. Синхронный характер этого подхода приводит к значительной задержке, особенно при использовании большого количества команд.

В отличие от конвейерной обработки Redis, клиенты могут отправлять серверу несколько команд одновременно, не дожидаясь ответа на каждую из них. Для этого сервер сохраняет такие команды и обрабатывает их последовательно, прежде чем возвращать ответ после выполнения всех команд. При использовании такого подхода время передачи данных между клиентом и сервером существенно сокращается, что приводит к довольно быстрым операциям Redis.",,Иногда
78,Базы данных,Что такое ORM?,"ORM (англ. Object-Relational Mapping, рус. объектно-реляционное отображение, или преобразование) — технология программирования, которая связывает базы данных с концепциями объектно-ориентированных языков программирования, создавая «виртуальную объектную базу данных». Примеры: Django ORM, SQLAlchemy",,Часто
79,Базы данных,ORM vs raw SQL: плюсы и минусы,"Плюсы ORM
- Повышенная продуктивность разработчиков: ORM позволяет работать с базой данных на уровне объектов, что может быть более интуитивно и быстрее для разработчиков, особенно если они хорошо знакомы с объектно-ориентированным программированием.
- Абстракция от SQL: ORM скрывает детали реализации SQL-запросов, что позволяет разработчикам не беспокоиться о специфике SQL-диалектов разных СУБД.
- Безопасность: ORM обычно автоматически обрабатывает параметры запросов, помогая избежать SQL-инъекций.
- Миграции и управление схемой: Многие ORM предоставляют инструменты для управления миграциями базы данных, облегчая процесс изменения схемы.

Минусы ORM
- Потеря контроля над SQL-запросами: Абстракция ORM может привести к неэффективным или избыточным запросам, что негативно сказывается на производительности.
- Ограниченная функциональность: ORM может не поддерживать специфические функции или оптимизации конкретной СУБД. Например, ORM плохо поддерживает CTE в сложных запросах (в Django ORM их в целом нет в стандартной либо, в SqlALchemy их функциональность ограничена). Ещё Django ORM не поддерживает оператор полнотекстового поиска <-> (фразовый - чтоб термины следовали друг за другом).
- Сложности с отладкой: При возникновении проблем с производительностью или ошибками в запросах отладка может быть затруднена из-за абстракции.
- Избыточность: Для простых проектов использование ORM может быть излишним и усложнять архитектуру приложения.

Плюсы Raw SQL
- Полный контроль над запросами: Разработчик точно знает, какие запросы отправляются в базу данных, что позволяет оптимизировать их для максимальной производительности.
- Использование специфических функций СУБД: Возможность использовать расширенные функции и возможности конкретной базы данных, которые могут быть недоступны в ORM.
- Производительность: Ручная оптимизация запросов может значительно повысить скорость работы приложения.
- Простота для небольших проектов: В небольших или простых приложениях прямое использование SQL может быть быстрее и проще.

Минусы Raw SQL
- Повышенная сложность разработки: Необходимо самостоятельно писать и поддерживать SQL-запросы, что может быть трудоемко и подвержено ошибкам.
- Риск SQL-инъекций: При неправильной обработке пользовательского ввода повышается риск уязвимостей безопасности.
- Сложность поддержки кода: Большое количество встроенных SQL-запросов может сделать код менее читабельным и сложным в поддержке.
- Меньшая портативность: SQL-запросы могут быть зависимы от конкретного диалекта СУБД, что усложняет переносимость приложения между различными базами данных.
- Отсутствие автоматических инструментов: Нет встроенных механизмов для управления миграциями или объектно-реляционным отображением, что требует дополнительных усилий.
",,Часто
80,Базы данных,Что ты знаешь о проблеме select n+1?,"Проблема ""Select N+1"" — это распространённая проблема производительности в приложениях, работающих с базами данных, особенно при использовании ORM. Она возникает, когда в первичном запросе недостаточно данных для формирования запрашиваемого ответа и для выборки связанных данных выполняется больше запросов, чем необходимо, что приводит к увеличению нагрузки на базу данных и замедлению работы приложения.

Пример проблемы ""Select N+1""
Допустим, у вас есть две связанные таблицы:
authors (авторы)
books (книги), где каждая книга связана с автором через внешний ключ.
Код, вызывающий проблему:
books = Book.objects.all()
# Для каждой книги выводим название и имя автора
for book in books:
   print(f""Книга: {book.title}, Автор: {book.author.name}"")

Что происходит под капотом:
Первый запрос: Получение всех книг.
SELECT * FROM books;

Дополнительные запросы: Для каждой книги выполняется отдельный запрос для получения автора.
SELECT * FROM authors WHERE id = {author_id};

Если в базе данных 1000 книг, то будет выполнено 1 (первоначальный запрос) + 1000 (по одному для каждого автора) = 1001 запрос.
Проблема решается путём использования join в первом запросе. В django можно использовать select_related() и prefetch_related()
 ",,Средне
81,Базы данных,Что такое планировщик запросов?,"Планировщик запросов или оптимизатор, который является основным компонентом современных платформ СУБД, отвечает за создание плана запроса. Он тщательно оценивает несколько альтернативных подходов к решению запроса к базе данных и выбирает наиболее оптимальный план с учетом различных факторов, таких как доступные аппаратные ресурсы, схема базы данных, распределение данных и статистика, сложность запроса и системные настройки.",,Средне
82,Базы данных,Что такое хинты для планировщика запросов?,"Хинты указываются в комментариях к запросу, оформленных с помощью /* и */. Чтобы комментарий интерпретировался как хинт, у него в начале должен стоять знак +, например /*+ SeqScan(t1) */. Хинты бывают следующих видов.

Хинты, отвечающие за метод сканирования таблицы

SeqScan (имя таблицы)
TidScan (имя таблицы)
IndexScan (имя таблицы [имя индекса])
IndexOnlyScan (имя таблицы [имя индекса])
BitmapScan (имя таблицы [имя индекса])
NoSeqScan (имя таблицы)
NoTidScan (имя таблицы)
NoIndexScan (имя таблицы)
NoIndexOnlyScan (имя таблицы)
NoBitmapScan (имя таблицы)

В качестве имени таблицы можно указывать как имя самой таблицы, так и её алиас в запросе.

Хинты, отвечающие за метод соединение таблиц

NestLoop (список имен таблиц)
HashJoin (список имен таблиц)
MergeJoin (список имен таблиц)
NoNestLoop (список имен таблиц)
NoHashJoin (список имен таблиц)
NoMergeJoin (список имен таблиц)

Список имен таблиц указывается через пробел. Он чувствителен к порядку, то есть соединение осуществляется именно в том порядке, в котором таблицы указаны.

Также отдельно выделены два хинта:
Leading (список имен таблиц) — устанавливает порядок соединения таблиц без указания конкретного способа соединения
Set(GUC значение) — устанавливает значение GUC переменной на время выполнения запроса. Вобщем-то никакой новой функциональности не несет, GUC и так можно было установить, просто хинт позволяет сделать это более лаконично (и быстро?).

Пример запроса: /*+ MergeJoin(t1 t2) IndexScan (t2 test2_value_idx) */ EXPLAIN ANALYZE SELECT * FROM test1 t1 JOIN test2 t2 ON t1.id_2 = t2.id WHERE t2.value BETWEEN 0.5 AND 0.51 ORDER BY t1.value1 LIMIT 100;
",,Иногда
267,Базы данных,"Как решить проблему очередей в postgres при одновременном доступе к ячейке Что будут делать другие пользователи/транзакции, кроме как ждать? Будут ли ждать вечно?","Использовать SELECT ... FOR UPDATE SKIP LOCKED (пропустит заблокированные строки) или NOWAIT (сразу выдаст ошибку). Также настроить параметр lock_timeout, чтобы транзакция не ждала бесконечно, а автоматически отменялась через заданное время.",,Средне
268,Базы данных,Что такое пагинация? Какие есть методы пагинации?,"Это разбиение большого объема данных на части(страницы) для отправки на клиент. 
Существуют два способа пагинации для упорядоченных запросов:
- Limit-Offset
- Курсорная","Литрес, Айти Бастион",Средне
278,Базы данных,Для чего нужно делать recreate index?,"Индексы со временем «раздуваются» (bloat) из-за MVCC (частые UPDATE/DELETE оставляют мертвые версии в индексе). Пересоздание (REINDEX) убирает мусор, уменьшает размер на диске и ускоряет поиск.",VK,Иногда
279,Базы данных,Какие операции навешивают table lock?,"DDL-операции: ALTER TABLE, DROP TABLE, TRUNCATE, CREATE INDEX (без CONCURRENTLY), VACUUM FULL, REINDEX. Также явная команда LOCK TABLE. Обычные DML (INSERT/UPDATE) блокируют только строки, а не таблицу целиком.",VK,Иногда
280,Базы данных,Что такое deadlock?,"Ситуация взаимной блокировки: транзакция A держит ресурс 1 и ждет ресурс 2, а транзакция B держит ресурс 2 и ждет ресурс 1. PostgreSQL обнаруживает цикл зависимостей и откатывает одну из транзакций с ошибкой, чтобы разблокировать другую.",VK,Иногда
281,Базы данных,В чем разница со стороны построения снепшотов между Repeatable Read и Read Committed?,"В Read Committed снепшот создается заново для каждого отдельного запроса внутри транзакции (видит свежие закоммиченные данные других). В Repeatable Read снепшот создается один раз при первом запросе транзакции и фиксируется до конца (не видит изменения других транзакций, даже закоммиченные).",VK,Иногда
282,Базы данных,Что такое bitmap и индексное сканирование? Когда что используется?,"Index Scan идет по дереву индекса и сразу читает строку из таблицы (эффективно для уникальных или малых выборок). Bitmap Scan сначала собирает адреса всех подходящих строк в битовую карту, сортирует их и потом читает таблицу последовательно (выгодно при большой выборке или объединении нескольких индексов).",VK,Иногда
293,Базы данных,Когда нужны реляционные БД?,"Когда нужна нормализация данных, много таблиц, различных связей, коротких транзакций преимущественно на вставку. И во всех случаях, под которые не подходят нереляционные.",,Часто
294,Базы данных,Какие есть виды нереляционных БД?,"- Документоориентированные (MongoDB, CouchDB) - для хранения документов в формате JSON, когда у бизнеса нет четких требований и схема документа нечеткая. Есть relation, но они не предназначены для них.
- Поисковые движки (Elasticsearch, Sphinx) - надстройка над документоориентированными. Хорошо подходит для поиска за счёт оптимизации и гибких настроек движка. (дублировать данные из реляционки в elk) Также подходит для хранения логов.
- Графовые (Neo4j, Microsoft Asure Cosmos DB) -
Для хранения данных в виде графа - когда хранятся отношения объектов (ребро - вид отношения, узел - объект) - соцсети, рекомендательные системы
- Ключ-значение (Redis, Memcached) - кэширование, быстрый доступ к оперативной памяти, но память ненадежная (для не сильно ценных данных).
- Колоночные (ClickHouse, Cassandra) - Позволяет круто сжимать данные. Подходит для аналитических задач (большие select запросы по нескольким полям)
- Time series (InfluxDB) - для временных промежутков, т.е. для событий, привязанных к временной шкале, например, системы мониторинга и финансовые системы
- Blob Store (Ceph, S3) - для хранения файлов различных форматов, например, картинок или аудио.
- Объектно-ориентированные (ObjectStore, Objectivity DB) - редкий вид БД, используется , когда требуется высокопроизводительная обработка данных, имеющих сложную структуру, при этом разработка ведется с использованием языков объектно-ориентированного программирования.
- Пространственные (Microsoft SQL) - для работы с объектами определенными в геометрическом пространстве. Это могут быть простые объекты (точки, линии, многоугольники) или сложные (3D-объекты, топологические покрытия, линейные сети). В таких СУБД реализован набор специальных функций, позволяющих проводить с объектами операции создания, трансформации, измерения (расстояния, площади, объема), вычисления (пересечений \ соприкосновений) и выборки по определенным критериям.",,Средне
294,Базы данных,Что такое Views?,"Представление (view) — это виртуальная таблица, которая формируется на основе результата выполнения запроса к одной или нескольким базовым таблицам. Представления не хранят данные физически (за исключением материализованных представлений), а хранят запрос.
Создаётся командой CREATE VIEW
В отличие от CTE:
Может использоваться больше одного раза (т.к. запрос хранится в памяти)
Не может ссылаться рекурсивно сам на себя",,Иногда
295,Базы данных,Какие могут быть виды сканирования?,"Вид сканирования определяет оптимизатор.
Index scan - используется если есть большой набор проиндексированных данных и потенциально в результирующий набор запроса попадает малое кол-во строк (например, 1 строка при 1 млн строк в таблице - поиск по primary key)
Index only scan - некоторые индексы хранят вместе с идентификаторами строк сами проиндексированные значения - позволяет не обращаться к таблицам и просто читать результаты из индекса. Используется карта видимости для проверки актуальности индексных записей.
Bitmap scan - используется при средних размерах результирующего набора запроса. Сначала метод доступа возвращает все TID строк, удовлетворяющих условию, и по ним строится битовая карта версий строк, а затем версии строк читаются из таблицы, при этом каждая страница будет прочитана только один раз. Может работать при поиске более чем по одному индексу, условиях на несколько столбцов, join-ах таблиц 
Sequential scan - последовательное сканирование. Используется при больших размерах результирующего набора запроса (999к из 1 млн). Быстрее при чтении с SSD, но медленнее при чтении с HDD, т.к. головке придётся много скакать по разным секторам диска.
Tid scan - сканирование по физическому адресу строки в таблице, редко используется",,Иногда
298,Базы данных,Что такое репликация? Когда нужно использовать?,"Репликация (replication) — это синхронное или асинхронное копирование данных между несколькими серверами. Ведущие серверы часто называют мастерами (master/leader), а ведомые серверы — слэйвами (slave/follower). 

Ведущие сервера используются для чтения и изменения данных, а ведомые — только для чтения. В классической схеме репликации обычно один мастер и несколько слэйвов, так как в большей части веб‑проектов операций чтения на несколько порядков больше, чем операций записи. Однако в более сложной схеме репликации может быть и несколько мастеров.

Например, создание нескольких дополнительных slave‑серверов позволяет снять с основного сервера нагрузку и повысить общую производительность системы, а также можно организовать слэйвы под конкретные ресурсоёмкие задачи и таким образом, например, упростить составление серьёзных аналитических отчётов — используемый для этих целей slave может быть нагружен на 100%, но на работу других пользователей приложения это не повлияет.",,Средне
299,Базы данных,Как выполняются транзакции в redis?,"Начало Транзакции (MULTI):
Клиент отправляет команду MULTI, после чего Redis начинает собирать последующие команды в очередь вместо их немедленного выполнения.
Добавление Команд в Транзакцию:
Все команды, отправленные после MULTI и до EXEC или DISCARD, помещаются в очередь и не выполняются сразу.
Примеры команд: SET, GET, DEL, INCR, DECR, LPUSH, LPOP(добавление и удаление значения из списка слева. для правой стороны RPUSH и RPOP)
Выполнение Транзакции (EXEC):
При получении команды EXEC Redis выполняет все команды из очереди последовательно. Если используется WATCH и отслеживаемые ключи изменились, транзакция будет отменена.
Отмена Транзакции (DISCARD):
Команда DISCARD очищает очередь команд и завершает транзакцию без выполнения каких-либо команд.",,Иногда
300,Базы данных,Какие есть агрегатные функции БД?,"Позволяют выполнять  операции над множеством строк и возвращать одно итоговое значение.
Встроенные функции:
AVG() - ср. значение
SUM()
COUNT()
MIN(), MAX()
STRING_AGG(a, b) - собирает все значения а в одну строку с разделителем b
ARRAY_AGG() - собирает все значения в массив
BOOL_AND()/BOOL_OR()  - возвращает истину, если все/одно значение истина
        Можно создавать свои через CREATE FUNCTION",,Иногда
301,Базы данных,В чем отличие между WHERE и HAVING?,"WHERE выполняется до выполнения агрегатных функций и фильтрует каждую строку отдельно, а HAVING работает после агрегатных функций и работает с группами строк (если есть GROUP BY, то по группам оттуда, иначе все строки являются одной группой).",,Иногда
302,Базы данных,Назови порядок выполнения SQL-запроса ,"FROM
JOIN
WHERE
GROUP BY
HAVING
SELECT
DISTINCT
ORDER BY
LIMIT / OFFSET",,Иногда
303,Базы данных,Что такое оконные функции?,"Оконная функция в SQL - функция, которая работает с выделенным набором строк (окном, партицией) и выполняет вычисление для этого набора строк в отдельном столбце без необходимости группировать данные и сводить их в одну строку.
 
select name, subject, grade,
sum(grade) over (partition by name) as sum_grade,
avg(grade) over (partition by name) as avg_grade,
count(grade) over (partition by name) as count_grade,
min(grade) over (partition by name) as min_grade,
max(grade) over (partition by name) as max_grade
from student_grades;


",,Средне
304,Базы данных,Что такое WAL?,"WAL, или Write-Ahead Logging, — это механизм обеспечения целостности данных и восстановления после сбоев в СУБД. Основная идея WAL заключается в том, что все изменения данных сначала записываются в журнал (лог), а уже потом постепенно применяются к самим данным. Это позволяет восстанавливать базу данных до консистентного состояния после неожиданного сбоя.",,Часто
305,Базы данных,Какие существуют механизмы отказоустойчивости в СУБД?,"Мастер-слейв - основной сервер мастер на запись и реплики-слейвы на чтение. Мастер синхронизирует между собой слейвы.
Журналы транзакций (WAL)
Резервное копирование
Шардирование
ACID
",,Часто
306,Базы данных,Какие существуют механизмы мониторинга запросов в БД?,"pg_stat — это набор системных представлений и таблиц статистики в PostgreSQL, которые предоставляют информацию о состоянии базы данных, активности запросов, использовании памяти, блокировках, индексах и многом другом.

Основные представления pg_stat
Вот наиболее важные представления pg_stat, их описание и примеры использования:
1. pg_stat_activity
Описание: Содержит информацию о текущих активных соединениях, выполняемых запросах и состоянии процессов.
Пример запроса:
SELECT pid, usename, state, query, query_start
FROM pg_stat_activity;
Ключевые поля:
pid — идентификатор процесса.
usename — имя пользователя.
state — состояние соединения (active, idle, idle in transaction).
query — выполняемый SQL-запрос.

2. pg_stat_database
Описание: Содержит агрегированную статистику по базам данных.
Пример запроса:

SELECT datname, numbackends, xact_commit, xact_rollback, blks_read, blks_hit
FROM pg_stat_database;
Ключевые поля:
datname — имя базы данных.
numbackends — количество активных подключений.
xact_commit — количество зафиксированных транзакций.
blks_read — количество чтений с диска.
blks_hit — количество обращений к кэшу (в памяти).

3. pg_stat_user_tables
Описание: Предоставляет статистику по пользовательским таблицам.
Пример запроса:

SELECT relname, seq_scan, seq_tup_read, idx_scan, idx_tup_fetch
FROM pg_stat_user_tables;
Ключевые поля:
relname — имя таблицы.
seq_scan — количество последовательных сканирований.
idx_scan — количество сканирований индекса.
n_tup_ins, n_tup_upd, n_tup_del — количество вставок, обновлений и удалений.

4. pg_stat_user_indexes
Описание: Информация об использовании индексов.
Пример запроса:
SELECT relname, indexrelname, idx_scan, idx_tup_read, idx_tup_fetch
FROM pg_stat_user_indexes;
Ключевые поля:
relname — имя таблицы.
indexrelname — имя индекса.
idx_scan — количество раз, когда индекс был использован.

5. pg_stat_bgwriter
Описание: Статистика фоновой записи данных на диск.
Пример запроса:
SELECT checkpoints_timed, buffers_checkpoint, buffers_clean
FROM pg_stat_bgwriter;
Ключевые поля:
checkpoints_timed — количество выполненных контрольных точек.
buffers_checkpoint — количество буферов, записанных во время контрольных точек.
buffers_clean — количество буферов, записанных фоновым процессом.

6. pg_stat_replication
Описание: Отслеживает состояние репликации между мастером и репликами.
Пример запроса:

SELECT pid, usename, application_name, client_addr, state
FROM pg_stat_replication;
Ключевые поля:
application_name — имя репликационного приложения.
state — состояние репликации (streaming, catchup, startup).",,Часто
311,Базы данных,Какие ты знаешь способы инвалидации кэша?,"TTL, по событиям и запись сначала в кэш, потом в основную память",,Иногда
191,Брокеры сообщений,Что такое брокер сообщений?,"Это промежуточное ПО (middleware), которое позволяет сервисам обмениваться данными асинхронно через сообщения. Производители отправляют сообщения в очередь или топик, а потребители забирают их, когда готовы. Это обеспечивает развязку сервисов и надежность доставки.",,Часто
193,Брокеры сообщений,RabbitMQ: плюсы/минусы?,"Плюсы: простота настройки, гибкая маршрутизация (exchanges),成熟ая экосистема, низкая задержка. Минусы: сложнее масштабировать при огромных объемах данных, сообщения обычно удаляются после потребления (нет долгого хранения), производительность падает при миллионах сообщений в очереди.",,Часто
195,Брокеры сообщений,Kafka: плюсы/минусы?,"Плюсы: огромная пропускная способность, хранение сообщений на диске (можно перечитать историю), масштабируемость, идеален для стриминга данных. Минусы: сложнее в администрировании (Zookeeper/KRaft), избыточен для простых задач, выше задержка相比 RabbitMQ.",,Часто
197,Брокеры сообщений,Что лучше использовать: RabbitMQ или Kafka? Как выбрать нужный инструмент под задачу?,"RabbitMQ выбирают для задач (task queue), RPC, сложной маршрутизации и когда сообщения нужно обработать один раз и удалить. Kafka выбирают для событийных потоков (event streaming), логирования, аналитики в реальном времени и когда нужно хранить историю сообщений или перечитывать их.",,Часто
199,Брокеры сообщений,Какие типы exchange ты знаешь в RabbitMQ?,"Direct (точное совпадение ключа), Fanout (рассылка всем подписчикам), Topic (по шаблону/маске), Headers (по заголовкам сообщений).",Домклик,Иногда
201,Брокеры сообщений,Как вы в своём проекте взаимодействовали с брокером сообщений? Что использовали?,"Использовали связку Celery + RabbitMQ для фоновых задач: отправка email, генерация отчетов, обработка загруженных файлов. Веб-приложение отправляло задачу в очередь, воркеры Celery забирали и выполняли их асинхронно.",,Часто
203,Деплой,Что такое CI/CD? Какие в нём есть этапы?,"CI/CD (Continuous Integration / Continuous Deployment) — практика автоматизации доставки кода. Этапы: сборка (build), линтинг и тесты (unit, integration), сборка образа (docker), пуш в реестр, деплой на стенд/продакшен.",,Редко
205,Деплой,Как обычно вручную деплоится бэкенд?,"Заход на сервер по SSH, pull актуального кода из git, установка зависимостей (pip install), применение миграций БД (alembic upgrade), перезапуск сервиса (systemctl restart gunicorn или docker-compose up -d).",,Редко
207,Деплой,В чем отличие облака и выделенного сервера для деплоя?,"Облако (AWS, GCP): легко масштабировать, много managed-сервисов (БД, кэш), оплата по факту использования, меньше ops-работы. Выделенный сервер (VPS/Bare-metal): фиксированная цена, полный контроль над железом и ОС, но вся ответственность за безопасность и обновления лежит на тебе.",,Редко
209,Деплой,Что такое линтер? Какие ты используешь в своей команде?,"Линтер — инструмент статического анализа кода для поиска ошибок и соблюдения стиля. Используем Flake8 или Ruff (быстрый), Black (форматирование), Isort (сортировка импортов).",,Часто
211,Деплой,Что такое mypy? Какие у него есть преимущества?,"Mypy — статический анализатор типов для Python. Преимущества: находит ошибки типов до запуска кода, улучшает автодополнение в IDE, служит документацией к коду, повышает надежность рефакторинга.",,Иногда
213,Деплой,Что такое pre-commit?,"Фреймворк для управления git-хуками. Позволяет автоматически запускать линтеры, тесты или форматирование кода локально перед каждым коммитом, чтобы не пропускать ошибки в репозиторий.",,Иногда
215,Деплой,Куда попадает собранный контейнер после сборки?,"В Container Registry (реестр контейнеров). Например: Docker Hub, GitLab Container Registry, AWS ECR, Google GCR или Harbor. Оттуда его забирает сервер для деплоя.",,Средне
217,Деплой,Что такое kaniko?,"Инструмент для сборки Docker-образов внутри контейнера или Kubernetes-кластера без использования Docker-демона. Безопаснее для CI/CD пайплайнов, так как не требует привилегированного режима.",,Редко
85,Конкурентность в Python,"Что такое GIL? Зачем он нужен, как он работает?","GIL (Global Interpreter Lock) — это механизм, присутствующий в интерпретаторе CPython, который предотвращает выполнение нескольких потоков одновременно. Это означает, что даже если программа Python создает несколько потоков, только один поток может исполняться в любой момент времени.

Основная причина появления GIL связана с внутренней реализацией CPython и необходимостью управлять памятью (например, подсчет ссылок на объекты) безопасным образом.

GIL работает, обеспечивая эксклюзивный доступ к интерпретатору только одному потоку в каждый момент времени. Он позволяет избежать сложных ошибок синхронизации, но ограничивает параллелизм на уровне потоков

### Решения для обхода ограничения GIL:
* Использование многопроцессорности, через multiprocessing
* Использовать альтернативные интерпретаторы, например IronPython
* Обходится с помощью IO-bound задач и библиотек написанных на С (numpy, pandas, ...)
* Использовать суб-интерпретаторы
* В 13-й версии питона можно отключить гил",,Часто
86,Конкурентность в Python,Что такое корутина?,"Корутина — это объект, который возвращается при вызове асинхронной (async) функции. Это особый вид генератора, который может быть приостановлен в точках await и возобновлён позже.

Плюсы:
* Высокая производительность для I/O-задач: Отлично подходят для одновременной обработки большого числа I/O-запросов с минимальными накладными расходами.
* Масштабируемость: Способны эффективно управлять тысячами одновременных соединений.
* Упрощение кода: Асинхронный код может быть написан в линейном стиле, что повышает его читаемость.

Минусы:
* Не подходят для CPU-bound задач: Поскольку корутины выполняются в одном потоке, они не ускоряют вычислительно сложные операции.
* Ограниченная поддержка библиотек: Не все сторонние библиотеки поддерживают асинхронность, что может ограничивать возможности.

Когда использовать:
* Высокопроизводительные сетевые серверы: При создании серверов, обрабатывающих множество одновременных сетевых запросов.
* Асинхронные операции ввода-вывода: Когда необходимо выполнять множество операций ввода-вывода без блокировки основного потока.
* Ограниченные ресурсы: Когда нужно обеспечить высокую степень параллелизма с минимальными ресурсами.
",,Часто
87,Конкурентность в Python,В чём отличие корутин от future и task?,"* Корутина — это объект, возвращаемый асинхронной функцией, который может выполняться асинхронно, приостанавливать и возобновлять своё выполнение при встрече с ключевым словом await. 
* Future — это низкоуровневый объект, представляющий собой обещание получить результат операции в будущем. Он хранит состояние асинхронной задачи: незавершённое, завершённое с результатом или завершённое с исключением. Объекты Future используются для передачи результатов между различными частями асинхронного кода и могут быть ожидаемы с помощью await.
* Task - это подкласс Future, поэтому всё, что относится к Future, справедливо и для Task. Однако главное отличие в том, что, создавая Task, вы напрямую планируете выполнение корутины в цикле событий, а результат её выполнения уже представляется (и хранится) как Future.

Основное отличие заключается в том, что корутины описывают логику асинхронных операций (что делать), тогда как Future представляет результат этих операций (что получилось), а Task является оберткой для них обоих.",,Часто
88,Конкурентность в Python,Что такое event loop? Как он работает внутри?,"Event loop (цикл событий) — это центральный компонент асинхронного программирования в Python, который отвечает за управление и выполнение асинхронных задач, таких как корутины и асинхронные I/O операции. 

Это механизм, который постоянно проверяет, есть ли задачи, готовые к выполнению (например, завершившиеся операции ввода-вывода), и передаёт управление этим задачам.

### Как работает? 
*  Инициализация: 
  Обычно делается через asyncio.run() или asyncio.get_event_loop()
* Добавление задач в очередь (Сбор событий): 
  В процессе работы программы, когда создаются корутины или другие асинхронные задачи, они добавляются в очередь event loop.
* Обработка событий:
  1.  Ожидание задач: Event loop проверяет, есть ли задачи, готовые к выполнению
  2. Выполнение задач: Event loop берёт готовую задачу из очереди и передаёт ей управление.
  3. Обработка результатов: Когда задача завершается, event loop может передать результат другой корутине, ожидающей этого результата, либо вызвать обработчики завершения (callbacks).
  4. Возвращение к ожиданию: После выполнения текущих задач event loop снова переходит в режим ожидания или проверки новых событий.

* Завершение работы: 
  Event loop продолжает цикл, пока не будут выполнены все задачи и обработаны все события",,Часто
89,Конкурентность в Python,Как запустить чтение файла в асинхронном коде?,"Для асинхронного чтения файла можно использовать библиотеку aiofiles
Которая предоставляет асинхронный аналог стандартного чтения файла.

import asyncio
import aiofiles

async def read_file_async(f_path):
 async with aiofiles.open(f_path, mode='r') as f:
  content = await f.read()

asyncio.run(read_file_async('example.txt'))

Если не использовать библиотеку, то нужно открывать файл в отдельном потоке, чтобы обеспечить совместимость асинхронного кода с синхронным IO-вызовом",,Средне
90,Конкурентность в Python,Что такое потокобезопасность?,"Потокобезопасность - это концепия, которая описывает способность программы или её компонентов правильно работать в многопоточном окружении.

### Основные аспекты потокобезопасности:
В потокобезопасной программе данные, к которым обращаются несколько потоков, защищены от конкуретного доступа. Реализуется с помощью элементов синхронизации ( мьютексы, семафоры и др)

Это позволяет избежать race condition, где два или более потоков пытаются одновременно изменить одни и те же данные

from threading import Thread, Lock  
  
counter = 0  
lock = Lock()  
  
def increment():  
    global counter  
    for _ in range(1_000_000):  
        with lock:  
            counter += 1  
  
t1 = Thread(target=increment)  
t2 = Thread(target=increment)  
t1.start()  
t2.start()  
t1.join()  
t2.join()  
print(counter)

Пример показывает, как защитить объектом синхронизацию участок, в котором будет race condition в случае его отсутствия",,Часто
91,Конкурентность в Python,Какие ты знаешь способы синхронизации потоков?,"* Lock - используется для ограничения доступа к ресурсу таким образом, что только один поток может владеть блокировкой в любой момент времени.

* RLock - это рекурсивная блокировка, которая позволяет одному и тому же потоку захватывать блокировку несколько раз, без риска блокировки самого себя.

* Semaphore ограничивает количество потоков, которые могут одновременно выполнять определённую операцию

* Event позволяет одному потоку сигнализировать другим потокам о том, что они могут продолжить выполнение
event = Event()  
  
def wait_for_event():  
    print(""Waiting Event"")  
    event.wait()  
    print(""Received Event"")  
  
def set_event():  
    print(""Set Event"")  
    event.set()

* Condition позволяет потокам ждать определённого условия и продолжать выполнение, когда это условие становится истинным

 
condition = Condition()  
  
def wait_for_condition():  
    with condition:  
        print(""Waiting Condition"")  
        condition.wait()  
        print(""Condition was True"")  
  
def notify_condition():  
    time.sleep(1)  
    with condition:  
        print(""Notifying"")  
        condition.notify()
 

* Barrier — это синхронизатор, который позволяет определённому числу потоков достичь одной точки выполнения, прежде чем всем им будет разрешено продолжить работу.",,Часто
92,Конкурентность в Python,Рассккажи подробно про потоки и их плюсы/минусы?,"Определение: Поток — это наименьшая единица выполнения внутри процесса. Потоки одного процесса разделяют общую память и ресурсы процесса. В Python потоки создаются с помощью модуля threading. Переключает потоки ОС и GIL.

Плюсы:
* Легковесность: Создание и переключение между потоками требует меньше ресурсов по сравнению с процессами.
* Общая память: Потоки могут легко обмениваться данными через общую память, что упрощает коммуникацию.
* Подходят для I/O-bound задач: Могут улучшить производительность в задачах, связанных с вводом-выводом, за счет перекрытия операций ожидания.

Минусы:
* Глобальная блокировка интерпретатора (GIL): В CPython GIL позволяет исполнять байткод только одному потоку за раз, что ограничивает параллелизм в CPU-интенсивных задачах.
* Проблемы с безопасностью потоков: Общая память может привести к гонкам данных и требует использования механизмов синхронизации (блокировки, семафоры).
* Сложность отладки: Многопоточные приложения сложнее отлаживать из-за параллельного выполнения кода.

Параллельность на уровне ОС
Потоки переключаются по таймеру ОС (выполняются псевдопараллельно), если они выполняются на одном ядре, но выполнение на одном ядре не обязательно следует из выполнения внутри одного процесса. ОС может раскидать потоки одного процесса по разным ядрам и тогда они будут истинно параллельно выполняться, если оба ядра не заняты другими вычислениями. Можно изменять таймер через модуль sys в python. У каждого потока есть свой приоритет и ОС чаще отдаёт приоритет потокам с бОльшим приоритетом.
",,Часто
93,Конкурентность в Python,Когда нужно применять потоки?,"Когда использовать:
* Используются библиотеки, не поддерживающие асинхронную реализацию
* Архитектура приложения не асинхронная и внедрение асинхронности требует значительных изменений
* CPU-вычисления, не задействующие GIL (numpy, pandas)",,Часто
94,Конкурентность в Python,Расскажи подробно про процессы и их плюсы/минусы?,"Процесс — это экземпляр выполняемой программы. У каждого процесса есть собственное пространство памяти, ресурсы и контекст выполнения. В Python процессы создаются с помощью модуля multiprocessing.

Плюсы:
* Истинный параллелизм: Процессы могут выполняться одновременно на нескольких ядрах процессора, обходя Глобальную блокировку интерпретатора (GIL) в CPython, так как у каждого процесса свой GIL.
* Изоляция памяти: Каждый процесс имеет свое собственное пространство памяти, что снижает риски конфликтов данных между процессами.
* Стабильность: Ошибка или сбой в одном процессе не повлияет на другие процессы.

Минусы:
* Высокие затраты на создание: Создание процесса требует больше ресурсов и времени и памяти по сравнению с потоками.
* Сложность коммуникации: Взаимодействие между процессами требует использования механизмов межпроцессного взаимодействия (IPC), таких как очереди, каналы, общая память, сигналы, сокеты, семафоры что может быть сложнее и медленнее.",,Часто
95,Конкурентность в Python,Для каких задач лучше всего подходит асинхронность?,"Асинхронность лучше всего подходит для задач, связанных с интенсивным вводом-выводом, например в разработке микросервисов и API, где требуется высокая производительность и масштабируемость",,Часто
96,Конкурентность в Python,В какой момент потоки переключаются между собой? Можем ли мы управлять переключением потоков?,"* ### Вытесняющая многозадачность
 Операционная система использует таймер, который периодически прерывает выполнение текущего потока и передаёт управление другому потоку. Этот процесс называется вытесняющей многозадачностью. Таймер можно настроить через модуль sys в Python. Также у каждого потока есть приоритет и ОС чаще даёт выполнения потокам с бОльшим приоритетом.
 
 def task1():  
     while True:  
         x = 0  
         for i in range(100000):  
             x += i  
         print(""Task 1 is running"")  
   
 def task2():  
     while True:  
         y = 0  
         for i in range(100000):  
             y += i  
         print(""Task 2 is running"")
 
* ### Блокирующие операции
  Поток может добровольно уступить управление, когда он выполняет блокирующую операцию, такую как ввод-вывод
 
 def read_file():  
     print(""Opening file..."")  
     with open(""example.txt"", ""r"") as file:  
         print(""Reading file..."")  
         content = file.read()  # Блокирующая операция: чтение данных из файла  
     print(""File read complete."")  
     print(content)  
   
 def other_task():  
     print(""Starting other task..."")  
     for i in range(5):  
         print(f""Other task iteration {i}"")
 
* ### Явная передача управления
 Поток может сам явно уступить управление другим потокам, используя time.sleep(0) или threading.Event().wait(timeout=0)
 
 def task1():  
     for i in range(1_000):  
         print(f""Task 1 - Iteration {i}"")  
         time.sleep(0)  # Явное уступление управления другим потокам  
   
 def task2():  
     for i in range(1_000):  
         print(f""Task 2 - Iteration {i}"")  
         time.sleep(0)  # Явное уступление управления другим потокам

Итог: ОС переключает потоки, но поток для своего выполнения должен сначала перехватить GIL. То, как часто и когда отпускать GIL, определяет интерпретатор. Получается, что снаружи потоками управляет ОС, но внутри она ограничивается поведением GIL и интерпретатора.",,Часто
97,Конкурентность в Python,Что такое greenlet?,"
Greenlet — это библиотека для Python, которая предоставляет механизм управления корутинами. Она осуществляет ручное переключение корутин и более гибкое управление ими.  Она нужна, т.к. в asyncio корутинами управляет Event loop и мы не можем контролировать его работу.",,Редко
98,Конкурентность в Python,Где быстрее происходит переключение: в процессах или в потоках?,"Потоки, так как они выполняются на одном ядре и более легковесные",,Средне
99,Конкурентность в Python,Кто управляет переключением потоков?,"ОС, интеретатор и GIL. ОС переключает потоки, но поток для своего выполнения должен сначала перехватить GIL. То, как часто и когда отпускать GIL, определяет интерпретатор. Получается, что снаружи потоками управляет ОС, но внутри она ограничивается поведением GIL и интерпретатора.",,Часто
100,Конкурентность в Python,Кто управляет переключением корутин в асинхронном коде?,Event Loop,,Часто
272,Конкурентность в Python,"Представим, что есть runtime питона, при этом он встречает оператор await какой-то корутины, которая  отправляет запрос на select в БД. В каком месте происходит прерывание? В каком месте event loop отдается контроль? Когда идет продолжение этой задачи?
","1. Вызывается асинхронная функция, которая внутри себя делает await на некую операцию (например, обращение к базе данных).
2. При достижении оператора await эта корутина «приостанавливается»: Python «сворачивает» контекст выполнения (всё состояние функции), и управление возвращается в event loop.
3. Event loop в это время может заниматься чем-то ещё: либо переключать другие корутины, либо дожидаться поступления данных (IO) с помощью механизма вроде select/epoll.
4. Когда результат готов (например, когда драйвер БД сообщает, что данные получены), event loop «пробуждает» корутину и возобновляет её выполнение сразу после строки с await.
5. Корутина продолжается, используя полученные данные (результат SQL-запроса и т.д.).",VK,Редко
274,Конкурентность в Python,"Что определяет, кто и на каком ядре будет выполняться при асинхронном коде, при многопоточности, мультипроцессорности?","При асинхронном коде работает один поток и одно ядро: управление переключает event loop в рамках этого же потока.
При многопоточности распределением по ядрам занимается планировщик ОС, переключением GIL и планировщик ОС. (Контролирует в первую очередь GIL, т.к. он сильнее ограничивает переключение потоков, чем ОС, но ОС ограничивает сам GIL снаружи)
При мультипроцессорности у каждого процесса свой GIL, поэтому и за выбор ядра, и за переключение отвечает планировщик ОС.",VK,Иногда
275,Конкурентность в Python,Что такое race condition(состояние гонки)?,"Race condition (состояние гонки) — это ситуация в многопоточном или параллельном исполнении, когда несколько потоков или процессов пытаются одновременно обращаться к общим ресурсам (данным, файлам, сетевым соединениям) или их модифицировать. Итоговый результат программы при этом зависит от того, какой из потоков «выиграл гонку» и завершил операцию первым. Такой неуправляемый порядок действий приводит к непредсказуемым ошибкам (невалидные данные, сбои, коррумпированные файлы и т.д.).
Для защиты внутренних структур данных интерпретатора от гонки потоков защищает GIL.
Но при этом в Python все равно возникает состояние гонки, когда несколько потоков одновременно изменяют одну переменную.",VK,Часто
276,Конкурентность в Python,Что такое потоковое голодание?,"Потоковое голодание (thread starvation) — это ситуация, когда один или несколько потоков в многопоточной среде не получают достаточного времени на выполнение (или не могут получить нужные ресурсы) из-за постоянного «захвата» CPU или ресурсов другими потоками с более высоким приоритетом или более агрессивным доступом. В результате «голодающий» поток висит в ожидании и не может выполнить свою работу.",VK,Иногда
277,Конкурентность в Python,"Есть три сервиса: 1 - асинхронный питон, 2 - синхронный питон, 3 - многопоточка без gil. Мы знаем что они все упадут, в каком порядке это произойдет и почему?","Многопоточный сервис без GIL
* Без глобальной блокировки интерпретатора потоки могут одновременно обращаться к разделяемым данным. Если в коде нет аккуратной синхронизации, возникает риск гонок, дедлоков и прочих concurrency-багов.
* При высокой нагрузке такой сервис «сделает всё быстро» — в том числе и ошибётся быстро, так как одновременно работают много потоков и конфликты, утечки памяти, «падения» из-за неосторожного доступа к ресурсам случаются чаще.

Асинхронный сервис на Python
* Здесь GIL остаётся, но благодаря async/await можно обслуживать большое число соединений в одном процессе.
* Под сильной нагрузкой сервис может упереться в лимиты по памяти (слишком много отложенных задач), получить «шторма» по тайм-аутам или блокироваться на внешних ресурсах (БД, другие сервисы).
* Падение произойдёт, когда очередь запросов и неуспевающие операции накопятся настолько, что начнутся фатальные ошибки (OutOfMemory, зависания и т.д.).

Синхронный сервис на Python
* Обрабатывает запросы последовательно (или с ограниченным пулом потоков под веб-сервером).
* Из-за своей «медлительности» (по сравнению с первыми двумя вариантами) он меньше параллелит, поэтому «умрёт» последним: либо от критической переполненной очереди (когда наружные балансировщики перестанут ждать ответа), либо от системных ограничений по памяти/дискам при слишком долгом хранении данных.

Сначала падает многопоточный без GIL (максимум непредсказуемого параллелизма),
потом асинхронный Python (много одновременных операций, но всё-таки под контролем event loop),
и последним «ложится» синхронный Python (меньше concurrency, зато может задохнуться от очереди запросов или системных ограничений).",VK,Редко
286,Конкурентность в Python,Как под капотом работаеть асинхронное чтение файла(aiofiles)?,"Из-за того, что в большинстве ОС операции чтения и записи в файл на диске являются блокирующими, чтение файла (сист. вызов read()) блокирует другие одновременные чтения файла, пока данные не будут прочитаны с диска. Аналогично запись в файл (write()) блокирует другие записи. Важно, что одновременные чтение и запись друг друга по умолчанию не блокируют, если не настроен механизм блокировки в приложении. При этом чтение во время записи может извлечь незавершенную запись в файл.
Сама либа aiofiles написана довольно кринжово - при чтении файла создается отдельный поток (через ThreadPoolExecutor, завёрнутый в asyncio), в котором производится блокирующий системный вызов read() (write()). Этот вызов блокирует сам поток и, соответственно, чтение (запись) другими потоками, но при этом не блокирует выполнение других корутин внутри Event Loop, т.к. он находится в другом потоке. Получается, что тут всего лишь имитируется асинхронность путем вынесения блокирующей операции в отдельный поток.

Справка:

*Файловый дескриптор - числовой идентификатор, с помощью которого ОС работает с файлом. Т.е. системный вызов open() возвращает файловый дескриптор, а write() и read() получают его на вход и понимают, с каким файлом надо работать.
К стандартному файловому дескриптору относится файл, но ещё есть дургие файловые дескрипторы - сокеты, каналы, устройства.

Дополнение про одновременное удаление файла потоками:
Если один поток изменяет файл, а второй удаляет его, файл удалится из каталога, но его содержимое останется существовать в файловой системе пока не закроются все файловые дескрипторы для этого файла. 

Дополнение про процессы:
Каждый процесс может читать/писать файл одновременно с другими процессами, т.к. у каждого процесса свой файловый дескриптор.
","WB, Авито, Литрес",Часто
287,Конкурентность в Python,Как работает aiohttp на уровне OC?,"AioHttp позAioHttp позволяет асинхронно выполнять запросы и получать ответы в неблокирующем режиме. 

Алгоритм:
1. Aiohttp создаёт (или использует из пула) неблокирующий сокет, регистрирует его в Event Loop
2. Пока ответ ожидается, Event Loop выполняет другие корутины
3. Когда ответ поступает на сокет, ОС обновляет его состояние.
4. Механизм мультиплексирования* (epoll - linux, kqueue - mac, iocp - windows) обнаруживает, что сокет готов к чтению, и отправляет сигнал для event loop об этом
5. Event Loop возобновляет выполнение соответствующей корутины, которая делает системный вызов recv()** для чтения инфы из сокета

Справка:
* Механизм мультиплексирования - метод, позволяющий эффективно обрабатывать множество соединений или потоков данных одновременно на уровне ОС. Он постоянно следит за состоянием каждого сокета и уведомляет сервер, если на каком-то из сокетов появились данные. Чем-то похоже по принципу работы на Event loop, но на уровне ОС (эту фразу лучше не говорить на собесе, я просто для себя грубую аналогию провёл)

**recv() - функция на языке Си, которая встроена в ОС для чтения данных из сокетаволяет асинхронно выполнять запросы и получать ответы в неблокирующем режиме.","WB, Litres, Авито",Часто
344,Конкурентность в Python,Когда нужно применять процессы?,"Когда использовать:
* CPU-интенсивные задачи: При выполнении CPU-bound операций, которые могут быть распараллелены по ядрам процессора.
* Необходимость изоляции: Когда требуется полная изоляция между задачами для обеспечения безопасности или стабильности.
* Обход ограничений GIL: Для выполнения параллельных вычислений в CPython, где GIL ограничивает многопоточность.",,Часто
345,Конкурентность в Python,"
Что такое deadlock?","Deadlock (взаимная блокировка) — это ситуация в многопоточной или многопроцессной среде, когда несколько потоков (или процессов) «застревают» в ожидании ресурсов, удерживаемых друг другом. Каждый поток ждёт, пока освободится ресурс, который занят другим потоком, и никто из них не может продолжить работу, в результате чего возникает «петля ожидания».",,Иногда
346,Конкурентность в Python,Какие есть механизмы общения процессов (IPC)?,"Каналы, сокеты, очереди, общая память, сигналы, высокоуровневые протоколы (HTTP, gRPС и так далее), брокеры",,Средне
347,Конкурентность в Python,Как устроена под капотом Celery?,"Celery – это асинхронная распределённая очередь задач для Python. Она позволяет определять задачи (функции), отправлять их в очередь и обрабатывать эти задачи асинхронно одним или несколькими воркерами. Основная идея заключается в том, что вы определяете функции как задачи, затем вызываете их не напрямую, а через очередь. Эти задачи отправляются посреднику (брокер/БД), а воркеры, которые подписаны на очереди, получают задачи и исполняют их.

Компоненты:
* Producer - часть приложения, которая создаёт задачи и отправляет их в Сelery (Fastapi приложение, например)
* Брокер (RabbitMQ/Redis/PostgreSQL) - отвечает за приём задач от отправителя (клиента) и их доставку к воркерам.
* Consumer - сущность, которая получает задачи из брокера и обрабатывает их (воркеры)
* Главный воркер - главный процесс, который подключается к брокеру, запускает дочерние процессы (воркеры) и раздаёт им задачи, сохраняет их результат
* Дочерние воркеры - запущены в отдельных процессах, выполняют celery задачи (воркер берёт одну задачу, выполняет ее до конца и берет следующую)

Воркеры в Celery могут быть процессами, потоками и корутинами в зависимости от конфигурации.",,Иногда
348,Конкурентность в Python,Как сделать приложение на синхронном фреймворке асинхронным?,"Многопроцессорность, многопоточность, Celery, Monkey-patching","Домклик, Литрес",Иногда
349,Конкурентность в Python,Что такое Monkey-patching?,"Monkey-patching в контексте Python — это приём, когда на этапе запуска программы (или модуля) некоторые стандартные функции и классы заменяются (патчатся) «на лету» своими версиями. Например, gevent или eventlet подменяют блокирующие операции ввода-вывода (I/O) в стандартной библиотеке Python greenlet-ами.
Патчинг заменяет стандартные модули socket, ssl, select, time, и т.д. на корутины.
Когда ваш код вызывает, к примеру, socket.socket.recv(), реальный вызов идёт не в классический блокирующий системный вызов, а в специальную обёртку, которая приостанавливает только текущий «зелёный поток» (greenlet), а не весь интерпретатор.
В результате, если один «зелёный поток» (корутина gevent/eventlet) ожидает данных из сети, другие greenlets могут в это же время выполняться (по сути, кооперативная многозадачность).
",,Редко
357,Конкурентность в Python,Приходилось ли работать с Event Loop напрямую?,"Да, в ситуациях, когда приходилось работать с гибридом синхронного и асинхронного кода. 
Пример:

Сценарий
* В нашем бэкенд-приложении есть Celery для фоновых задач.
* Нужно периодически или по событию вызывать внешний сервис, который удобнее (или единственно возможно) дергать асинхронно, к примеру с использованием aiohttp.
* Мы не хотим (или не можем) переводить весь Celery-воркер на полностью асинхронную модель.
* Решение: запустить asyncio event loop в отдельном потоке при старте воркера и взаимодействовать с ним через asyncio.run_coroutine_threadsafe().

```
import threading
import asyncio
import aiohttp

from celery import Celery

app = Celery(""myapp"", broker=""redis://localhost:6379/0"")

# Глобальные переменные
loop = None
_loop_thread = None

def start_event_loop_in_thread():
    """"""Запуск event loop в фоновом потоке.""""""
    global loop, _loop_thread
    loop = asyncio.new_event_loop()
    _loop_thread = threading.Thread(target=loop.run_forever, daemon=True)
    _loop_thread.start()

# При инициализации модуля запустим event loop
start_event_loop_in_thread()


async def fetch_data_async(url: str) -> str:
    """"""Асинхронная функция, делающая GET-запрос.""""""
    async with aiohttp.ClientSession() as session:
        async with session.get(url) as resp:
            return await resp.text()

def fetch_data_sync(url: str) -> str:
    """"""Синхронная обёртка для асинхронной функции fetch_data_async().""""""
    future = asyncio.run_coroutine_threadsafe(
        fetch_data_async(url),  # наша асинхронная корутина
        loop                    # глобальный event loop
    )
    # .result() блокирует текущий поток до завершения корутины
    return future.result()

@app.task
def fetch_data_task(url: str) -> str:
    """"""
    Задача Celery, которая, будучи синхронной,
    вызывает асинхронный код через обёртку.
    """"""
    print(f""[Celery-task] Запрашиваем данные по URL={url}"")
    data = fetch_data_sync(url)
    # Можно дальше обрабатывать, сохранять в БД и т.п.
    print(f""[Celery-task] Длина ответа = {len(data)}"")
    return data[:100]  # возвращаем первые 100 символов как пример

```
",,Средне
401,Конкурентность в Python,Расскажи про вытесняющую кооперативную многозадачность ?,"Вытесняющая многозадачность - это потоки в питоне, т.к. они могут быть принудительно прерваны планировщиком (интерпретатором, гилом и ос)
Кооперативная многозадачность - это корутины, потому что они сами уступают друг другу управление через yield, await",,Редко
402,Конкурентность в Python,Что происходит когда пишешь await под капотом?,"У корутины, являющейся частным случаем генератора, вызывается dunder-метод __await__, который под капотом использует конструкцию yield from. Далее Event Loop переключает выполнение корутин в точках await по мере их готовности к выполнению (см. механизм мультиплексирования)",,Часто
403,Конкурентность в Python,Почему gil освобождается при вводе выводе?,"Для того, чтобы не блокировать выполнение кода на операции ввода-вывода, так как фактически в этот момент код на python не выполняется, а происходит ожидание ответа извне, что является неоптимальным.",,Средне
404,Конкурентность в Python,Как в асинхронном коде запустить синхронную функцию?,"i/o функцию через loop = asyncio.get_running_loop(), loop.run_in_executor(), а cpu-задачу сверху обернуть ещё в ProcessPoolExecutor()",,Средне
252,Логирование,Как ты пишешь логи в своих приложениях?,"Использую стандартный модуль logging в Python или структурированные библиотеки типа structlog. Настраиваю форматеры, уровни и хендлеры для вывода в консоль, файл или удаленный сервер. Избегаю print, всегда добавляю контекстную информацию вроде request_id или user_id.",,Средне
253,Логирование,Зачем нужно делать логи в JSON формате?,"JSON формат удобен для машинного парсинга и агрегации в системах типа ELK. Позволяет фильтровать логи по конкретным полям, а не по тексту, и избегает проблем с экранированием спецсимволов в сообщениях.",,Редко
254,Логирование,Где ты смотришь логи своих приложений?,"В централизованных системах агрегации: Kibana, Grafana Loki, CloudWatch, Google Cloud Logging. Для локальной отладки использую docker logs или journalctl.",,Часто
255,Логирование,Что такое event driven logging?,"Это логирование значимых событий бизнес-логики, например пользователь зарегистрировался или платеж прошел, а не только технических ошибок. Такие логи часто отправляются в аналитические системы или брокеры сообщений для дальнейшей обработки и аудита.",,Редко
256,Логирование,Какие ты знаешь уровни логирования?,"DEBUG для детальной отладки, INFO для подтверждения нормальной работы, WARNING для неожиданных событий без остановки, ERROR для ошибок в выполнении функции, CRITICAL для серьезных ошибок требующих немедленного вмешательства.
",,Иногда
101,ООП,Что такое SOLID? Как расшифровывается?,"S - Single Responsibility - принцип единственной ответственности. Каждый класс должен иметь только одну зону ответственности (решать одну задачу, отвечать за одного актора, иметь одну причину для изменения).

Плохой пример - класс UserManager отвечает сразу за несколько задач: загрузка данных пользователя из базы, валидация и сохранение. Это нарушение SRP, поскольку у класса несколько причин для изменений.

```
class UserManager:
   def __init__(self, db_connection):
       self.db = db_connection


   def load_user(self, user_id):
       # Загрузка данных пользователя из базы
       user_data = self.db.query(f""""SELECT * FROM users WHERE id = {user_id}"""")
       return user_data


   def validate_user_data(self, user_data):
       # Простая валидация данных пользователя
       if """"email"""" not in user_data or """"@"""" not in user_data[""""email""""]:
           raise ValueError(""""Недопустимый email"""")
       return True


   def save_user(self, user_data):
       # Сохранение данных пользователя в базу
       if self.validate_user_data(user_data):
           self.db.execute(f""""UPDATE users SET name = '{user_data['name']}', email = '{user_data['email']}' WHERE id = {user_data['id']}"""")
```

Хороший пример - разделение класса на несколько:
```
class UserRepository:
   def __init__(self, db_connection):
       self.db = db_connection


   def load_user(self, user_id):
       # Загрузка данных пользователя из базы
       return self.db.query(f""""SELECT * FROM users WHERE id = {user_id}"""")


   def save_user(self, user_data):
       # Сохранение данных пользователя в базу
       self.db.execute(
           f""""UPDATE users SET name = '{user_data['name']}', email = '{user_data['email']}' WHERE id = {user_data['id']}""""
       )


class UserValidator:
   def validate(self, user_data):
       # Простая валидация данных пользователя
       if """"email"""" not in user_data or """"@"""" not in user_data[""""email""""]:
           raise ValueError(""""Недопустимый email"""")
       # Возможна дополнительная валидация
       return True


class UserManager:
   def __init__(self, repository: UserRepository, validator: UserValidator):
       self.repository = repository
       self.validator = validator


   def update_user(self, user_data):
       # Валидация данных пользователя и сохранение в базу
       if self.validator.validate(user_data):
           self.repository.save_user(user_data)
```

Плюсы:
* Читабельность и декомпозиция кода
* Проще вносить изменения, не будет конфликтов
* Нету божественных классов
* Класс инкапсулирует решение одной задачи

O - Open closed - принцип открытости-закрытости. Классы должны быть открыты для расширения, но закрыты для изменения.

Плохой пример:
 
```
class DiscountCalculator:
   def calculate_discount(self, user_type):
       if user_type == """"regular"""":
           return 0.1  # 10% discount for regular users
       elif user_type == """"vip"""":
           return 0.2  # 20% discount for VIP users
       else:
           return 0  # No discount for unknown user types
```

Если понадобится добавить новый тип пользователя, придётся модифицировать весь метод, из-за чего по новой его тестировать.

Хороший пример:
```
from abc import ABC, abstractmethod


# Интерфейс для расчета скидки
class Discount(ABC):
   @abstractmethod
   def calculate(self):
       pass


# Скидка для обычных пользователей
class RegularDiscount(Discount):
   def calculate(self):
       return 0.1  # 10% discount


# Скидка для VIP-пользователей
class VIPDiscount(Discount):
   def calculate(self):
       return 0.2  # 20% discount


# Класс для расчета скидки
class DiscountCalculator:
   def __init__(self, discount: Discount):
       self.discount = discount


   def calculate_discount(self):
       return self.discount.calculate()
```

Теперь, если потребуется добавить новую логику для скидки, мы просто создадим новый класс скидки , который будет расширять Discount, не изменяя DiscountCalculator.

Плюсы:
* Не нужно по новой тестировать старый код, т.к. он не изменялся
* Меньше вероятность ошибок

L - Liskov substitution - принцип подстановки Барбары Лисков. Должна быть возможность вместо родительского класса подставить любой его класс-наследник, при этом работа программы не должна измениться. (наследуемый класс должен дополнять, а не замещать поведение родительского класса)

Плохой пример:

```
class OrderRepository:
   def save(self, order_data):
       # Метод сохраняет заказ
       pass


   def rollback(self):
       # Метод откатывает транзакцию
       pass


class SQLOrderRepository(OrderRepository):
   def save(self, order_data):
       print(""""Saving order in SQL database"""")
       # Логика для сохранения в SQL базе данных


   def rollback(self):
       print(""""Rolling back SQL transaction"""")
       # Логика для отката транзакции в SQL


class NoSQLOrderRepository(OrderRepository):
   def save(self, order_data):
       print(""""Saving order in NoSQL database"""")
       # Логика для сохранения в NoSQL базе данных


   def rollback(self):  # Нарушение LSP, т.к. NoSQL базы могут не поддерживать транзакции
       raise NotImplementedError(""""Rollback is not supported in NoSQL databases"""")
```

Хороший пример:

```
from abc import ABC, abstractmethod


# Базовый класс для всех репозиториев
class OrderRepository(ABC):
   @abstractmethod
   def save(self, order_data):
       pass


# Интерфейс для транзакционных репозиториев
class TransactionalRepository(OrderRepository):
   @abstractmethod
   def rollback(self):
       pass


# SQL-репозиторий, поддерживающий транзакции
class SQLOrderRepository(TransactionalRepository):
   def save(self, order_data):
       print(""""Saving order in SQL database"""")
       # Логика для сохранения в SQL базе данных


   def rollback(self):
       print(""""Rolling back SQL transaction"""")
       # Логика для отката транзакции в SQL


# NoSQL-репозиторий без поддержки транзакций
class NoSQLOrderRepository(OrderRepository):
   def save(self, order_data):
       print(""""Saving order in NoSQL database"""")
       # Логика для сохранения в NoSQL базе данных
```

При нарушении принципа могут быть неожиданное поведение и ошибки в частных случаях.

I -  Interface Segregation - принцип разделения интерфейсов. Нельзя заставлять класс реализовывать интерфейс, которым он не пользуется.

Пример: см пример для L.

LSP (Liskov Substitution Principle): направлен на то, чтобы подклассы могли заменять базовые классы без изменения поведения системы. Это значит, что класс-наследник должен полностью соответствовать интерфейсу и поведению родительского класса, не нарушая его логику. Идея LSP — гарантировать, что если объект типа A работает в системе, то его подкласс B тоже должен работать так же корректно в любом месте, где ожидается A.
ISP (Interface Segregation Principle): направлен на разделение интерфейсов так, чтобы классы не реализовывали лишние методы. Если интерфейс слишком """"тяжелый"""" и содержит методы, которые не все классы могут использовать, нужно разбить его на более узкие, чтобы каждый класс реализовывал только нужные ему функции. Идея ISP — сделать код более гибким, понятным и избавить его от ненужных зависимостей.



D - Dependency Inversion - принцип инверсии зависимостей. Модули верхнего уровня не должны зависеть от модулей нижнего уровня. И те, и другие должны зависеть от абстракции. Абстракции не должны зависеть от деталей. Детали должны зависеть от абстракций.

Плохой пример:

```
class SMSService:
   def send_sms(self, message, recipient):
       print(f""""Sending SMS to {recipient}: {message}"""")


class NotificationService:
   def __init__(self, sms_service: SMSService):
       self.sms_service = sms_service


   def send_notification(self, message, recipient):
       self.sms_service.send_sms(message, recipient)
```

Здесь NotificationService жестко связан с SMSService. Если в будущем потребуется добавить другие способы отправки уведомлений (например, по email или push-уведомления), нам придется менять код NotificationService, что нарушает гибкость и усложняет поддержку.

Хороший пример:

```
from abc import ABC, abstractmethod


# Интерфейс для отправки уведомлений
class Notifier(ABC):
   @abstractmethod
   def send(self, message, recipient):
       pass


# Конкретная реализация для отправки SMS
class SMSService(Notifier):
   def send(self, message, recipient):
       print(f""""Sending SMS to {recipient}: {message}"""")


# Конкретная реализация для отправки email
class EmailService(Notifier):
   def send(self, message, recipient):
       print(f""""Sending Email to {recipient}: {message}"""")


# NotificationService теперь зависит от абстракции Notifier
class NotificationService:
   def __init__(self, notifier: Notifier):
       self.notifier = notifier


   def send_notification(self, message, recipient):
       self.notifier.send(message, recipient)
```

Теперь NotificationService зависит от интерфейса Notifier, и мы можем легко передать любую реализацию этого интерфейса — будь то SMSService, EmailService, или любой другой класс, реализующий Notifier.",,Часто
102,ООП,Расскажи про принципы ООП?,"Инкапсуляция — ограничивает доступ к внутренним данным и реализации объекта, предоставляя только необходимые для внешнего использования методы. Реализуется за счёт создания приватных полей и методов и работы с ними через публичные методы (сеттеры, геттеры и т. д.). Например, в сеттере можно добавить доп логику по проверке на дурака или дополнительную обработку полей.
В Python реализуется за счёт приватных и защищённых методов, обозначающихся через __ и _ соответственно.
Пример:
Класс User хранит приватные атрибуты _password и предоставляет методы set_password и verify_password для безопасного управления паролями пользователей.

```
class User:
   def __init__(self, username):
       self.username = username
       self._password = None


   def set_password(self, password):
       self._password = hash_password(password)


   def verify_password(self, password):
       return self._password == hash_password(password)
```

Наследование — это способность объекта наследовать свойства и методы от другого объекта. Это помогает сократить повторение кода. В Python реализовано за счёт множественного наследования, где важен порядок наследования.
Пример:
Создадим базовый класс BaseRepository, который содержит общие методы для HTTP-запросов. Затем создадим подклассы UserRepository и ProductRepository, наследующиеся от BaseRepository и добавляющие специфичные методы для работы с пользователями и продуктами соответственно.

```
from abc import ABC, abstractmethod


class BaseRepository(ABC):
   def __init__(self, base_url):
       self.base_url = base_url


   @abstractmethod
   def get(self, endpoint):
       pass


   @abstractmethod
   def post(self, endpoint, data):
       pass

class UserRepository(BaseRepository):
   def get(self, endpoint):
       # Реализация GET-запроса для пользователей
       pass


   def post(self, endpoint, data):
       # Реализация POST-запроса для пользователей
       pass

class ProductRepository(BaseRepository):
   def get(self, endpoint):
       # Реализация GET-запроса для продуктов
       pass


   def post(self, endpoint, data):
       # Реализация POST-запроса для продуктов
       pass
```

Полиморфизм - позволяет объектам использовать методы, которые были определены в их родительских классах, но при этом они могут иметь свою собственную реализацию этих методов. В Python можно перегружать операторы с помощью dunder-методов, переопределять методы родительских классов, реализовать работу метода или оператора одновременно с разными типами данных(классами) через if-else внутри метода.
Пример: 
Создадим базовый класс Notification, который содержит метод send с общей логикой отправки уведомлений. Подклассы EmailNotification и SMSNotification переопределяют метод send, реализуя специфичные для них способы отправки уведомлений.

```
class Notification:
   def send(self, message):
       # Общая логика подготовки уведомления
       formatted_message = f""""Уведомление: {message}""""
       self._send(formatted_message)

   def _send(self, formatted_message):
       # Базовая реализация отправки (может быть переопределена)
       print(f""""Отправка уведомления: {formatted_message}"""")

class EmailNotification(Notification):
   def _send(self, formatted_message):
       # Специфичная реализация отправки по Email
       print(f""""Отправка Email: {formatted_message}"""")

class SMSNotification(Notification):
   def _send(self, formatted_message):
       # Специфичная реализация отправки по SMS
       print(f""""Отправка SMS: {formatted_message}"""")
```

Абстракция — позволяет скрывать сложные детали реализации и предоставлять только необходимый функционал через простой интерфейс. Абстракция фокусируется на том, что объект делает, а не как он это делает. В Python реализована за счёт класса ABC и декоратора @abstractmethod из модуля abc.
В качестве примера подойдёт любой из приведённых выше.","Билайн. Синимекс, Edge",Часто
103,ООП,Что такое Миксин? Для чего используются?,"Миксины - это класс “примесь”, который позволяет добавлять функциональность к классу.

Зачем они нужны?
- Они позволяют добавлять новую функциональность в классы, не изменяя их иерархии наследования.
- Позволяют создавать модульный и гибкий код. Вы можете создавать миксины для разных задач и добавлять их в свои классы по мере необходимости
- Миксины могут быть использованы для решения общих задач, которые возникают в разных классах. Например, миксин для логирования или кеширования результатов методов. Это позволяет сэкономить время на написании повторяющегося кода и упрощает его поддержку в будущем.",,Редко
105,ООП,Что такое абстрактный класс?,"Абстрактный класс - это класс, который является классом-шаблоном для других классов. Он содержит один или несколько абстрактных методов. Он не предназначен для создания объектов напрямую.",Домклик,Часто
106,ООП,Что такое абстрактный метод?,"Абстрактный метод - это метод, который объявлен в абстрактном классе, но не имеет реализации. Он служи шаблоном для метода, который должен быть реализован в подклассах.",Домклик,Часто
229,ООП,Какие паттерны программирования ты знаешь? Приведи примеры. (Банда 4-х),"Структурные, поведенческие и порождающие

* Примеры структурных: адаптер, мост (bridge), компоновщик, декоратор, фасад, легковес, заместитель (proxy)
* Примеры поведенческих: цепочка обязанностей, стратегия, команда, снимок (memento), шаблонный метод, итератор, наблюдатель (observer), посредник (mediator), состояние, посетитель
* Примеры порождающих: фабричный метод, абстрактная фабрика, строитель, прототип, одиночка (singleton)
",Домклик,Средне
233,ООП,Расскажи про паттерн одиночка?,"Паттерн ""Одиночка"" (Singleton) — это порождающий паттерн проектирования, который гарантирует, что у класса есть только один экземпляр, и предоставляет к нему глобальную точку доступа.

Примеры использования: единый объект соединения с БД, логирования или настроек

Реализации:

* Метакласс

```
class SingletonMeta(type):
    _instance = None

    def __call__(cls, *args, **kwargs):
        if cls._instance is None:
            cls._instance = super(SingletonMeta, cls).__call__(*args, **kwargs)
        return cls._instance

class Logger(metaclass=SingletonMeta):
    def __init__(self):
        self.logs = []

    def log(self, message):
        self.logs.append(message)
        print(f""LOG: {message}"")
```

* Декоратор

```
def singleton(cls):
    instances = {}
    def get_instance(*args, **kwargs):
        if cls not in instances:
            instances[cls] = cls(*args, **kwargs)
        return instances[cls]
    return get_instance

@singleton
class DatabaseConnection:
    def __init__(self):
        self.connection = ""Подключено к базе данных""

```

* Метод __new__

```
class Singleton:
    _instance = None

    def __new__(cls, *args, **kwargs):
        if not cls._instance:
            cls._instance = super(Singleton, cls).__new__(cls)
        return cls._instance

class Config(Singleton):
    def __init__(self):
        self.settings = {}
```

* Модуль

```
# logger.py
class Logger:
    def __init__(self):
        self.logs = []

    def log(self, message):
        self.logs.append(message)
        print(f""LOG: {message}"")

logger = Logger()

# Использование в другом файле
from logger import logger

logger.log(""Сообщение из модуля"")
```
",Домклик,Средне
235,ООП,Расскажи про паттерн стратегия?,"Паттерн «Стратегия» (Strategy) — это поведенческий шаблон проектирования, который позволяет выбрать одну из нескольких возможных «стратегий» поведения объекта во время выполнения программы. Смысл в том, чтобы вынести схожий функционал в отдельные классы (каждый класс реализует свою стратегию), а не «зашивать» различную логику внутрь одного большого класса с кучей if-else.

Структура паттерна
* Интерфейс (Strategy). Определяет метод (или методы), которые должны быть реализованы в конкретных стратегиях.
* Конкретные стратегии (ConcreteStrategyA, ConcreteStrategyB и т.д.). Реализуют разные варианты алгоритма, соответствуя интерфейсу «Стратегии».
* Контекст (Context). Хранит ссылку на одну из стратегий и вызывает нужные методы в нужное время. Контекст не отвечает за реализацию алгоритма — он лишь выбирает, какую стратегию использовать, и вызывает её.

Основные плюсы
* Принцип единственной ответственности: каждая стратегия отвечает за свой алгоритм.
* Принцип открытости/закрытости: чтобы добавить новый способ доставки, пишем новую стратегию, не трогая старый код.
* Упрощённый код контекста: он не знает деталей реализации разных стратегий, только вызывает нужный метод.

Пример:

```
from abc import ABC, abstractmethod

# 1. Интерфейс (абстрактный базовый класс) Стратегии
class DeliveryStrategy(ABC):
    @abstractmethod
    def calculate_cost(self, weight: float, distance: float) -> float:
        pass

# 2. Конкретные стратегии

class PostStrategy(DeliveryStrategy):
    def calculate_cost(self, weight: float, distance: float) -> float:
        # Допустим, у почты свои расценки
        return weight * 0.5 + distance * 0.1


class CourierStrategy(DeliveryStrategy):
    def calculate_cost(self, weight: float, distance: float) -> float:
        # У курьера другая логика
        return weight * 1.0 + distance * 0.2


class PickupStrategy(DeliveryStrategy):
    def calculate_cost(self, weight: float, distance: float) -> float:
        # Самовывоз — предположим, бесплатно
        return 0.0

# 3. Контекст
class DeliveryService:
    def __init__(self, strategy: DeliveryStrategy):
        self._strategy = strategy

    def set_strategy(self, strategy: DeliveryStrategy):
        self._strategy = strategy

    def calculate_delivery_price(self, weight: float, distance: float) -> float:
        return self._strategy.calculate_cost(weight, distance)

# Пример использования
if __name__ == """"__main__"""":
    # Создаём сервис доставки с начальной стратегией """"Почта""""
    service = DeliveryService(PostStrategy())
    cost = service.calculate_delivery_price(weight=2.5, distance=50)
    print(""""Post cost:"""", cost)

    # Меняем стратегию на """"Курьер""""
    service.set_strategy(CourierStrategy())
    cost = service.calculate_delivery_price(weight=2.5, distance=50)
    print(""""Courier cost:"""", cost)

    # Меняем стратегию на """"Самовывоз""""
    service.set_strategy(PickupStrategy())
    cost = service.calculate_delivery_price(weight=2.5, distance=50)
    print(""""Pickup cost:"""", cost)
```",,Редко
237,ООП,Расскажи про паттерн фабричный метод?,"Паттерн «Фабричный метод» (Factory Method) относится к порождающим паттернам проектирования и решает задачу создания объектов. Он предоставляет интерфейс для создания объектов, но оставляет выбор конкретного класса для порождаемых объектов наследникам (подклассам).

Общая структура
* Product (Интерфейс или Абстрактный класс продукта) — общий интерфейс создаваемого объекта.
* ConcreteProduct (Конкретные продукты) — различные варианты объектов, реализующие интерфейс Product.
* Creator (Создатель) — базовый класс или интерфейс, который содержит фабричный метод createProduct().
* ConcreteCreator (Конкретные создатели) — подклассы Creator, которые переопределяют фабричный метод, указывая, какой конкретный продукт создавать.

Пример реализации:

В нашем приложении есть различные каналы оповещений для пользователей:

* Email
* SMS
* Push-уведомления
* Логика отправки в каждом случае своя:

Электронная почта требует установления SMTP-соединения и формата письма.
SMS требуют интеграции с внешним провайдером.
Push — отдельный сервис или API.
Чтобы не захламлять код кучей if-else при выборе канала, используем Фабричный метод:

Базовый класс (Creator) будет у нас NotificationFactory, имеющий фабричный метод create_notification().
Конкретные фабрики (ConcreteCreators) для каждого канала будут переопределять этот метод.
Общий интерфейс (Product) — Notification, а конкретные классы (ConcreteProducts) — EmailNotification, SMSNotification, PushNotification.

Таким образом код, который «хочет» отправить уведомление, будет использовать фабрику, но не будет «заморачиваться», как именно создаётся уведомление.

Код:

```
from abc import ABC, abstractmethod

class Notification(ABC):
    """"""Абстрактный класс для всех уведомлений.""""""
    
    @abstractmethod
    def send(self, to: str, message: str) -> None:
        """"""Метод отправки уведомления.""""""
        pass

class EmailNotification(Notification):
    """"""Уведомление по Email.""""""
    
    def send(self, to: str, message: str) -> None:
        # Здесь могла быть логика SMTP, формирование письма и т.д.
        print(f""[Email] Отправляем письмо на {to}: {message}"")


class SMSNotification(Notification):
    """"""Уведомление по SMS.""""""
    
    def send(self, to: str, message: str) -> None:
        # Здесь код интеграции с SMS-шлюзом
        print(f""[SMS] Отправляем SMS на {to}: {message}"")


class PushNotification(Notification):
    """"""Push-уведомление.""""""
    
    def send(self, to: str, message: str) -> None:
        # Здесь обращение к сервису пуш-уведомлений (Firebase, OneSignal и т.п.)
        print(f""[Push] Отправляем PUSH для {to}: {message}"")

class NotificationFactory(ABC):
    """"""Абстрактная фабрика уведомлений.""""""
    
    @abstractmethod
    def create_notification(self) -> Notification:
        """"""Фабричный метод: возвращает объект Notification.""""""
        pass
    
    def process_and_send(self, to: str, message: str) -> None:
        """"""
        Общий метод, который может что-то готовить,
        а затем использовать созданное уведомление.
        """"""
        notification = self.create_notification()
        # Допустим, здесь какая-то подготовка,
        # логирование, проверка и т.д.
        notification.send(to, message)

class EmailNotificationFactory(NotificationFactory):
    """"""Фабрика, создающая Email-уведомления.""""""
    
    def create_notification(self) -> Notification:
        return EmailNotification()


class SMSNotificationFactory(NotificationFactory):
    """"""Фабрика, создающая SMS-уведомления.""""""
    
    def create_notification(self) -> Notification:
        return SMSNotification()


class PushNotificationFactory(NotificationFactory):
    """"""Фабрика, создающая Push-уведомления.""""""
    
    def create_notification(self) -> Notification:
        return PushNotification()

def get_notification_factory(channel: str) -> NotificationFactory:
    """"""
    Пример «выбора» нужной фабрики по названию канала.
    Может быть конфигурация из БД, из .env, из настроек...
    """"""
    if channel == ""email"":
        return EmailNotificationFactory()
    elif channel == ""sms"":
        return SMSNotificationFactory()
    elif channel == ""push"":
        return PushNotificationFactory()
    else:
        raise ValueError(f""Unknown notification channel: {channel}"")


# Допустим, где-то в коде бэкенда:
def send_user_notification(user_id: int, message: str):
    """"""
    Функция, которая отправляет уведомление пользователю,
    не заботясь о конкретном канале.
    """"""
    # Предположим, мы достали из базы данных или настроек,
    # что пользователь предпочитает SMS
    user_channel = ""sms""
    user_contact = ""79001234567""  # Например, телефон
    
    # Получаем фабрику по нужному каналу
    factory = get_notification_factory(user_channel)

    # Отправляем сообщение
    factory.process_and_send(to=user_contact, message=message)

```
В чём польза такого решения?
* Удобное расширение: если нам понадобится новый тип уведомлений (например, Telegram-уведомления), мы просто добавим новый класс TelegramNotification и новую фабрику TelegramNotificationFactory. Мы не меняем код других фабрик и минимально затрагиваем общий код.
* Отделение логики создания объектов (конкретных уведомлений) от остальной бизнес-логики бэкенда.
* Чистый код: вместо бесконечного if-elif-else в одном месте, у нас упорядоченный набор фабрик, каждая отвечает только за свой вариант.
",Домклик,Средне
238,ООП,Какие паттерны проектирования приложений ты знаешь?,"MVC, MVP, MVVM",,Редко
239,ООП,Какие принципы чистого кода ты знаешь?,"DRY (Don’t Repeat Yourself) - Избегайте дублирования кода. Каждый кусок информации или логики должен существовать в коде в единственном месте.(функции)

KISS (Keep It Simple, Stupid) - Старайтесь писать код как можно проще.

YAGNI (You Aren’t Gonna Need It) - Не добавляйте в код функциональность, которая вам пока не нужна.

SOLID","Аэроклуб, ТуТу",Часто
250,ООП,Что такое Dependency Injection?,"Dependency Injection (DI) — это паттерн проектирования, который позволяет объектам получать необходимые зависимости извне, а не создавать их внутри. В DI зависимости (объекты других классов) передаются через конструктор, методы или свойства класса, что облегчает замену зависимостей, их тестирование и управление. Другими словами - это использование агрегации вместо композиции.","Синимекс, Иннотех, Аэроклуб, ТуТу",Часто
309,ООП,Расскажи про паттерн наблюдатель?,"Паттерн «Наблюдатель» (Observer) решает задачу автоматического уведомления заинтересованных объектов (наблюдателей) об изменениях в другом объекте (субъекте/издателе).

Как это выглядит на практике:
* У нас есть «издатель» (subject), который «изменяется».
* Есть «наблюдатели» (observers), которые хотят узнавать об изменениях издателя.
* Когда в издателе что-то меняется, он оповещает всех подписанных наблюдателей (например, вызывает у них метод update() или аналогичный).

Достоинства паттерна:
* Ослабленная связанность: издатель не зависит от конкретных классов подписчиков и знает только, что у них есть метод update(). Это упрощает поддержание и расширение кода.
* Гибкое расширение: можно легко добавить новых наблюдателей или удалить существующих, не меняя код издателя.
* Удобство подписки/отписки: наблюдатель может самостоятельно «подключаться» (attach) к издателю и «отключаться» (detach) от него, когда это необходимо.
* Реактивный подход: позволяет в реальном времени реагировать на события, распространять уведомления всем заинтересованным сервисам и модулям, что особенно полезно в высоконагруженных системах.

Пример:

Сервис оплаты — чтобы списать деньги.
Сервис уведомлений — чтобы отправить письмо или СМС с подтверждением заказа.
Сервис доставки — чтобы начать подготовку и отгрузку товара.
Сервис аналитики — чтобы зафиксировать факт покупки и проанализировать данные (например, для рекомендаций).

Чтобы не «зашивать» логику оповещения всех этих сервисов прямо в код метода оформления заказа, удобно использовать паттерн «Наблюдатель». Тогда при появлении нового заказа «издатель» (OrderManager) рассылает всем «наблюдателям» (PaymentService, NotificationService, ShippingService и т.д.) уведомление о событии.

```
class OrderManager:
    """"""Издатель (Subject) — оформляет заказ и рассылает уведомления.""""""
    def __init__(self):
        self.observers = []

    def attach(self, observer):
        self.observers.append(observer)

    def detach(self, observer):
        self.observers.remove(observer)

    def notify(self, order):
        for observer in self.observers:
            observer.update(order)

    def create_order(self, user_id, items):
        # Логика создания заказа в БД
        order = {""user_id"": user_id, ""items"": items, ""order_id"": 123}
        print(f""[OrderManager] Заказ создан: {order}"")
        
        # После создания заказа уведомляем все подписанные сервисы
        self.notify(order)


class PaymentService:
    """"""Наблюдатель (Observer) для оплаты.""""""
    def update(self, order):
        print(f""[PaymentService] Оплата заказа #{order['order_id']} запущена."")


class NotificationService:
    """"""Наблюдатель (Observer) для отправки уведомлений.""""""
    def update(self, order):
        print(f""[NotificationService] Уведомление о заказе #{order['order_id']} отправлено пользователю."")


class ShippingService:
    """"""Наблюдатель (Observer) для доставки.""""""
    def update(self, order):
        print(f""[ShippingService] Заказ #{order['order_id']} взят в обработку на складе."")


# Инициализация
order_manager = OrderManager()

payment_service = PaymentService()
notification_service = NotificationService()
shipping_service = ShippingService()

# Подписываем сервисы на события создания заказа
order_manager.attach(payment_service)
order_manager.attach(notification_service)
order_manager.attach(shipping_service)

# Создаём заказ (издатель сам разошлёт обновления всем подписанным наблюдателям)
order_manager.create_order(user_id=42, items=[""Laptop"", ""Mouse""])
```

",Домклик,Иногда
312,ООП,Когда не стоит использовать принцип DRY?,"1. Если нужно быстро создать MVP для проверки какой-либо гипотезы или создать свой пет проект, можно вовсе не использовать никакие принципы программирования, потому что каждый принцип увеличивает время разработки
2. Дублирование кода допустимо, когда оно происходит во фрагментах кода, которые развиваются разными путями, т.к. из-за разных скорости и причин для изменения спустя время фрагменты кода перестанут быть похожими друг на друга.
Пример: дублирование полей и/или методов в pydantic моделях, которые используются в разных эндпоинтах",ТуТу,Редко
313,ООП,В чем отличие интерфейса от абстрактного класса?,"В абстрактном классе реализуется часть методов, которые наследуют и используют дочерние классы, а в интерфейсе методы не реализуются, он является лишь обозначением, какие методы должны реализовать дочерние классы.",Домклик,Часто
314,ООП,Как избежать ромбовидного наследования?,"Миксины, композиция и агрегация, множественное наследование в Python",,Редко
36,Основы Computer Science,Какая наименьшая единица измерения информации в компьютере?,Бит,,Редко
37,Основы Computer Science,Сколько бит в килобайте?,1 * 1024 * 8 = 8192 бит,,Редко
38,Основы Computer Science,Из чего состоит компьютер?,"Процессор, материнская плата, оперативная память, долговременная память, видеокарта",,Редко
39,Основы Computer Science,Из чего состоит процессор?,"Процессор состоит из одного или нескольких ядер, запоминающего устройства и шины данных. Ядро состоит из арифметико-логического устройства и устройства управления",,Редко
219,Основы k8s,Как ты взаимодействуешь с k8s?,"Взаимодействовал с ним больше как пользователь, т.к. у был девопс в команде.

1) Мог зайти в кубер посмотреть логи пода (через kubectl или openlens)

```
kubectl get pods
kubectl logs <pod_name>
```

2) Мог задеплоить новый сервис на основе уже собранных конфигов

```
kubectl apply -f <filename>.yaml
```

3) Мог увеличить или уменьшить ресурсы потребления сервиса (cpu и memory) через values файл. (Cмотрел в мониторинг Grafana и если значения превышали в 60%, то увеличивал ресурсы)

Обычно выделяют 2 ядра cpu и 1-2гб оперативной памяти

",,Часто
221,Основы k8s,Что такое namespace?,"namespace - это логическое разделение ресурсов внутри кластера, которое позволяет изолировать и организовывать их (настраивать cpu, память и количество подов отдельно). Обычно на namespace делят разные команды, которые работают над разными сервисами.
",,Иногда
223,Основы k8s,Что такое под?,"Под — это минимальная и основная единица развертывания в Kubernetes. Это группа контейнеров с общими сетью и томами.

Чаще всего в поде один контейнер, но может быть и несколько. У каждого пода есть свой ip адрес и тома, которые контейнеры делят между собой.
",,Иногда
225,Основы k8s,Как можно посмотреть логи подов?,"```
kubectl get pods
kubectl logs <pod_name>
```",,Редко
227,Основы k8s,Что такое сервис?,"Сервис — это объект, предназначенный для предоставления доступа к приложению, запущенному в виде набора подов в кластере. Он перенаправляет запросы на поды и балансирует нагрузку между ними, разрешает dns имена.

Основные сервисы:
 * Container runtime - отвечает за создание и контроль контейнеров на каждом из узлов.
 * Kubelet - сервис, отвечающий за коммуникацию между узлами
 * kube-proxy - отвечает за сетевые ресурсы узла

Сервисы главного узла:
 * API Server - коммуникация с рабочими узлами
 * Scheduler -  балансировщик нагрузки между узлами 
 * etcd - сохранение логов о кластере
 * Dns
",,Редко
368,Основы k8s,Что такое k8s?,"k8s — это открытая система оркестрации контейнеров, разработанная для автоматизации развертывания, масштабирования и управления контейнеризованными приложениями.",,Средне
369,Основы k8s,Что такое кластер?,"Кластер - это совокупность связанных между собой узлов (нод), которые совместно работают для развертывания, управления и масштабирования контейнеризованных приложений. На одном узле развернуто несколько подов.

В кластере есть главный узел и рабочие узлы. 
Главный управляет рабочими:
Определяет, на каких узлах будут запускаться новые поды
Обрабатывает запросы на удаление, добавление и обновление подов

Балансировку нагрузки производит Ingress контроллер.
",,Иногда
370,Основы k8s,Что такое helm-chart?,"Helm Chart — это пакетный формат в Kubernetes, используемый для управления, развертывания и обновления приложений. Он содержит все файлы и конфигурации, необходимые для развертывания Kubernetes-приложения.
Helm — это инструмент для управления Kubernetes-приложениями с использованием Charts, которые представляют собой набор шаблонов Kubernetes-манифестов (YAML-файлов).

Почему использовать Helm?
 * Упрощённое управление: Объединяет сложные Kubernetes-манифесты в один пакет.
 * Повторяемость: Позволяет развернуть одно приложение в разных средах с разными настройками.
 * Обновление приложений: Обеспечивает лёгкое обновление или откат приложений.
 * Сообщество: Существует множество готовых Helm Charts, которые можно использовать.

Helm Chart — это структура каталогов с определёнными файлами:
mychart/
  Chart.yaml         # Основная информация о пакете
  values.yaml        # Значения по умолчанию
  templates/         # Шаблоны Kubernetes-манифестов
  charts/            # Зависимости
  README.md          # Описание пакета
",,Иногда
371,Основы k8s,Какие знаешь команды k8s?,"Подключение к терминалу пода
kubectl exec -it <имя-пода> -- /bin/bash

Просмотр логов пода
kubectl logs <имя-пода>

Изменение количества подов
kubectl scale deployment <имя-развертывания> --replicas=5

Деплой нового сервиса на основе готового конфига
kubectl apply -f ./k8s-configs/

Список подов
kubectl get pods

Информация о поде
kubectl describe pod <имя-пода>

Удалить под
kubectl delete pod <имя-пода>

Создать(удалить) пространство имён
kubectl create(delete) namespace <имя-неймспейса>

Снести проект
kubectl delete all -l app=<имя-приложения>",,Редко
372,Основы k8s,Какие виды проб есть в k8s?,"* livenessProbe
 - Проверяет, жив ли контейнер (продолжает ли он работать корректно).
 - Если livenessProbe «падает» (возвращает неуспех), kubelet перезапускает контейнер.
 - Обычно используют, чтобы перезапустить «зависшее» приложение.

* readinessProbe
 - Проверяет, готов ли контейнер обрабатывать трафик.
 - Если readinessProbe «падает», Pod исключается из балансировки (Endpoints). Но контейнер не перезапускается.
 - Например, можно дождаться, пока приложение прогрузит кэш или подключится к базе, прежде чем принимать запросы.

* startupProbe
 - Проверяет, корректно ли приложение запустилось.
 - Применяется в случаях, когда инициализация приложения занимает долгое время, и livenessProbe может «убить» контейнер до того, как он успеет стартовать.
 - После успешного прохождения startupProbe автоматически «отключается», и в дальнейшем задействуется livenessProbe.",Tutu,Редко
1,Основы Python,Какие типы данных в Python ты знаешь?,"Типы данных делятся на две группы: изменяемые и неизменяемые. Изменяемые – dict, set, list. Неизменяемые – все числовые типы (int, float, complex, ...), bool, tuple, str, NoneType, byte, frozenset","ТуТу, Edge, Sinimex, Домклик",Часто
2,Основы Python,Какая характеристика определяет неизменяемые типы данных?,"Хешируемость. Чтобы тип данных (класс) стал КОРРЕКТНО хешируемым ему нужно определить два магических метода – ""__hash__"" и ""__eq__"", иначе он тоже хешируется и сравнивается, но по id, который у всех объектов уникален",WB,Часто
3,Основы Python,Какое максимальное число можно положить в тип int?,"Бесконечно большое, ограничено только физической памятью. Под капотом в Python реализована логика длинной арифметики и когда число переваливает за размер 2^30, то выделяются дополнительные 4 байта на хранение. А если первысит размер 2^60, то еще 4 байта и так далее.",,Редко
4,Основы Python,Как проверить что одно число типа float равно другому числу float?,"Числа типа float хранятся не точно, поэтому нельзя просто написать `float1==float2`. Правильно это делается вычитанием и сравнением с очень маленьким числом: `if abs(float1-float2) < 0.000001`",,Редко
5,Основы Python,Какими способами можно представить дробные числа в Python?,"Типом float, с помощью библиотек decimal (точное хранение десятичных дробей), fractions(точное хранение обыкновенных дробей) и другими.",,Редко
6,Основы Python,Какие преимущества и недостатки есть при работе с float?,"Преимущества: скорость вычислений очень быстрая за счет вычислений на процессоре. Недостатки: вычисления во float происходят с потерей точности, поэтому с помощью этого типа нельзя делать расчеты там, где она важна. Для того чтобы достичь точности нужно использовать тип decimal или переводить все в тип int если это возможно.",,Редко
7,Основы Python,Какие преимущества и недостатки у decimal?,Преимущества: точность вычислений. Недостатки: скорость вычислений.,,Редко
8,Основы Python,Что происходит при копировании строки?,Создается новый объект в памяти,,Часто
9,Основы Python,Что из себя представляет символ с точки зрения компьютера?,Символ это числовое значение. Конкретный номер определяется кодировкой.,,Редко
10,Основы Python,Что такое кодировка?,"Кодировка это таблица, которая соотносит число и символ. Бывают кодировки UTF8, UTF16 и другие. Отличаются они друг от друга размером, который выделяется на хранение одного символа.",Билайн,Редко
11,Основы Python,Какие виды строк ты знаешь?,"1. Обычные строки (str)
Это стандартные строки, которые создаются с использованием одинарных ('...') или двойных кавычек (""..."").
Поддерживают форматирование, индексацию и срезы.
2. Многострочные строки (Multiline strings)
Создаются с использованием тройных кавычек ('''...''' или """"""..."""""").
Позволяют записывать текст, состоящий из нескольких строк, без необходимости использовать символ переноса строки \n.
Полезны для хранения длинных текстов или создания документирующих строк (docstrings) в коде.
3. Сырые строки (Raw strings)
Используются для работы со строками, содержащими специальные символы, такие как \n, \t, и особенно полезны для работы с регулярными выражениями и файловыми путями.
Обозначаются буквой r перед строкой: r'...' или r""..."".
Специальные символы внутри сырой строки трактуются как обычные символы.
4. Байт-строки (Bytes strings)
Представляют собой строки, состоящие из байтов, а не символов, и обозначаются буквой b перед строкой: b'...'.
Используются для обработки данных, не предназначенных для текстового представления, например, бинарных данных или сетевых протоколов.
6. Форматированные строки (f-strings)
Позволяют встраивать выражения и переменные прямо в строку с использованием синтаксиса f'...'.
Обеспечивают удобный способ подставлять значения в строку.
7. Шаблонные строки (Template strings)
Представлены в модуле string и позволяют создавать строки с заполнителями, которые можно заменять значениями из словаря.
Менее гибкие, чем f-strings, но полезны для определенных случаев, например, для генерации текстов на основе шаблонов.
Пример:

```
from string import Template
template = Template(""Hello, $name!"")
result = template.substitute(name=""Alice"")
```",,Редко
12,Основы Python,Как сделать копию списка?,"Есть два типа копирования: поверхностное и глубокое. Поверхностную копию списка можно сделать срезом (`b = a[:]`) или с помощью метода copy, а глубокое с помощью deepcopy.",,Часто
13,Основы Python,Какая сложность вставки элемент в список?,"Если вставка в конец, то О(1) в лучшем и среднем случае и О(n) в худшем, если заканчиваются ячейки и массив переносится в новую область памяти. Если в середину или начало, то О(n), т.к. при вставке элемента в начало или в середину элементы сдвигаются.",,Часто
14,Основы Python,Чем кортежи отличаются от списков?,"Кортежи неизменяемые, а списки изменяемые
Кортежи могут быть ключом словаря, а списки нет
Кортежи более эффективны по производительности и памяти
Пустой кортеж работает как синглтон
",,Средне
15,Основы Python,Что такое срез?,"Срез это частичная или полная поверхностная копия списка, строки или кортежа. Задается так: `a[start:stop:step]`.",,Средне
16,Основы Python,Может ли кортеж содержать изменяемые объекты?,"Да, может. В таком случае он теряет свойство хешируемости и не может быть ключом словаря.",,Часто
17,Основы Python,Можно ли изменить список лежащий внутри кортежа?,"Да, можно, потому что в кортеже лежит ссылка на список, а не сам список.",,Часто
18,Основы Python,Можно ли использовать кортеж со списком внутри как ключ словаря?,"Нет, нельзя. Ключем словаря может быть только хешируемый объект.",,Часто
19,Основы Python,"Как понять, что объект является хешируемым?","Объект называется хешируемым, если он имеет хеш-значение (целое число), которое никогда не изменяется на протяжении его жизненного цикла и возвращается методом __hash__(), и может сравниваться с другими объектами (реализует метод __eq__()). Равные хешируемые объекты должны иметь равные хеш-значения. Все стандартные неизменяемые объекты хешируемые. Все стандартные изменяемые объекты не хешируемые. Если создать свой класс, то в случае отсутствия методов __eq__ и __hash__ Python будет считать идентичные по значению полей объекты разными из-за разного id, но при этом их можно хешировать и сравнивать (хоть и не совсем корректно) ",,Часто
20,Основы Python,Что такое множество?,"Множество – это неупорядоченная коллекция хешируемых объектов, которые не повторяются. В множествах нет понятия позиции элемента. Соответственно, они не поддерживают индексацию и срезы. Встроенные классы множеств: set (изменяемое множество), frozenset (неизменяемое множество).",,Часто
21,Основы Python,Для чего обычно применяются множества?,"Обычно используются для проверки элемента на вхождение в множество и удаление повторений элементов и выполнения таких операций, как объединение, пересечение, разница и симметрическая разница. Важная особенность множества – хранение только уникальных элементов, поэтому для задач где важно получить уникальную последовательность множество подходит отлично.",,Часто
22,Основы Python,Можно ли положить изменяемый объект во множество?,"Объект встроенного типа нет, нельзя. Во множестве может быть только хешируемый объект. Но изменяемый объект созданного вручную класса можно, так как он по умолчанию хешируется по своему id.",,Часто
23,Основы Python,Что будет происходить со множеством при росте его элементов?,Чем больше элементов во множестве тем больше количество возникающих коллизий. Из-за этого эффективность поиска элемента во множестве сильно падает вплоть до О(n),,Часто
24,Основы Python,Что такое коллизия?,Коллизия это когда хеш-код двух значений одинаковый. Из-за этого в хеш-таблице по одному и тому же коду ищуются разные значения и растет сложность поиска вплоть до О(n),,Часто
25,Основы Python,Как устроен в Python метод разрешения коллизий?,В Python используется метод открытой адресации. Элемент вставляется в первую свободную ячейку после хеш-кода с коллизией,,Часто
26,Основы Python,Какая сложность поиска элемента во множестве?,"Если без коллизий, то О(1). Если с коллизиями, то вплоть до О(N)",,Часто
27,Основы Python,Какая сложность удаления элемента из множества?,"Если множество неупорядоченное то О(1), если упорядоченное то О(logn). Если есть коллизии то сложность увеличивается вплоть до О(n)",,Часто
28,Основы Python,Какая сложность вставки элемента во множество?,"Если множество неупорядоченное то О(1), если упорядоченное то О(logn). Если есть коллизии то сложность увеличивается вплоть до О(n)",,Часто
29,Основы Python,Как работает хеш-таблица?,"Хэш-таблица это разреженный массив (массив, в котором имеются незаполненные позиции). В хэш-таблице dict каждому элементу соответствует ячейка, содержащая два поля: ссылку на ключ и ссылку на значение элемента. Поскольку размер всех ячеек одинаков, доступ к отдельной ячейке производится по смещению.

Python стремится оставить не менее трети ячеек пустыми; если хэш-таблица становится чрезмерно заполненной, то она копируется в новый участок памяти, где есть место для большего числа ячеек.

Для помещения элемента в хэш-таблицу нужно первым делом вычислить хэш-значение ключа элемента. Это делает встроенная функция hash().

Для выборки значения с помощью выражения my_dict[search_key] Python обращается к функции hash(search_key), чтобы получить хэш-значение search_key, и использует несколько младших битов полученного числа как смещение ячейки относительно начала хэш-таблицы (сколько именно битов зависит от текущего размера таблицы). Если найденная ячейка пуста, возбуждается исключение KeyError. В противном случае в найденной ячейке есть какой-то элемент - пара ключ:значение - и тогда Python проверяет, верно ли то, что search_key == found_key. Если да, то элемент найден и возвращается found_value. Если же search_key и found_key не совпали, то имеет место коллизия хэширования. Для разрешения коллизии используется метод открытой адресации.

При удалении элемента из хеш-таблицы python не очищает ячейку памяти, так как при использовании метода открытой адресации нельзя будет обнаружить элементы, которые идут после удалённого при коллизии. Элементу добавляется специальный маркер, а python перехеширует всю таблицу, когда маркеров становится много.
",,Часто
30,Основы Python,Что может быть ключем словаря?,Только хешируемые объекты.,,Часто
31,Основы Python,Что такое рекурсия?,Рекурсия это когда функция вызывает саму себя. У рекурсии обязательно должно быть условие выхода.,,Иногда
32,Основы Python,Что такое замыкание?,"Синтаксически это выглядит как функция, находящаяся целиком в теле другой функции. При этом вложенная внутренняя функция содержит ссылки на локальные переменные внешней функции. Каждый раз при выполнении внешней функции происходит создание нового экземпляра внутренней функции, с новыми ссылками на переменные внешней.
Пример:

```
def outer():
   x = 10  # Переменная из внешней функции


   def inner():
       print(x)  # Использует переменную из внешней функции
   return inner  # Возвращаем внутреннюю функцию


closure = outer()  # Создаем замыкание
closure()          # Вывод: 10
```

Замыкания часто используются для создания фабрик функций, функций с состоянием и в качестве альтернативы классам (для инкапсуляции), если нужен доступ к данным, но не нужна полная структура класса. Декоратор - частный случай замыкания.
",,Иногда
33,Основы Python,Расскажи про сборщик мусора?,"Cборщик мусора в Python реализован с помощью комбинации подсчета ссылок и сборки циклических ссылок. Эти механизмы работают вместе, чтобы автоматически освобождать память, занимаемую объектами, которые больше не используются.

1. Подсчет ссылок
Подсчет ссылок — это основной механизм управления памятью в Python. Каждому объекту в Python присваивается счетчик ссылок, который показывает, сколько раз на него ссылаются. Когда этот счетчик достигает нуля, объект автоматически удаляется, а занимаемая им память освобождается. Выполняется постоянно.

2. Сборка циклических ссылок (циклический сборщик) (GC)
Подсчет ссылок не может справиться с циклическими ссылками, то есть ситуацией, когда объекты ссылаются друг на друга, образуя замкнутый круг. 
Для решения этой проблемы Python использует алгоритм отслеживания циклов, который работает параллельно с подсчетом ссылок и периодически ищет циклические зависимости объектов, которые больше не используются (не имеют доступа извне).

Циклический сборщик работает в три этапа (так называемые поколения), чтобы повысить производительность:
1. Первое поколение: Объекты, которые созданы недавно и могут быть удалены быстро, проверяются первым.
2. Второе поколение: Объекты, которые пережили первую проверку и, вероятно, будут использоваться дольше.
3. Третье поколение: Самые долгоживущие объекты, которые проверяются реже всего.
Эта модель позволяет сократить время работы сборщика мусора, так как не все объекты проверяются каждый раз.

Можно управлять сборщиком мусора через модуль gc (например, отключить его)
","Sinimex, ТуТу, Х5",Часто
34,Основы Python,Какие типы утечек памяти ты знаешь?,"Есть два больших типа – Большие объекты и много маленьких объектов. Большие объекты это когда один и тот же объект увеличивается в размерах со временем работы программы, а маленькие объекты – это когда создается множество объектов и на них ссылаются другие объекты.","Sinimex, Домклик",Часто
35,Основы Python,Как находить утечки памяти?,"Есть специализированные инструменты, например pdb, aiomonitor, pyrasite. Так же можно вручную делать периодические снимки памяти работающего приложения (через gcore) и отсматривать потребление памяти у объектов.
- pdb: Интерактивный отладчик Python, который позволяет анализировать состояние программы и находить утечки памяти
- aiomonitor: Инструмент для мониторинга асинхронных приложений, который позволяет анализировать потребление памяти.
- pyrasite: Инструмент для инъекции кода в работающие процессы Python, который позволяет анализировать состояние памяти.

Пример:

Здесь мы храним все входящие запросы в глобальном словаре requests_cache и никогда не чистим его. В итоге память будет накапливаться бесконечно (при большом количестве запросов):

```
requests_cache = {}

def handle_request(request_id, data):
    # """"Сохраняем"""" запрос
    requests_cache[request_id] = data

    # ... тут происходит обработка ...
    # но нигде не удаляем data из requests_cache

# Пример бесконечно растущей структуры.
# Если таких запросов тысячи или миллионы,
# память будет раздуваться по мере накопления данных.
```

В Python, несмотря на сборщик мусора, мы сами удерживаем ссылки в глобальном словаре. Память под объекты, на которые есть ссылки, освобождена не будет

Как избежать?
* Удалять записи по завершении обработки.
* Ограничивать размер кеша (например, через LRU-кеш).
* Следить за временем жизни элементов в кеше (TTL) и чистить устаревшие данные.","Sinimex, Домклик",Часто
110,Основы Python,Что такое декоратор? Для чего используется?,"Декоратор в Python — это функция, которая позволяет изменить или расширить поведение другой функции или метода, не изменяя их исходный код. Декоратор принимает функцию в качестве аргумента (оборачивает её), выполняет необходимые действия и возвращает новую или ту же функцию с измененным поведением. Обычно для декорации функций используется специальный синтаксис с @, чтобы облегчить чтение и использование декораторов.

Декораторы полезны для:
* Повторного использования кода — позволяют добавлять функциональность к нескольким функциям, избегая дублирования.
* Разделения ответственности — позволяют выделить общие задачи, такие как логирование, проверка прав доступа или кеширование, в отдельные функции, что упрощает поддержку и улучшает читаемость кода.

```
from functools import wraps
# Декоратор с аргументами (если аргументы не нужны, просто убрать внешнюю функу из определения)
def log_execution(level=""INFO""):
   def decorator(func):
       # wraps используется для сохранения метаданных оригинальной функции
       @wraps(func)
       def wrapper(*args, **kwargs):
           print(f""[{level}] Запуск функции '{func.__name__}' с аргументами {args} и {kwargs}"")
           result = func(*args, **kwargs)
           print(f""[{level}] Завершение функции '{func.__name__}' с   результатом {result}"")
           return result
       return wrapper
   return decorator
# Применяем декоратор с аргументом
@log_execution(level=""DEBUG"")
def add(a, b):
   """"""Функция для сложения двух чисел.""""""
   return a + b
# Используем декорированную функцию
print(add(3, 5))  # Выводит логи и результат выполнения
```

ВАЖНО
Функция log_execution называется фабрикой декораторов. Это способ создания параметризированных декораторов. Чтоб создать обычный декоратор, нужно убрать функцию log_execution и оставить внутренние две функции.
Минусы декораторов:
* Неинформативный стек вызовов при исключениях (исключение в декораторе, а не функе)
* Потеря документации функции, надо использовать functools.wraps
* Усложнение читаемости кода
* Уменьшение производительности функции
* Декоратор у метода не наследуется в классах
","Sinimex, VK, Домклик",Часто
269,Основы Python,Какая есть разница в хранении изменяемых и неизменяемых типов данных? Что происходит с ячейкой памяти при изменении неизменяемого объекта?,"При изменении неизменяемых объектов создаётся новый объект в памяти в новой ячейке, а при изменении изменяемого объекта ячейка и объект остаются теми же. Это можно проверить с помощью функции id(), которая возвращает уникальный идентификатор объекта.","VK, Домклик",Часто
270,Основы Python,Каким образом выделяется память в списке?,"Список основан на структуре данных массив, который хранить указатели на объекты его элементов. На массив динамически выделяется память примерно на 1/8 больше по размеру, чем элементов в нём хранится. Когда после добавления элементов память в массиве заканчивается, выделяется доп. память либо в той же области памяти (если есть свободные ячейки памяти сразу после массива) либо в новой области памяти, перенося весь массив туда, что в худших случах усложняет вставку в конец списка до О(n)","VK, Домклик",Средне
271,Основы Python,Что из list и tuple будет занимать больше памяти при больших данных?,"Больше памяти будет занимать список, так как для него выделяется примерно на 1/8 больше ячеек памяти, чем элементов в нём содержится, а для кортежа выделяется ровно столько памяти, сколько в нём элементов, так как он неизменяем","VK, Sinimex, Домклик",Средне
317,Основы Python,"Что такое comprehension? Генератор списков, множеств, словарей","Что такое comprehension? Генератор списков, множеств, словарей
List comprehension (или ""генератор списков"") — это способ создания нового списка на основе существующих данных с использованием краткой, лаконичной записи. Этот синтаксис позволяет избежать использования циклов for и функций, таких как map или filter, для генерации новых списков.

Синтаксис:

```
[выражение for элемент in итерация if условие]
```

Работает быстрее циклов, потому что обработка выполняется на уровне С

Генератор множеств:

```
{выражение for элемент in итерация if условие}
```

Генератор словарей:
Cинтаксис:

```
{ключ:значение for выражение in итерация if условие}
```

Пример:

```
tuples_list = [('a', 1), ('b', 2), ('c', 3)]
dict_comprehension = {key: value for key, value in tuples_list}
```

Генератор кортежей:
Компрехеншна для кортежей нет, но можно создать генераторное выражение (не список!), а потом сделать его кортежем с помощью tuple().
Пример:
```
tuple(x**2 for x in range(5))
```",Edge,Иногда
318,Основы Python,Как удалить файл в Python?,os.remove(),Айти Бастион,Редко
319,Основы Python,Алгоритмическая сложность сортировки в Python?,"Используется Timsort
В лучшем случае, когда список частично отсортирован - О(n)
В худшем O(n*log n)
",Формика,Средне
320,Основы Python,Расскажи про анонимные (lambda) функции?,"Lambda-функции в Python — это анонимные (безымянные) функции, которые можно объявить «на лету». Они создаются с помощью ключевого слова lambda и могут содержать только одно выражение (результат этого выражения возвращается автоматически).

Основные моменты:
* Однострочность — не могут использовать if else (могут только в виде тернарного оператора), циклы, операторы (return), инструкции (pass, raise, continue, try, except), документацию, иначе будет выброшен SyntaxError
* Анонимность — у функции нет имени (хотя можно присвоить её переменной, если нужно).
* Частый кейс использования — в качестве «быстрых» колбэков в функциях высшего порядка (map, filter, sorted, и т.п.).

Пример использования:

```
# Обычная функция:
def add(a, b):
    return a + b

# Lambda-функция:
add_lambda = lambda a, b: a + b

print(add(2, 3))        # 5
print(add_lambda(2, 3)) # 5
```

```
nums = [1, 2, 3, 4, 5]
squared = list(map(lambda x: x**2, nums))
print(squared)  # [1, 4, 9, 16, 25]
```
Таким образом, lambda-функции удобны, когда нужно кратко объявить простую функцию «по месту», не давая ей имени и не вынося отдельное определение.
",Аэрофлот,Часто
321,Основы Python,"Почему нельзя указывать в функции аргумент по умолчанию пустой изменяемый объект (список, словарь)?","Потому что объект будет создан при инициализации функции, из-за чего он будет накапливать в себе значения после каждого вызова функции, что приведет к неожиданному поведению.

Пример:

```
def add_item_to_list(item, items=[]):
    items.append(item)
    return items

print(add_item_to_list(""apple""))   # ['apple']
print(add_item_to_list(""banana""))  # ['apple', 'banana']
print(add_item_to_list(""melon""))   # ['apple', 'banana', 'melon']
```","Sinimex, T1, Аэрофлот, VK, Edge",Часто
322,Основы Python,Чего нового в последних версиях Python?,"* Python 3.7:
 - Датаклассы
 - Можно добавлять несколько контекстных менеджеров в один блок with
 - Словари сохраняют порядок вставки ключей
* Python 3.8:
 - Моржовый оператор :=
* Python 3.9:
 - Операторы слияния и обновления словарей (| и |=)
 - Синаксис list[int] при типизации, не нужно импортировать List из typing
 - Модуль graphlib для работы с графами
* Python 3.10:
 - match case (аналог switch case)
 - | вместо Union в типизации
 - Улучшение сообщений об ошибках
* Python 3.11:
 - Ускорение интерпретатора
 - Можно использовать несколько except в одном блоке
 - Модуль tomlib для чтения .toml
 - Добавлены группы искдючений (ExceptionGroup)
* Python 3.12:
 - Суб Интерпретаторы
* Python 3.13
 - Можно убрать gil, но это замедляет однопоточные сценарии на 10% из-за изменения механизма подсчета ссылок
 - Jit - компилятор (ускоряет выполнение кода, т.к. частые участки кода преобразуются в машинный код во время выполнения)
* Python 3.14
 - template-строки",Аэрофлот,Средне
323,Основы Python,Перечисли основные плюсы и минусы Python,"Плюсы:
* Простой и читаемый синтаксис
* Большое сообщество разработчиков и библиотек
* Динамическая типизация (типы переменных определяются во время выполнения), т.к. добавляет гибкость коду
* Объектно-ориентированный язык
* Высокоуровневая абстракция для работы с данными (множества, словари, списки)
* (Можно перечислить нововведения в последних версиях Python)
* Утиные протоколы

Минусы:
* GIL
* Интерпретируемый язык - ниже производительность, чем у компилируемых
* Отсутствие строгой типизации может привести к неочевидным ошибкам особенно среди новичков
* Нет полноценной статической типизации

Некоторые минусы можно обернуть в плюсы и наоборот
",Sinimex,Средне
324,Основы Python,Расскажи про обобщённые (TypeVar/Generic) типы?,"TypeVar - класс из модуля typing, который используется для создания обобщенных (generic) типов. Он позволяет функциям и классам работать с различными типами данных, сохраняя при этом аннотацию и проверку типов.

Пример для функции:

```
from typing import TypeVar


T = TypeVar('T')


def get_first_element(elements: list[T]) -> T:
   return elements[0]
```

Пример для класса:

```
from typing import TypeVar, Generic


T = TypeVar('T')


class Container(Generic[T]):
   def __init__(self, content: T):
       self.content = content


   def get_content(self) -> T:
       return self.content


int_container = Container[int](content=123)
str_container = Container[str](content=""Hello"")
```
Можно ограничить типы, например

```
Number = TypeVar('Number', int, float)
```",,Средне
325,Основы Python,Через какой модуль можно указывать типы в Python?,"Через typing, но с каждой версией Python всё больше возможностей встраивается в базовый синтаксис языка без импортирования typing",,Средне
326,Основы Python,Какие методы dict знаешь?,".keys() возвращает объект dict_keys([key1, key2]) - он является представлением словаря, поддерживает многократную итерацию и динамически изменяется с изменением словаря, поддерживает операции со множествами (объединения и пересечения).
.values() - объект представления списка значений, не поддерживает операции со множествами
.items() - объект представления списка кортежей с парами ключ значение, поддерживает операции со множествами
.get(key, default=None) - возвращает значение ключа. если его нет, то возвращает значение по умолчанию
dict.pop(key, default=None) - удаляет ключ и возвращает значение. исключений не бросает
dict.popitem() - удаляет последнюю добавленную пару ключ значение и возвращает их в виде кортежа
dict.setdefault(key, default=None) - возвращает значение для указанного ключа. Если ключ отсутствует, устанавливает его с значением default и возвращает default
dict.update([other]) - обновляет словарь, добавляя пары ключ-значение из other. Если ключ уже существует, его значение будет перезаписано.
.clear() - очищает словарь 
",,Иногда
327,Основы Python,Какие методы list знаешь?,".append(x)
Назначение: добавляет элемент x в конец списка.
Возвращает: None.

.extend(iterable)
Назначение: добавляет все элементы из iterable (список, кортеж, любая итерируемая структура) в конец текущего списка.
Возвращает: None.

.insert(i, x)
Назначение: вставляет элемент x перед индексом i (смещая текущий элемент на этом индексе и остальные вправо).
Возвращает: None.

.remove(x)
Назначение: удаляет первое вхождение элемента x в списке (если такого элемента нет, возбуждается ValueError).
Возвращает: None.

.pop(i=-1)
Назначение: удаляет и возвращает элемент списка по индексу i. По умолчанию (i=-1) удаляет и возвращает последний элемент. Если список пуст, вызовется исключение IndexError.
Возвращает: элемент, который был удалён.

.clear()
Назначение: удаляет все элементы из списка, оставляя пустой список.
Возвращает: None.

.index(x, start=0, end=None)
Назначение: возвращает индекс первого вхождения элемента x в списке; поиск идёт от start до end (если они указаны).
Возвращает: целое число (индекс).

.count(x)

Назначение: считает, сколько раз элемент x встречается в списке.
Возвращает: целое число (количество вхождений).

.sort(key=None, reverse=False)
Назначение: сортирует список на месте (in-place) через TimSort.
Возвращает: None.
Примечание: можно передать key — функцию (или лямбду), которая будет использоваться для сравнения, а также reverse=True для обратной сортировки.

Назначение: разворачивает список на месте.
Возвращает: None.

.copy()  (добавлен в Python 3.3+)

Назначение: возвращает поверхностную копию списка.
Возвращает: новый список.",,Редко
328,Основы Python,Какие методы set знаешь?,"* Модифицирующие методы (изменяют исходное множество)

.add(elem)
Назначение: добавляет элемент в множество. Если элемент уже присутствует, ничего не происходит.
Возвращает: None.

.remove(elem)
Назначение: удаляет элемент из множества. Если элемента нет, возбуждается KeyError.
Возвращает: None.

.discard(elem)
Назначение: удаляет элемент из множества, если он существует. Если элемента нет, исключения не возникает.
Возвращает: None.

.pop()
Назначение: удаляет и возвращает произвольный элемент множества. Если множество пустое, возбуждает KeyError.
Возвращает: удалённый элемент.

.clear()
Назначение: удаляет все элементы из множества, делая его пустым.
Возвращает: None.

.update(*others)
Назначение: добавляет в текущее множество все элементы из других множеств или итерируемых объектов. Аналог операции |=.
Возвращает: None.

.intersection_update(*others)
Назначение: оставляет в множестве только те элементы, которые присутствуют во всех переданных множествах или итерируемых объектах. Аналог операции &=.
Возвращает: None.

.difference_update(*others)
Назначение: удаляет из текущего множества все элементы, которые есть в других множествах или итерируемых объектах. Аналог операции -=.
Возвращает: None.

.symmetric_difference_update(other)
Назначение: заменяет текущее множество множеством, состоящим из элементов, которые присутствуют только в одном из множеств (исключающее ИЛИ). Аналог операции ^=.
Возвращает: None.

* Возвращающие новые множества (не изменяют исходное)
.union(*others)
Назначение: возвращает новое множество, содержащее объединение текущего множества и всех переданных множеств/итераций. Аналог операции |.
Возвращает: новое множество.

.intersection(*others)
Назначение: возвращает новое множество, содержащее пересечение текущего множества и всех переданных множеств/итераций. Аналог операции &.
Возвращает: новое множество.

.difference(*others)
Назначение: возвращает новое множество, содержащее элементы текущего множества, отсутствующие в других множествах/итерациях. Аналог операции -.
Возвращает: новое множество.

.symmetric_difference(other)
Назначение: возвращает новое множество, содержащее элементы, которые присутствуют только в одном из множеств (исключающее ИЛИ). Аналог операции ^.
Возвращает: новое множество.

* Проверочные методы (возвращают булево значение)
.issubset(other)
Назначение: проверяет, является ли текущее множество подмножеством other. Аналог <=.
Возвращает: True или False.

.issuperset(other)
Назначение: проверяет, является ли текущее множество надмножеством other. Аналог >=.
Возвращает: True или False.

.isdisjoint(other)
Назначение: проверяет, не имеют ли множества общих элементов.
Возвращает: True или False.

* Копирование
.copy()
Назначение: возвращает поверхностную копию текущего множества.
Возвращает: новое множество (shallow copy).",,Редко
329,Основы Python,Какие методы str знаешь?,"Важно: строка в Python неизменяема. Все методы, которые «меняют» строку, на самом деле возвращают новую строку, не изменяя исходную.

* Изменение регистра и форматирование
.lower()
Назначение: возвращает копию строки, где все символы приведены к нижнему регистру.
Возвращает: новую строку.

.upper()
Назначение: возвращает копию строки, где все символы приведены к верхнему регистру.
Возвращает: новую строку.

.swapcase()
Назначение: возвращает копию строки, где все символы в верхнем регистре заменены на нижний, и наоборот.
Возвращает: новую строку.

.capitalize()
Назначение: возвращает копию строки, где первый символ в верхнем регистре, а все остальные — в нижнем.
Возвращает: новую строку.

.title()
Назначение: возвращает копию строки, где первый символ каждого слова переведён в верхний регистр, а остальные — в нижний.
Возвращает: новую строку.

.casefold()
Назначение: возвращает более агрессивную (чем lower()) версию строки в нижнем регистре, подходит для безрегистрового сравнения.
Возвращает: новую строку.

* Удаление и замена подстрок
.strip([chars])
Назначение: возвращает копию строки без ведущих и завершающих символов, указанных в chars (по умолчанию — пробельные).
Возвращает: новую строку.

.lstrip([chars])
Назначение: удаляет символы (по умолчанию пробелы) только слева.
Возвращает: новую строку.

.rstrip([chars])
Назначение: удаляет символы (по умолчанию пробелы) только справа.
Возвращает: новую строку.

.replace(old, new[, count])
Назначение: возвращает копию строки, в которой все вхождения old заменены на new. Если указан count, заменяется не более count вхождений.
Возвращает: новую строку.

* Разбиение и объединение
.split(sep=None, maxsplit=-1)
Назначение: делит строку на части, используя sep как разделитель (если sep не указан, используется любой пробельный символ). Возвращает список строк.
Возвращает: список (тип list[str]).

.rsplit(sep=None, maxsplit=-1)
Назначение: то же, что и split, но разбиение происходит справа налево.
Возвращает: список.

.splitlines(keepends=False)
Назначение: разбивает строку на список строк по символам перевода строки, опционально сохраняя символы перевода.
Возвращает: список строк.

.join(iterable)
Назначение: берёт итерируемый объект (например, список) и объединяет его элементы в одну строку, вставляя между ними текущую строку как разделитель.
Возвращает: новую строку.

* Поиск подстрок
.find(sub[, start[, end]])
Назначение: возвращает индекс первого вхождения sub в диапазоне [start, end], или -1, если не найдено.
Возвращает: число (индекс или -1).

.rfind(sub[, start[, end]])
Назначение: возвращает индекс последнего вхождения sub в диапазоне [start, end], или -1, если не найдено.
Возвращает: число (индекс или -1).

.index(sub[, start[, end]])
Назначение: то же, что .find(), но возбуждает ValueError, если sub не найден.
Возвращает: число (индекс).

.rindex(sub[, start[, end]])
Назначение: то же, что .rfind(), но возбуждает ValueError, если sub не найден.
Возвращает: число (индекс).

.count(sub[, start[, end]])
Назначение: возвращает количество неперекрывающихся вхождений sub в заданном диапазоне строки.
Возвращает: число.

* Проверка содержимого
.startswith(prefix[, start[, end]])
Назначение: проверяет, начинается ли строка с prefix в диапазоне [start, end].
Возвращает: True или False.

.endswith(suffix[, start[, end]])
Назначение: проверяет, заканчивается ли строка на suffix в диапазоне [start, end].
Возвращает: True или False.

.isalnum()
Назначение: проверяет, что все символы строки — буквы или цифры (и сама строка не пустая).
Возвращает: True или False.

.isalpha()
Назначение: проверяет, что все символы — буквы (и строка не пустая).
Возвращает: True или False.

.isdigit()
Назначение: проверяет, что все символы — цифры (и строка не пустая).
Возвращает: True или False.

.islower(), .isupper(), .istitle()
Назначение: проверяют, в каком регистре находятся символы строки (при условии, что есть хотя бы одна буква).
Возвращает: True или False.

.isspace()
Назначение: проверяет, состоит ли строка только из пробельных символов (и не пустая).
Возвращает: True или False.

* Другие методы
.format(*args, **kwargs) и .format_map(mapping)
Назначение: форматирование строки с использованием подстановок.
Возвращает: новую отформатированную строку.

.encode(encoding='utf-8', errors='strict')
Назначение: кодирует строку в байтовую последовательность (bytes) с использованием указанной кодировки.
Возвращает: объект типа bytes.

.zfill(width)
Назначение: дополняет строку нулями слева до длины width.
Возвращает: новую строку.

.center(width[, fillchar]), .ljust(width[, fillchar]), .rjust(width[, fillchar])
Назначение: выравнивают строку по центру/левому/правому краю, заполняя свободное место символом fillchar (по умолчанию пробел).
Возвращает: новую строку.",,Редко
330,Основы Python,Какие есть альтернативы pip?,"* Conda
* pipenv
* poetry
Плюсы:
 - Зависимости в .toml файле
 - Фиксация версий в .lock файле - гарантирует, что про повторном развёртывании версии зависимостей будут теми же
 - Автоматическое управление виртуальными средами без venv
 - Позволяет управлять версиями пакета и загружать его в PyPI или частный репозиторий
* uv
Плюсы:
 - Быстрее pip в 10-100 раз за счёт кэширования и параллельной обработки

",,Иногда
331,Основы Python,Расскажи про папку bin?,"В папке bin находятся такие файлы, как:

* Сам интерпретатор Python (например, бинарный файл python или python3).
* Утилита (python-скрипт) pip (а также pip3, если Python 2 и 3 установлены параллельно).
* Другие инструменты командной строки, установленные через pip install (обычно бинарники и python-скрипты).

",Литрес,Редко
332,Основы Python,Как происходит интерпретация в Python? Чем байт-код отличается от машинного кода?,"Как происходит интерпретация в Python?

1. Когда вы запускаете Python-скрипт, интерпретатор читает исходный код.
2. Преобразует его в байт-код (файлы с расширением .pyc).
3. Виртуальная машина Python (PVM) исполняет этот байт-код строчка за строчкой.

Чем байт-код отличается от машинного кода?

* Байт-код — это промежуточное представление, понятное только виртуальной машине Python; 
 - он не зависит напрямую от аппаратной архитектуры. 
 - состоит из инструкций (например, LOAD_CONST, CALL_FUNCTION, RETURN_VALUE и т. п.), названий переменных и чисел(индексов переменных и инструкций). Можно увидеть в человеко-читаемом виде с помощью модуля dis. 
 - Хранится в .pyc файлах в шестнадцатиричном виде. Сами файлы хранятся в директории __pycache__

Пример Байт-кода в человеко-читаемом виде:

Код Python:

```
def add(a, b):
    return a + b

import dis
dis.dis(add)
```

Байт-код:

```
  2           0 LOAD_FAST                0 (a)
              2 LOAD_FAST                1 (b)
              4 BINARY_ADD
              6 RETURN_VALUE
```

* Машинный код (ELF на Linux, Mach-O на macOS, PE на Windows) — это низкоуровневые инструкции для конкретного процессора и операционной системы. Представляет собой последовательность байт (нулей и единиц).

",Литрес,Редко
333,Основы Python,Чем интерпретируемые языки отличаются от компилируемых?,"Компилируемые языки (C, C++, Rust, Go и т.п.):

* Процесс компиляции:
 - Исходный код (читаемый человеком) преобразуется в машинный код (инструкции для конкретного процессора).
 - Результат — это исполняемый файл (например, ELF на Linux, Mach-O на macOS, PE на Windows).
* Производительность:
 - Как правило, выше, так как итоговый код исполняется непосредственно «железом», без промежуточных «прослоек».
* Портируемость:
 - Нужно перекомпилировать программу под каждую целевую платформу (CPU+ОС). Исполняемый файл, скомпилированный для Linux x86, не запустится под Windows ARM без перекомпиляции.
* Отладка и разработка:
 - Отладка может быть сложнее, т.к. изменения в коде требуют новой компиляции.
 - Зато компилятор может находить типовые ошибки ещё на этапе сборки, до запуска программы.

Интерпретируемые языки (Python, Ruby, JavaScript и т.п.):

* Процесс интерпретации:
 - Исходный код считывается и исполняется «на лету» (иногда со стадией байткода, как в Python, но всё равно есть «виртуальная машина»).
 - Нет явного шага компиляции в машинный код перед запуском (хотя за кулисами может быть JIT-компиляция).
* Производительность:
 - Обычно ниже, чем у скомпилированных языков: каждая строчка/блок кода проходит через интерпретатор.
 - Тем не менее JIT-компиляторы могут сильно ускорять работу.
* Портируемость:
 - Код зачастую кроссплатформенный без дополнительных манипуляций: достаточно, чтобы на целевой системе был установлен соответствующий интерпретатор.
* Отладка и разработка:
 - Проще и быстрее править и тестировать код: изменения вступают в силу сразу (нет полного цикла компиляции).
 - Ошибки часто обнаруживаются уже во время выполнения, а не до запуска.",,Редко
257,"Сбор и мониторинг метрик, ошибок",Как организован мониторинг в твоих приложениях?,"Использую комбинацию метрик (Prometheus), логирования (structlog + ELK/Loki) и трассировки (OpenTelemetry). Приложение экспортирует метрики через эндпоинт /metrics, логи собираются централизованно, а алерты настраиваются в Alertmanager для уведомления в Slack/Telegram при проблемах.","Sinimex, Edge, Х5, Avito",Часто
258,"Сбор и мониторинг метрик, ошибок",Что такое Sentry?,"Sentry — это платформа для отслеживания ошибок в реальном времени. Автоматически собирает стектрейсы, контекст запроса, пользователя и окружения при исключениях. Позволяет быстро находить корень проблемы, получать уведомления и отслеживать регрессии после деплоя.",,Редко
259,"Сбор и мониторинг метрик, ошибок",Что такое Prometheus?,"Prometheus — система мониторинга и алертинга с открытым исходным кодом. Собирает метрики по HTTP-эндпоинтам, хранит их в виде временных рядов и предоставляет мощный язык запросов PromQL для анализа. Работает по модели pull: сам забирает метрики у приложений.",,Иногда
260,"Сбор и мониторинг метрик, ошибок",Что такое Grafana?,"Grafana — инструмент визуализации данных. Позволяет строить дашборды с графиками, таблицами и алертами на основе данных из Prometheus, Loki, Elasticsearch и других источников. Удобна для мониторинга производительности, бизнес-метрик и оперативного анализа инцидентов.",,Иногда
261,"Сбор и мониторинг метрик, ошибок",Как настраивается мониторинг приложений с нуля?,"1. Добавить в приложение экспорт метрик (prometheus-client) и логирование в JSON. 2. Развернуть Prometheus для сбора метрик и Grafana для визуализации. 3. Настроить дашборды с ключевыми метриками: RPS, latency, error rate, ресурсы. 4. Подключить Sentry для отслеживания ошибок. 5. Настроить алерты в Alertmanager на критические пороги. 6. Добавить трассировку (OpenTelemetry) для распределенных систем.",,Редко
121,Сеть и интернет,"Ты зашел в браузер, вбил google.com, нажал enter. Расскажи что происходит дальше по порядку в браузере?","1. Браузер валидирует адрес (правильно ли указан протокол и остальные части адреса)
2.  Проверяет, есть ли в кэше сохраненные и не истёкшие по времени жизни статические данные (HTML, CSS, JS, изображения) и ip адрес сайта для ускорения загрузки
3. Если в кэше DNS нет ip сайта, обращается на DNS сервер, который возвращает ip адрес сайта
4. Установка TCP соединения
5. Установка SSL/TLS-соединения (если HTTPS)  
Client Hello: Клиент отправляет список поддерживаемых протоколов шифрования и случайные данные.
Server Hello: Сервер выбирает протокол шифрования из предложенных и отправляет свой сертификат SSL/TLS.
Проверка сертификата: Клиент проверяет подлинность сертификата с помощью доверенного центра сертификации (CA).
Обмен ключами: Клиент и сервер согласуют секретные ключи для шифрования данных.
Шифрование установлено: Данные передаются в зашифрованном виде.
6. Клиент делает http(s) запрос на сервер, сервер отвечает
7. Рендеринг страницы
8. Завершение соединения, если в заголовке запроса нет Connection: keep-alive","Билайн, Формика",Средне
145,Сеть и интернет,Что такое url?,"URL (Uniform Resource Locator) — это стандартный адрес, который используется для указания местоположения ресурса в интернете и способа доступа к нему. Он состоит из нескольких частей:

Схема (протокол): Определяет способ доступа к ресурсу (например, http, https, ftp).
Доменное имя или IP-адрес: Указывает на сервер, где находится ресурс.
Путь: Указывает конкретное расположение ресурса на сервере.
Дополнительные параметры (опционально): Такие как порт, параметры запроса или фрагмент (например, якорь на странице).
Например, в URL https://www.example.com:443/path/page.html?query=1#section:

https — протокол,
www.example.com — доменное имя,
443 — порт (хотя по умолчанию для https это можно опустить),
/path/page.html — путь к файлу,
?query=1 — строка запроса,
#section — идентификатор фрагмента.",,Средне
146,Сеть и интернет,Что такое dns?,"DNS (Domain Name System) — это система доменных имен, которая преобразует удобные для чтения людьми доменные имена (например, www.example.com) в числовые IP-адреса (например, 192.0.2.1), необходимые для нахождения и связи между устройствами в интернете.

Ключевые моменты:

* Преобразование имен: Люди легко запоминают доменные имена, а компьютеры работают с IP-адресами, поэтому DNS служит «телефонной книгой» интернета.
* Рассеивание нагрузки: Система распределена по множеству серверов по всему миру, что обеспечивает надежность и отказоустойчивость.",,Средне
147,Сеть и интернет,В чем отличия TCP и UDP?,"* Тип соединения:
TCP: Соединение устанавливается перед передачей данных.
UDP: Соединение не устанавливается, передача данных осуществляется без предварительного установления соединения.

* Надежность:
TCP: Гарантированная доставка данных, подтверждения, повторные передачи при потере пакетов.
UDP: Нет гарантии доставки, отсутствуют подтверждения и повторные передачи.

* Упорядочивание данных:
TCP: Данные доставляются в том порядке, в котором были отправлены.
UDP: Данные могут приходить в произвольном порядке.

* Контроль потока и перегрузки:
TCP: Реализован механизм контроля потока и перегрузки (Flow and Congestion Control).
UDP: Механизмы контроля потока и перегрузки отсутствуют.

* Скорость:
TCP: Медленнее из-за дополнительных механизмов обеспечения надежности.
UDP: Быстрее благодаря минимальным накладным расходам.

* Размер заголовка:
TCP: Более крупный заголовок (20 байт без опций).
UDP: Меньший заголовок (8 байт).

* Использование:
TCP: Приложения, требующие надежной доставки данных (например, веб-браузеры, электронная почта, FTP).
UDP: Приложения, где важна скорость, а потеря некоторых пакетов допустима (например, стриминг видео и аудио, онлайн-игры, DNS-запросы).

* Потоковая передача:
TCP: Передача данных как непрерывного потока байтов.
UDP: Передача данных в виде отдельных датаграмм.

Алгоритмические этапы работы TCP и UDP
1. Установление соединения

TCP:
Трехстороннее рукопожатие (Three-Way Handshake):
 1. SYN: Клиент инициирует соединение, отправляя серверу сегмент с флагом SYN (synchronize).
 2. SYN-ACK: Сервер отвечает сегментом с флагами SYN и ACK (acknowledgment), подтверждая получение SYN от клиента.
 3. ACK: Клиент отправляет сегмент с флагом ACK, подтверждая получение SYN-ACK от сервера.
 4. После успешного трехстороннего рукопожатия устанавливается надежное соединение, и начинается передача данных.

UDP:
Нет установления соединения: Данные (датаграммы) отправляются непосредственно без предварительной установки соединения. Это уменьшает задержки и накладные расходы, но не гарантирует, что получатель готов принять данные.

2. Передача данных

TCP:
* Разбиение на сегменты: Большие объемы данных разбиваются на управляемые сегменты.
* Нумерация сегментов: Каждый сегмент получает уникальный номер последовательности, что позволяет отслеживать порядок и обнаруживать потерянные сегменты.
* Контроль целостности: Каждый сегмент содержит контрольную сумму для проверки целостности данных.
* Контроль перегрузки: Алгоритмы, такие как AIMD (Additive Increase Multiplicative Decrease), регулируют скорость передачи данных в зависимости от состояния сети.
* Повторная передача: Если подтверждение (ACK) не получено в течение определенного времени, сегмент повторно передается.
* Упорядочивание: Полученные сегменты собираются в правильном порядке на основе номеров последовательности.

UDP:
* Передача датаграмм: Каждый датаграмм передается независимо, без учета порядка или состояния получателя.
* Минимальная обработка: Отсутствуют механизмы управления потоком, контроля перегрузки и повторной передачи.
* Без гарантии доставки: Датаграммы могут теряться, дублироваться или приходить в неправильном порядке без уведомлений.

3. Завершение соединения

TCP:
* Четырехстороннее завершение (Four-Way Handshake):
 1. FIN: Клиент инициирует закрытие соединения, отправляя сегмент с флагом FIN (finish).
 2. ACK: Сервер подтверждает получение FIN, отправляя сегмент с флагом ACK.
 3. FIN: Сервер отправляет свой сегмент FIN для закрытия соединения со своей стороны.
 4. ACK: Клиент подтверждает получение FIN от сервера, отправляя сегмент с флагом ACK.
 5. После этого соединение полностью закрывается.

UDP:
* Нет установления или завершения соединения: Датаграммы передаются независимо, и нет необходимости в процедуре закрытия соединения.",Умскул,Средне
148,Сеть и интернет,Что ты знаешь про модель OSI? TCP/IP?,"Модель OSI (Open Systems Interconnection)

* Это теоретическая модель, разработанная ISO, описывающая, как данные проходят через различные слои коммуникации в компьютерных сетях.
* Модель состоит из 7 уровней:
 - Физический уровень: Передача битов по физическим средам (кабели, радиоволны и т.д.).
 - Канальный уровень: Формирование фреймов, обнаружение и исправление ошибок на физическом уровне.
 - Сетевой уровень: Маршрутизация пакетов, логическая адресация (например, IP).
 - Транспортный уровень: Надежная или ненадежная передача данных (например, TCP/UDP).
 - Сеансовый уровень: Установление, управление и завершение сеансов связи между приложениями.
 - Уровень представления: Преобразование данных, шифрование, сжатие и обеспечение понятного формата для приложений.
 - Прикладной уровень: Обеспечение сервисов и взаимодействие с конечными приложениями (например, HTTP, FTP, SMTP).",,Иногда
149,Сеть и интернет,Что такое IP-адрес?,"IP-адрес (Internet Protocol Address) — это уникальный числовой идентификатор, присваиваемый каждому устройству, подключенному к компьютерной сети, использующей протокол IP. 

Он выполняет следующие функции:
* Идентификация устройства: Позволяет различать устройства в сети, обеспечивая корректную маршрутизацию данных.
* Маршрутизация пакетов: Сетевые устройства используют IP-адреса для определения пути передачи пакетов данных от отправителя к получателю.
* Версии: Существует две основных версии IP-адресов:
 - IPv4: Представлен в виде четырех чисел от 0 до 255, разделенных точками (например, 192.168.0.1).
 - IPv6: Использует шестнадцатеричное представление с разделением двоеточиями (например, 2001:0db8:85a3:0000:0000:8a2e:0370:7334), что позволяет значительно увеличить количество возможных адресов.",,Иногда
150,Сеть и интернет,Что такое HTTP?,"HTTP (HyperText Transfer Protocol) версии 1.x — это протокол прикладного уровня, используемый для передачи данных в веб-приложениях. Он основан на клиент-серверной архитектуре, где клиент (обычно веб-браузер) отправляет запросы, а сервер отвечает на них.

Запрос (Request):
Запрос HTTP состоит из трех основных частей:
1. Стартовая строка ответа (Status Line): состоит из метода, url и версии http
2. Заголовки запроса (Headers): предоставляют дополнительную информацию о запросе или о клиенте.

Пример:
Host: www.example.com
User-Agent: Mozilla/5.0
Accept: text/html,application/xhtml+xml

3. Тело запроса (Body): содержит данные, отправляемые клиентом серверу (например, при POST-запросах).
Пример: JSON-данные, формы, XML.

Ответ (Response):
Ответ HTTP состоит из трех основных частей:
1. Стартовая строка ответа (Status Line):
Формат: HTTP/VERSION STATUS_CODE REASON_PHRASE
Пример: HTTP/1.1 200 OK

2. Заголовки ответа (Headers):
3. Тело ответа (Body)",Умскул,Средне
151,Сеть и интернет,Что такое REST?,https://docs.google.com/document/d/1eft9S6O7wqdJoQlkb28-vhdFtEW1pjz0KAsPNNy4HKU/edit?usp=sharing,"Синимекс, Литрес",Средне
152,Сеть и интернет,Какие ты знаешь HTTP методы?,"* GET:
 - Описание: Запросить представление ресурса.
 - Особенности: Безопасный и идемпотентный метод (не изменяет состояние сервера).
* POST:
 - Описание: Отправить данные для создания нового ресурса.
 - Особенности: Неидемпотентный (многократное выполнение может привести к созданию нескольких ресурсов).
* PUT:
 - Описание: Обновить существующий ресурс или создать новый, если он не существует.
 - Особенности: Идемпотентный.
* DELETE:
 - Описание: Удалить указанный ресурс.
 - Особенности: Идемпотентный.
* HEAD:
 - Описание: Получить заголовки ответа без тела.
 - Особенности: Полезен для проверки доступности ресурса или получения метаданных.
* OPTIONS:
 - Описание: Описать доступные методы для указанного ресурса.
 - Особенности: Используется для CORS (Cross-Origin Resource Sharing) и проверки возможностей сервера.
* PATCH:
 - Описание: Частично обновить ресурс.
 - Особенности: Неидемпотентный",Синимекс,Часто
153,Сеть и интернет,Какие ты знаешь HTTP статус коды?,"Статус-коды информируют клиента о результате обработки его запроса. Они делятся на пять категорий:
* 1xx (Информационные):
 - Описание: Информируют о том, что запрос принят и находится в процессе обработки.
 - Примеры: 100 Continue, 101 Switching Protocols.
* 2xx (Успех):
 - Описание: Запрос был успешно обработан.
 - Примеры:
        200 OK: Запрос успешно выполнен.
        201 Created: Ресурс успешно создан.
        204 No Content: Запрос выполнен, но тело ответа отсутствует.
* 3xx (Перенаправление):
 - Описание: Необходимо предпринять дополнительные действия для завершения запроса.
 - Примеры:
        301 Moved Permanently: Ресурс перемещен на постоянной основе.
        302 Found: Ресурс временно перемещен.
        304 Not Modified: Ресурс не изменился с момента последнего запроса.
* 4xx (Ошибки клиента):
 - Описание: Запрос содержит синтаксические ошибки или не может быть выполнен.
 - Примеры:
        400 Bad Request: Некорректный запрос.
        401 Unauthorized: Требуется аутентификация.
        403 Forbidden: Доступ запрещен.
        404 Not Found: Ресурс не найден.
* 5xx (Ошибки сервера):
 - Описание: Сервер не смог выполнить запрос из-за внутренней ошибки.
 - Примеры:
        500 Internal Server Error: Внутренняя ошибка сервера.
        502 Bad Gateway: Некорректный ответ от вышестоящего сервера.
        503 Service Unavailable: Сервис временно недоступен.",,Средне
154,Сеть и интернет,Что такое cookie?,"Cookie — это небольшой фрагмент данных (текстовый файл), который веб-сайт сохраняет на устройстве пользователя через браузер. Основные моменты:

* Идентификация и сессии: Cookie позволяют сайту ""узнавать"" пользователя, поддерживать сессию (например, вход в систему) и запоминать настройки между посещениями.

* Хранение информации: Они могут сохранять различные данные: от настроек языка и предпочтений до уникальных идентификаторов, необходимых для аналитики и персонализации контента.

* Где хранятся: Cookie сохраняются непосредственно в браузере на устройстве пользователя. В зависимости от браузера и операционной системы, они могут храниться в виде отдельных файлов или в базе данных (например, SQLite) внутри профиля пользователя.

* Передача по HTTP: При каждом запросе к серверу браузер включает cookie в заголовок HTTP-запроса (в поле Cookie), что позволяет серверу идентифицировать пользователя и использовать сохранённые данные для управления сессией или персонализации контента.

* Типы cookie:
 - Сессионные cookie: Хранятся временно и удаляются после закрытия браузера.
 - Постоянные cookie: Сохраняются на устройстве пользователя в течение определённого времени или до их удаления.

* Безопасность и конфиденциальность: Cookie могут содержать конфиденциальную информацию, поэтому важно соблюдать меры безопасности, чтобы предотвратить их несанкционированное использование. Пользователи также могут управлять настройками cookie в своих браузерах, ограничивая их использование.",,Иногда
155,Сеть и интернет,Что такое query-параметры?,"Query-параметры — это дополнительные параметры, которые передаются в URL после знака вопроса (?). Они представляют собой пары ""ключ-значение"", разделённые символом амперсанда (&), и используются для передачи информации от клиента к серверу. Основные моменты:

* Передача данных: Query-параметры позволяют передавать данные (например, параметры поиска, фильтры или настройки) вместе с HTTP-запросом, чаще всего методом GET.
* Структура URL: Они дополняют базовый адрес URL, например, в https://example.com/search?q=chatbot&page=2 параметр q имеет значение chatbot, а page — значение 2.
* Обработка сервером: Сервер анализирует полученные параметры и может изменять ответ в зависимости от их значений, что позволяет динамически формировать содержимое страницы или выполнять необходимые действия.

Таким образом, query-параметры являются удобным способом передачи дополнительных данных через URL без использования тела запроса.",,Редко
156,Сеть и интернет,Можно ли в GET-запросе отправлять тело?,"Чисто технически это реально через нестандартные http-клиенты вроде Apache HttpClient, но подавляющее большинство клиентов будет игнорировать тело в GET-запросе, так как спецификация HTTP не подразумевает его использование",Синимекс,Редко
157,Сеть и интернет,Как отправить файл по сети?,"Через протокол HTTP это можно сделать с помощью формата multipart/form-data, который кодирует файл в бинарный вид. Также можно использовать сетевые протокол FTP, SFTP, BitTorrent, TCP-сокеты (передают файлы по блокам) ",,Редко
158,Сеть и интернет,Что такое стриминг?,"Стриминг — это метод непрерывной передачи данных, чаще всего медиа-контента (аудио, видео, трансляции), по сети. 
Основные моменты:

* Непрерывная передача: Данные передаются по частям, и получатель может начать их обработку (просмотр, прослушивание) ещё до полной загрузки всего файла.

* Минимизация задержек: За счёт потоковой передачи пользователь может начать воспроизведение почти мгновенно, что особенно важно для онлайн-трансляций и видеосервисов.

* Применяемые протоколы: Используются специальные протоколы, такие как HLS и MPEG-DASH (на базе HTTP), RTMP, WebSocket, которые позволяют адаптировать поток к скорости соединения и устройству пользователя.

* Различные типы: Стриминг может быть как в режиме реального времени (live streaming), так и по запросу (Video on Demand), где контент доступен после его частичной или полной загрузки.",,Редко
159,Сеть и интернет,Что такое идентификация?,"Процесс представления того, кем пользователь является. (ввод логина)",,Средне
160,Сеть и интернет,Что такое аутентификация?,"Проверка того, что пользователь это тот, за кого он себя выдаёт. (ввод пароля и проверка его корректности для данного логина)",,Средне
161,Сеть и интернет,Что такое авторизация?,"Определение того, на какие действия и ресурсы есть доступ у пользователя после успешной аутентификации.",,Средне
162,Сеть и интернет,Что такое кеширование?,"Кеширование — это процесс временного сохранения данных (или их копий) в специальном хранилище (кеше), чтобы при повторном запросе этих данных их можно было получить быстрее, без необходимости повторно извлекать или вычислять их из основного источника.

Основные моменты:
* Ускорение доступа: Данные из кеша доставляются быстрее, чем при обращении к первоисточнику (например, базе данных или удалённому серверу).
* Снижение нагрузки: Кеширование помогает уменьшить нагрузку на серверы и сети, так как уменьшает количество повторяющихся запросов.
* Временное хранение: Данные в кеше хранятся ограниченное время, после чего кеш может быть обновлён или очищен, чтобы отражать актуальную информацию.
* Применение: Кеширование используется в веб-приложениях, браузерах, операционных системах, базах данных и других системах для повышения производительности и улучшения пользовательского опыта.",,Средне
387,Сеть и интернет,Что ты знаешь про модель TCP/IP?,"Модель TCP/IP

* Это практический набор протоколов, который используется для построения и работы интернета.
* Модель TCP/IP обычно описывается 4 уровнями:
 - Уровень сетевого доступа (Link Layer): Обеспечивает физическую передачу данных и взаимодействие с сетевым оборудованием (иногда объединяет физический и канальный уровни).
 - Интернет-уровень: Отвечает за адресацию и маршрутизацию пакетов (например, IP).
 - Транспортный уровень: Обеспечивает передачу данных между узлами с использованием протоколов, таких как TCP (надёжный) и UDP (быстрый, но без гарантии доставки).
 - Прикладной уровень: Включает различные протоколы и сервисы для работы приложений (например, HTTP, FTP, DNS, SMTP).",,Иногда
388,Сеть и интернет,Отличие HTTP от HTTPS?,"* Безопасность
 - HTTP: Данные передаются в открытом виде и могут быть прехвачены злоумышленником
 - HTTPS: Шифрует данные с помощью SSL/TLS (с использованием приветственного сообщения, симметричного ключа и сертификатов), защищает данные от перехвата и изменения
* Порт
 - HTTP: 80
 - HTTPS: 443
* Сертификат
 - HTTP: Не требует наличие SSL/TLS сертификата
 - HTTPS: Требует. Сертификат подтверждает подлинность сайта",,Средне
389,Сеть и интернет,"В чём отличие HTTP/1, HTTP/2 и HTTP/3 ?","1. Формат сообщений (текст vs бинарный)
 * HTTP/1.1:
  -  Использует текстовый формат заголовков и тела. Запросы и ответы — это строки с методами (GET / POST / …), URI, протоколом (HTTP/1.1), заголовками и т.д.
  -  Парсинг заголовков требует разбора строк, переносов, разделителей : и т.п.
 * HTTP/2:
  -  Использует бинарный формат на уровне «фреймов» (frames).
  -  Все данные (заголовки, тело, служебные сигналы) разбиваются на отдельные бинарные фреймы, которые проще и быстрее парсить машинно (нет строкового парсинга).
  -  С точки зрения разработчика это обычно «прозрачно»: клиентские библиотеки (curl, браузеры и т. д.) сами собирают/разбирают эти фреймы.
 * Итог: HTTP/2 более эффективен при обработке, так как нет «строкового» парсинга, всё организовано в бинарном «потоке фреймов».
2. Мультиплексирование (multiplexing)
 * HTTP/1.1:
  -  Каждый запрос-ответ идёт последовательно в рамках одного TCP-соединения. До HTTP/1.1 существовало ограничение (Persistent Connection), когда следующий запрос ждал окончания предыдущего (head-of-line blocking).
  -  Браузеры, чтобы ускорить загрузку, открывают несколько TCP-соединений к одному серверу (по 4–6 подключений), распараллеливая запросы, но это повышает нагрузку на сетевую подсистему (каждый TCP-сокет — отдельное соединение с размноженной инициализацией, congestion control и т. д.).
 * HTTP/2:
  -  Позволяет в одном TCP-соединении вести несколько «параллельных» потоков (streams). Каждый запрос/ответ разбивается на фреймы и переплетается с фреймами других запросов.
  -  Клиент может одновременно (мультиплексированно) отправить запросы на изображения, скрипты, стили, а сервер может перемежать ответы.
  -  Решается проблема head-of-line blocking на уровне HTTP (но важно помнить, что на уровне TCP определённый HOL-blocking остаётся, однако мультиплексирование всё же существенно ускоряет загрузку веб-страниц).
 * Итог: HTTP/2 даёт мультиплексированные запросы/ответы в одном соединении, что повышает эффективность и уменьшает задержки.
3. Сжатие заголовков (HPACK)
 * HTTP/1.1:
  -  Заголовки отправляются как текст без специального «stateful» сжатия. На каждой передаче повторяются заголовки вроде User-Agent, Cookie, Accept и пр.
  -  Используются, правда, общие компрессии (например, gzip), но редко для самих заголовков (в основном для тела ответа).
 * HTTP/2:
  -  Внедрён специальный механизм HPACK — «Header Compression for HTTP/2».
  -  Он хранит таблицу (dynamic/static table) часто повторяющихся заголовков и отправляет лишь краткие «ключи» или диффы.
  -  При множественных запросах/ответах между клиентом и сервером заголовки (например, Host, Accept, User-Agent) перестают дублироваться в полном объёме — отправляются только ссылки/индексы.
 * Итог: в HTTP/2 заголовки компрессируются более эффективно, уменьшая общий трафик.
4. Server Push
 * HTTP/1.1:
  -  Для загрузки дополнительных ресурсов (CSS, JS, изображения) клиент должен явно сделать запрос, получив HTML с ссылками на эти ресурсы.
 * HTTP/2:
  -  Поддерживает Server Push: сервер может заранее отправить (пушить) клиенту ресурсы, не дожидаясь запроса (например, CSS, JS), если уверен, что они понадобятся.
  -  Это может ускорить загрузку, так как клиент может получить ресурсы «проактивно». Однако в реальных проектах эта фича используется сравнительно редко: возникает путаница с кешированием, при повторной загрузке страницы можно отправлять «лишний» push. (В HTTP/3 некоторые браузеры и вовсе убрали поддержку push в пользу 103 Early Hints.)
 * Итог: HTTP/2 даёт механизм Server Push, но его польза спорна и зависит от конкретных сценариев.
5. Скорость и производительность
 * HTTP/1.1:
  -  При загрузке страницы с множеством ресурсов (изображений, стилей, скриптов) клиент обычно поднимает несколько параллельных соединений, чтобы скачивать несколько объектов одновременно.
  -  При каждом соединении — отдельные накладные расходы (TCP handshake, congestion window, TLS handshake, если HTTPS).
  -  При большом количестве мелких файлов теряем много времени и overhead.
 * HTTP/2:
  -  Всё сводится к одному (или очень небольшому числу) TCP-соединений, внутри которого одновременно идут все запросы/ответы (мультиплексирование).
  -  Это уменьшает накладные расходы: меньше handshakes, быстрее старт (особенно заметно при HTTPS с TLS, где handshake сам по себе дорогой).
  -  Заголовки сжимаются (HPACK), дополнительно снижая трафик.
6. Шифрование
 * HTTP/1.1:
  -  Может работать как в незашифрованном режиме (http://), так и «поверх» TLS (https://).
  -  Но часто HTTP/1.1 встречается без шифрования (в случае http://).
 * HTTP/2:
  -  По спецификации: может работать как с шифрованием (TLS), так и без.
  -  На практике: большинство браузеров требуют TLS для HTTP/2. То есть если сайт говорит «я хочу HTTP/2», браузер ожидает защищённое соединение.
  -  В результате почти весь HTTP/2 в интернете — это HTTPS.
7. Совместимость
 * HTTP/1.1:
  -  Долгое время был «де-факто» стандартом, поддерживается всеми устройствами и клиентами.
 * HTTP/2:
  -  Широко поддерживается всеми современными браузерами и серверами (Nginx, Apache, IIS, Caddy, Cloudflare, CDN).
  -  Автоматически «договариваются» о переходе на HTTP/2, если и клиент, и сервер его поддерживают. В противном случае fallback на HTTP/1.1.

Также появляется HTTP/3, но пока он большинством систем не поддерживается. Из ключевых отличий - он строиться на базе протокола QUIC, который основан на UDP, когда как HTTP/1 и 2 основаны на TCP. Это значительно ускоряет передачу данных, т.к. TCP в случае потери одного пакета блокирует весь поток данных, пока не получит повторную передачу, а благодаря отдельным «потокам» внутри QUIC потеря пакетов не блокирует все данные сразу — это снижает задержки в сетях с высокими потерями или нестабильным соединением
",Умскул,Иногда
390,Сеть и интернет,Как передать специальный символ по HTTP (&)?,"Используется специальная кодировка, которая спецсимволам сопоставляет специальный код, например символ & кодируется как %26. Кодировать необходимо, если мы передаём спецсимвол в строке запроса либо в header. При передаче в теле запроса кодировать символ не нужно.",,Редко
391,Сеть и интернет,Что такое CORS?,"СORS (Cross-Origin Resource Sharing) — это механизм безопасности веб-браузеров, который позволяет контролировать, какие ресурсы могут быть запрошены с одного домена (происхождение) на другом. 
По умолчанию сайты могут запрашивать ресурсы только со своего origin. Такое ограничение называется Same-Origin Policy. CORS расширяет Same-Origin Policy, позволяя получать доступ к ресурсам с разных доменов.
Origin – это комбинация протокола, домена и порта (если он указан). Например, doka.guide – это домен, а https://doka.guide – origin.

В CORS можно настроить:
* Origin, откуда разрешены запросы
* Разрешённые методы
* Разрешённые headers
* Разрешение на cookie",,Редко
392,Сеть и интернет,Что такое CSRF атака?,"CSRF (cross-site request forgery, подделка межсайтовых запросов) — вид атак на сайт, при которой злоумышленник с помощью мошеннического сайта или скрипта заставляет браузер пользователя выполнять на доверенном сайте действия от его имени: отправлять сообщения, менять пароли, переводить деньги со счета на счет и пр. 
В атаке используются недостатки протокола HTTP. Может быть реализовано за счёт фишинговой ссылки и использование сессионных cookies для того, чтоб злоумышленник представился жертвой для сервера.

Для защиты от такой атаки сервер генерирует csrf-токен для каждого сеанса или формы, который затем передаётся клиенту (например, через скрытое поле в HTML-форме или в виде cookie). При отправке запроса сервер проверяет соответствие токена. Если токен отсутствует или не совпадает, запрос отклоняется.
",Аэрофлот,Редко
393,Сеть и интернет,Как настроить keycloak?,"В docker-compose поднять отдельный контейнер keycloak, создать пользователя, создать realm, создать клиентов(веб-сервисы, которые работают с кейклоком), выбрать и настроить grand-type(flow) - у меня был код авторизации.
Далее идёт настройка авторизации в веб-приложении - в middleware - сначала проверить наличие токена, потом валидировать и декодировать jwt токен через сертификат и вытягивать из тела запроса роль пользователя и проверять его доступ к запрашиваемому эндпоинту. ",,Иногда
394,Сеть и интернет,Что такое JWT токен?,"Json Web Token - стандарт передачи информации в виде компактного и автономного токена. Используется для аутентификации и авторизации.

Компоненты:
* Header - содержит инфу о типе токена и алгоритме шифрования
* Payload - тело запроса с передаваемой информацией и claims (инфа по типу времени жизни токена, издателя и тд.)
* Signature - подпись, которая создаётся путём шифрования Header и Payload

Вид токена:
* Строка вида Header.Payload.Signature, закодированная в base64

Достоинства JWT токенов:
* Компактность - токен небольшой по размеру, чем удобен для передачи по http
* Автономность - Содержит в себе всю инфу для аутентификации, чем снижает количество обращений к внешним сервисам.
* Безопасность - Подпись гарантирует неизменяемость токена злоумышленником",Литрес,Иногда
395,Сеть и интернет,Что такое access токен?,"Это токен, который используется в кейклоке для авторизации и аутентификации. Чаще всего представляется в виде JWT, передаётся в header запроса и именно он играет КЛЮЧЕВУЮ роль в подтверждении личности и прав пользователя. Его получает клиент от кейклока после аутентификации и использует для дальнейшего общения с сервером, как обычный человек использует паспорт в жизни.
Живёт обычно 5 минут.",Литрес,Редко
396,Сеть и интернет,Что такое refresh токен?,"Токен, позволяющий клиенту получить новый access токен при его истечении без необходимости повторного ввода логина и пароля. Имеет более длинный срок жизни, чем access. Живёт обычно сутки.",,Редко
397,Сеть и интернет,Что такое федерация в keycloak?,"Это механизм интеграции keycloak с внешними источниками данных о пользователях (БД или LDAP-серверами), который позволяет не делать миграции данных о пользователях в keycloak за счёт использования единого внешнего хранилища.",Райффайзенбанк,Редко
398,Сеть и интернет,Что такое LDAP сервер?,"Lightweight Directory Access Protocol сервер - специализированный сервер, использующий протокол LDAP для централизованного управления аутентификацией и авторизацией в корпоративных средах, обеспечивая единый источник истины для данных о пользователях. По структуре данных напоминает файловую систему (древовидную). Пример - OpenLdap.  ",,Редко
399,Сеть и интернет,Что такое сетевой сокет?,"Сокет - это виртуальная конструкция ip адреса получателя и порта, которая обеспечивает механизм взаимодействия между процессами, работающими на одной или разных машинах в сети. Сокеты позволяют приложениям обмениваться данными по сети, используя стандартные протоколы передачи данных, такие как TCP/IP или UDP.

⭐ Можно представить, что сокет — это виртуальная труба, которую строят между двумя приложениями, чтобы гонять между ними данные. Приложения видят только концы трубы, а как проходит трубопровод — они не знают и им неважно.",,Редко
400,Сеть и интернет,Какие виды аутентификации знаешь?,"1. Basic Authentication
* Принцип: клиент отправляет логин и пароль в заголовке Authorization в виде Base64 (которое не является шифрованием, а лишь кодированием).
* Недостатки: передача пароля в «открытом виде» (хотя и закодированном). Требуется защищённый канал (HTTPS), иначе данные легко перехватываются.
* Использование: довольно простой вариант, но в чистом виде применяют редко (чаще в связке с HTTPS и дополнительными мерами безопасности).

2. Digest Authentication
* Принцип: сервер посылает «задачу» (challenge) в заголовке WWW-Authenticate, клиент вычисляет специальную «подпись» (хеш) от пароля и nonce (случайного значения), после чего отправляет это в заголовке Authorization.
* Плюсы: пароль не передаётся напрямую; используется хеширование.
* Минусы: всё ещё уязвимо к некоторым атакам «по словарю» (если канал не зашифрован), сложнее в настройке и не особо популярен в современных веб-приложениях.

3. Bearer Token (OAuth 2.0, JWT и т. п.)
* Принцип: клиент присылает в заголовке Authorization: Bearer <token> некий «маркер» (token), который подтверждает его полномочия.
* Часто используется:
 - OAuth 2.0: токен выдается сервером авторизации (Authorization Server), а затем клиент прикрепляет токен к каждому запросу.
 - JWT (JSON Web Token): сам токен содержит в себе «подпись» и полезную нагрузку (claims), которую можно проверить на стороне сервера.
* Плюсы: не нужно хранить пароль и слать его каждый раз, можно быстро аннулировать или обновлять токены.
* Минусы: если токен перехвачен, злоумышленник может использовать его до истечения срока (поэтому важно шифровать канал и уметь «отзывать» токены).

5. Mutual TLS (mTLS)
* Принцип: в дополнение к сертификату сервера, клиент тоже предоставляет свой сертификат (Client Certificate), и при установлении TLS-соединения обе стороны проверяют подлинность друг друга.
* Использование: банковские системы, системы с высокой степенью доверия (B2B-сервисы).
* Минусы: сложна в настройке для массовых веб-приложений (управление клиентскими сертификатами).

6. Cookie + Session
* Принцип: после аутентификации (через форму или другой способ) сервер создаёт сессию и отправляет клиенту уникальный идентификатор в cookie. При последующих запросах этот cookie идентифицирует пользователя.
* Плюсы: привычно, массово используется в веб-сайтах.
* Минусы: надо защищать cookie (HTTPOnly, Secure), настроить политику обновления и уничтожения сессий, защиту от CSRF.",,Редко
262,Софт-скиллы и работа в команде,Что такое Jira?,"Jira — это система отслеживания задач и багов от Atlassian. Позволяет создавать тикеты, назначать исполнителей, ставить приоритеты, отслеживать статусы и прогресс. Поддерживает Agile-методологии (Scrum, Kanban), имеет гибкие workflows, интеграции с Git/CI/CD. Используется для планирования спринтов, ведения бэклога и отчетности.",,Редко
263,Софт-скиллы и работа в команде,Что такое Confluence?,"Confluence — это платформа для совместной работы и ведения документации от Atlassian. Позволяет создавать страницы, базы знаний, технические спецификации, meeting notes, онбординг-гайды. Интегрируется с Jira: можно линкать задачи прямо в документах. Удобна для хранения контекста, чтобы знания не терялись в чатах.",,Редко
264,Софт-скиллы и работа в команде,Что такое Kanban?,"Kanban — это Agile-методология визуализации workflow. Задачи отображаются на доске с колонками (To Do, In Progress, Done). Ключевые принципы: ограничение работы в процессе (WIP limits), непрерывный поток, фокус на завершении начатого. Нет фиксированных спринтов — задачи берутся по мере освобождения ресурсов.",,Редко
265,Софт-скиллы и работа в команде,Что такое Scrum?,"Scrum — это фреймворк для итеративной разработки. Работа делится на спринты (1-4 недели), в начале — планирование, в конце — демо и ретроспектива. Есть роли: Product Owner (приоритеты), Scrum Master (процесс), команда. Артефакты: бэклог продукта, бэклог спринта, инкремент. Фокус на регулярной поставке ценности и адаптации.",,Редко
125,Тестирование программ,Какие виды тестирования ты знаешь? Какие из них использовал?,"1. Модульные(юнит) тесты
Тестирование отдельных методов, функций, классов, модулей. Важно, что тестирование взаимодействия нескольких функций/классов внутри одного модуля - тоже модульный тест. Обычно их пишут разработчики.
2. Интеграционные тесты
Тестируют совместную работу различных модулей и сервисов в приложении. Например, могут проверять взаимодействие с бд. Более затратный вид тестирования, относительно модульных тестов, тк требуют запуск различных компонентов приложения. «Корректно ли модули общаются между собой?» Пример: Проверяем, что при вызове функции A в модуле X данные корректно передаются в модуль Y, и затем результат возвращается в X.
3. Функциональные тесты
Проверяют, соответствует ли функциональность системы заданным требованиям (чаще всего с точки зрения пользователя и бизнес-логики).«Работает ли система так, как того требует спецификация?» Пример - проверяем, что при оформлении заказа в интернет-магазине пользователь может выбрать товар, оплатить его и в итоге получить подтверждение; все шаги соответствуют бизнес-требованиям (корзина, оплата, подтверждение).
4. Сквозные тесты
Копируется поведение пользователя при работе с ПО в контексте всего приложения. Рассматриваются различные сценарии использования. Проводятся имитируя клики пользователя в графическом интерфейсе Это довольно дорогие тесты, если они автоматизированы, то их сложно обслуживать. Обычно их мало/нет и разработчики в основном полагаются на модульные и интеграционные тесты. Делаются через Selenium.
5. Приемочные тесты
Формальные тесты, которые проверяют, отвечает ли система требованиям бизнеса. Бывают ручными и автоматизированными(т.е. сквозными тестами).
6. Нагрузочное тесты
Тестирование нагрузки на приложение при определенной рабочей нагрузке, например, наблюдение за временем отклика на большом количестве запросов, наблюдение за поведением системы при работе со значительными объемами данных. Позволяет оценить надежность, скорость, масштабируемость и отзывчивость приложения.",,Часто
126,Тестирование программ,Что такое Mock?,"Mock — это инструмент из библиотеки unittest.mock, предназначенный для создания поддельных объектов (моков) в тестах. Эти объекты имитируют поведение реальных объектов, что позволяет изолировать тестируемый код от внешних зависимостей, таких как базы данных, API, файлы и сторонние сервисы.

В отличие от Stub, у Mock можно узнать, сколько раз он был вызван, с какими аргументами, был ли вызван и тд.

Пример:

```
from unittest.mock import Mock

mock_function = Mock(return_value=100)

# Вызов мока
result = mock_function(""Hello"", key=""value"")
print(result)  # 100

mock_function.assert_called()  # Проверяет, что был вызван
mock_function.assert_called_once()  # Проверяет, что вызван ровно один раз
mock_function.assert_called_with(""Hello"", key=""value"")  # Проверяет аргументы
print(mock_function.call_count)  # 1

```",,Часто
127,Тестирование программ,Что такое Stub?,"Stub (заглушка) — это простейшая версия объекта или функции, которая используется в тестировании для имитации поведения реальных компонентов. Stub возвращает предопределённые значения вместо выполнения реального кода.

По сути это обычный класс или функция с имитацией поведения оригинала.

Пример:

```
def stubbed_api_call():
   return {""status"": ""success"", ""data"": [1, 2, 3]}
```",,Редко
128,Тестирование программ,Через какие библиотеки тестировали свой код?,"pytest, unittest",,Часто
129,Тестирование программ,Что такое фикстура?,"Fixtures — это функции, выполняемые pytest до (а иногда и после) фактических тестовых функций. Код в фикстуре может делать все, что вам необходимо, например: 
- получить набор данных для одного или нескольких тестов 
- получить систему в известном состоянии перед запуском теста. 
Чтобы определить функцию как фикстуру, нужно навесить на нее декоратор @pytest.fixture(). 
Чтобы выполнить фикстуру перед тестом, нужно включить ее как аргумент теста.",,Часто
130,Тестирование программ,Что такое параметризация тестов?,"Это декоратор для тестов, который позволяет задавать список входных и выходных данных для выполнения одного теста.
@pytest.mark.parametrize(""test_input,expected"", [(""3+5"", 8), (""2+4"", 6), (""6*9"", 42)])
def test_eval(test_input, expected):
    assert eval(test_input) == expected",,Редко
131,Тестирование программ,Что такое scope (спецификация областей) в pytest?,"Это параметр для фикстуры, который определяет как часто фикстура выполняет setup и teardown. Может иметь значения фукнции, класса, модуля или сессии. По умолчанию scope = 'function'. 
Более подробно можно почитать тут: https://habr.com/ru/articles/448786/",,Иногда
288,Тестирование программ,В чем заключается метод черного и белого ящика в тестировании? Когда он нужен?,"Данный метод полезен, когда есть готовый код/модуль и его надо покрыть тестами.
Метод черного ящика
Модуль приложения тестируется по входным и выходным данным без анализа структуры кода самого модуля. 
Чаще всего применяется, когда проверку выполняет тот, кто не участвовал в создании кода модуля и сам код недоступен.
Метод белого ящика
Тестируется внутренняя структура модуля, его возможности и особенности поведения. Компонент изначально виден разработчику. 
Unit-тестирование методом белого ящика состоит из 3 этапов:
- Анализ отдельного модуля
Нужно изучить внутреннюю структуру кода, функционал и поведение объекта. Главная задача - полностью понять, как устроен и работает проверяет код.
- Создание тест-кейсов
Составление сценариев, чтобы показать, как ведет себя модуль. Тест-кейсы создают искусственную среду, максимально близкую к реальной, но без привлечения внешних ресурсов(веб-серверов, баз данных и т.д.)
- Тестирование модуля
Проверяемый компонент, изолированный от ядра приложения и других модулей, запускается в тест-кейсе. Нужно смотреть на то, как работает код и соответствует ли его поведение ожидаемому, анализировать возможные ошибки.
",,Редко
289,Тестирование программ,Для чего нужны setup и teardown? Когда они запускаются?,"В pytest принято разделять подготовку окружения (setup) и очистку/финализацию (teardown) с помощью функций, методов или (что чаще) фикстур. Их основная задача — подготовить необходимое состояние перед тестом (или серией тестов) и привести систему в «чистое» состояние после.

Setup (подготовка)
* Создание временных директорий/файлов
* Инициализация тестовых данных или «тестовой» БД
* Запуск сервисов или окружения, необходимых для теста (например, поднимаем локальный сервер)

Teardown (очистка)

* Удаление временных директорий/файлов
* Закрытие соединений с БД
* Остановка сервисов
* Очистка данных, чтобы не влиять на другие тесты

Таким образом, setup гарантирует, что тест всегда стартует в нужном состоянии, а teardown — что после теста не останется «мусора» (файлов, подключений, глобальных переменных и т.п.), который может нарушить изоляцию последующих тестов.

В Pytest обычно рекомендуется использовать фикстуры. Фикстуры могут иметь разный scope (уровень «охвата»):

* function: отрабатывает перед/после каждого теста
* class: один раз на весь класс
* module: один раз на модуль
* session: один раз на всю сессию тестов",,Редко
350,Тестирование программ,Что такое patch?,"Patch — это инструмент из модуля unittest.mock в Python, который используется для временной замены объектов на Mock-объекты во время тестирования. Это позволяет имитировать поведение функций, методов, классов и других объектов, не изменяя их исходный код.
Patch может использоваться как декоратор и контекстный менеджер. Он подменяет указанный вызываемый объект на указанный в аргументе new=(mock или stub) либо создаёт свой mock без поведения, если ничего не передано.

Примеры:

```
from unittest.mock import patch


def fetch_data():
   return ""реальные данные""


@patch(""__main__.fetch_data"", return_value=""поддельные данные"")
def test_fetch_data(mock_fetch):
   assert fetch_data() == ""поддельные данные""
   mock_fetch.assert_called_once()
```

```
from unittest.mock import patch


def fetch_data():
   return ""реальные данные""


def test_fetch_data():
   with patch(""__main__.fetch_data"", return_value=""поддельные данные"") as mock_fetch:
       result = fetch_data()
       assert result == ""поддельные данные""
       mock_fetch.assert_called_once()
```",,Иногда
351,Тестирование программ,Расскажи про пирамиду тестирования?,"Пирамида тестирования (Test Pyramid) — это концепция, которая описывает, как структурировать тесты в проекте, чтобы обеспечить высокое качество и при этом не тратить чрезмерно много времени и ресурсов на тестирование.

https://ibb.co/dwbWX5XY

На самой верхушке приёмочные тесты
Ниже системные тесты
Ещё ниже интеграционные
Внизу модульные

Они так распределены, потому что тестов на верхушке тесты, которых меньше всего и которые дороже всего, а в самом низу самые большие по количеству и дешёвые тесты.",,Средне
352,Тестирование программ,Какой у вас был процент покрытия кода тестами?,Мы стремились к 80%,,Часто
353,Тестирование программ,Как узнать процент покрытия кода тестами?,"Через плагин pytest-cov, который интегрируется с pytest и считает покрытие по формуле:

Coverage (строчное) = (Количество строк кода, которые были выполнены хотя бы раз) / (Общее количество строк кода) * 100%",,Иногда
354,Тестирование программ,"Если у нас есть функция, которую мы протестировали на все бизнесовые требования (например проверили фильтрацию и то, что функция что-то возвращает), можно ли считать, что каноничное тестирование пройдено на 100%?","Нет, нельзя. Тестирование «всех бизнесовых требований» — это крайне важная часть, но она не всегда охватывает все аспекты кода: граничные случаи, негативные сценарии, ошибки, ветвления, исключения и т.д. Чтобы быть уверенными, что тесты «канонически» (полноценно) проверяют код, нужно смотреть не только на «бизнес-функционал», но и на внутреннее покрытие (line, branch, path coverage), а также на нефункциональные аспекты (производительность, безопасность, ошибки).",,Редко
355,Тестирование программ,"Как нам могут помочь абстракции в срезе тестирования? Расскажи про качественное выделение абстракций при тестировании кода. Как абстракции влияют на код, как они вводятся?","В контексте тестирования абстракции дают возможность изолировать тестируемую логику от внешних или сложных зависимостей (БД, сети, файловой системы), позволяя подменять эти зависимости моками, стабами, фейками и т.д. Также круто применять Dependency Injection.

1. Зачем нужны абстракции в тестировании
 * Изоляция тестируемой логики
  - Если ваш метод/класс/компонент сильно завязан на внешние системы (запросы в БД, HTTP, кэш, и т.п.), то тесты становятся громоздкими, зависимыми от окружения и медленными.
  - Правильно введённая абстракция (например, интерфейс IUserRepository вместо прямого SQL-запроса) позволяет в тестах подменить реализацию «фейковой» или «инMemory»-версии.

 * Упрощение сценариев тестирования
  - С помощью подмен (mock, stub) можно точно контролировать поведение зависимой части.
  - Можно заранее «запрограммировать» ответы, ошибки, задержки, чтобы проверить, как система реагирует на различные условия.

 * Повышение скорости тестов
  - «Лёгкие» зависимости (инMemory, стабы) работают гораздо быстрее, чем реальные I/O или сервисы.
  - Это ускоряет CI/CD и повышает частоту запуска тестов (ранняя обратная связь).

2. Как абстракции влияют на код
 * Снижают связность 
 * Модули перестают напрямую зависеть от конкретной реализации.

3.«Качественное» выделение абстракций: ключевые принципы
 * Соблюдать SRP (Single Responsibility Principle)
  - Не смешивать в одном классе (или модуле) бизнес-логику и детали инфраструктуры (доступ к файлам, сети).
  - Каждая часть должна иметь «одну ответственность» — тогда интерфейсы получаются естественными.
 * Избегать «преждевременной» абстракции
  - Если у вас небольшой проект и одна БД, возможно не нужно создавать 5 уровней абстракций.
  - Хороший индикатор для ввода абстракций — наличие двух и более реализаций (или чёткое понимание, что скоро их будет несколько).

 * Читаемость и простота важнее «всё абстрагировать»
  - Слишком агрессивное применение DI и абстракций может усложнить код (Многоуровневая иерархия интерфейсов, фабрик, конфигов).
  - Держите баланс: абстракции там, где они действительно помогают тестировать и расширять код без боли.

 * Документировать контракты
  - Если у вас есть интерфейс IUserRepository, его обязанности должны быть чётко описаны (например, в docstring или комментариях).
  - Это помогает и при написании тестов (понимаем, что мы ожидаем), и при разработке альтернативных реализаций.",,Иногда
356,Тестирование программ,Какие школы юнит-тестирования знаешь?,"В сфере модульного тестирования (и, в частности, TDD — Test-Driven Development) нередко упоминают две основные «школы», или подхода к написанию тестов и работе с зависимостями:

* Классическая школа (Classic TDD, иногда называют «Чикагская» или «Детройтская» школа)
* Мокистская школа (Mockist TDD, или «Лондонская» школа)

Обе школы базируются на общей идее TDD (пиши тест — пиши код — рефакторь), однако различаются в том, как пишутся юнит-тесты, какие зависимости изолируются и какими инструментами (моками, стабами и пр.) разработчик пользуется.

1. Классическая (Чикагская/Детройтская) школа TDD
Основная идея: Писать тесты таким образом, чтобы они проверяли поведение системы максимально близко к реальным условиям, используя как можно меньше мок-объектов. Другими словами, тестируемые классы/модули взаимодействуют с реальными реализациями зависимостей (или с простыми стабами для внешних систем), а не с заглушками на каждый шаг.

Особенности:
* Минимальное использование моков и стабов: Для изоляции часто достаточно оставить реальные (иногда упрощённые) зависимости или вовсе интеграционные подходы.
* Валидация конечного результата: Тесты чаще проверяют состояние объекта или результат выполнения (выходные данные), чем взаимодействие с зависимостями.
* Упор на «чёрный ящик»: Система или класс тестируются «снаружи» — что подаём на вход, какой результат на выходе. Если для результата нужны коллаборации с другими объектами, часто используют их реальные (или почти реальные) версии.

Пример:
Если есть метод, который сохраняет что-то в базу, классические тесты могут использовать «настоящую» in-memory базу данных или что-то похожее, чтобы проверить фактическую запись, а не замокать всё подряд.

Reasoned for 4 секунд
В сфере модульного тестирования (и, в частности, TDD — Test-Driven Development) нередко упоминают две основные «школы», или подхода к написанию тестов и работе с зависимостями:

Классическая школа (Classic TDD, иногда называют «Чикагская» или «Детройтская» школа)
Мокистская школа (Mockist TDD, или «Лондонская» школа)
Обе школы базируются на общей идее TDD (пиши тест — пиши код — рефакторь), однако различаются в том, как пишутся юнит-тесты, какие зависимости изолируются и какими инструментами (моками, стабами и пр.) разработчик пользуется.

1. Классическая (Чикагская/Детройтская) школа TDD
Основная идея:
Писать тесты таким образом, чтобы они проверяли поведение системы максимально близко к реальным условиям, используя как можно меньше мок-объектов. Другими словами, тестируемые классы/модули взаимодействуют с реальными реализациями зависимостей (или с простыми стабами для внешних систем), а не с заглушками на каждый шаг.

Особенности:
Минимальное использование моков и стабов: Для изоляции часто достаточно оставить реальные (иногда упрощённые) зависимости или вовсе интеграционные подходы.
Валидация конечного результата: Тесты чаще проверяют состояние объекта или результат выполнения (выходные данные), чем взаимодействие с зависимостями.
Упор на «чёрный ящик»: Система или класс тестируются «снаружи» — что подаём на вход, какой результат на выходе. Если для результата нужны коллаборации с другими объектами, часто используют их реальные (или почти реальные) версии.

Пример:
Если есть метод, который сохраняет что-то в базу, классические тесты могут использовать «настоящую» in-memory базу данных или что-то похожее, чтобы проверить фактическую запись, а не замокать всё подряд.
Часто называют «Чикагской» или «Детройтской» (по аналогии с корнями первых внедрений XP/TDD у Kent Beck, Ron Jeffries и др. в американском регионе).

2. Мокистская (Лондонская) школа TDD
Основная идея:
Максимально изолировать тестируемый класс от его окружения, подменяя все внешние коллаборации моками (mock) или фейковыми (stub) объектами. При этом тесты проверяют не только конечный результат, но и правильность взаимодействия — т.е. вызывались ли зависимости, какие методы, с какими параметрами.

Особенности:
* Широкое использование моков: При написании теста подменяют все (или почти все) внешние зависимости тестируемого кода на моки, стабы, фейки.
* Проверка коллабораций (interaction-based testing): Тест обычно утверждает, что тестируемый объект вызывал методы зависимостей с корректными параметрами и в корректном порядке.
* Более детальный контроль поведения: Это даёт точные тесты на взаимодействие, но часто приводит к большему числу тестов, более «хрупких» при рефакторинге (так как меняется не только логика, но и то, какие методы зависимостей вызываются).
Пример:
Если метод «сохраняет» что-то, мокистский тест не проверит реальную базу данных. Вместо этого создаётся мок-репозиторий, и тест проверяет, что у него был вызван метод save(...) с определёнными параметрами.",,Редко
169,Docker,"В чем отличия образов apline, slim, bookworm для Python? Почему не рекомендуют использовать Alpine?","1. Alpine Linux
* Размер: ~5 МБ
* Пакетный менеджер: apk
* Основа: дистрибутив Alpine, использует musl вместо glibc

Плюсы:
* Очень компактный размер (экономит место и время загрузки)
* Минималистичность повышает безопасность (меньше потенциальных уязвимостей)
* Подходит для микросервисной архитектуры и чётко очерченных приложений

Минусы:
* musl вместо glibc — возможны проблемы совместимости с некоторыми Python-библиотеками
* Часто нужно собирать пакеты из исходников, что увеличивает время сборки
* Могут быть проблемы с производительностью некоторых Python-библиотек

2. Slim
* Размер: ~50–100 МБ
* Пакетный менеджер: apt
* Основа: обрезанная версия Debian/Ubuntu, использует glibc

Плюсы:
* Умеренно маленький размер (гораздо меньше «полного» Debian)
* Использует glibc — широкая совместимость с Python-библиотеками
* Универсальный вариант для продакшена и разработки (меньше хлопот, чем с Alpine)

Минусы:
* Размер больше, чем у Alpine (но обычно это приемлемый компромисс)
* По сравнению с «полным» Debian может не содержать некоторых инструментов по умолчанию (нужно доставлять)

3. Bookworm (Debian 12)
* Размер: ~200+ МБ (в зависимости от версии и предустановленных пакетов)
* Пакетный менеджер: apt
* Основа: полный образ Debian 12, использует glibc

Плюсы:
* Широкий набор предустановленных утилит и библиотек
* Максимальная совместимость: не требуется тянуть много дополнительных пакетов для сборки/установки
* Удобен в случаях, когда нужна обширная инфраструктура «из коробки»

Минусы:
* Значительно больше по размеру, чем Slim и тем более Alpine
* Избыточен для микросервисов, где важен минимальный объём и безопасность

Общий вывод
* Для Python-разработки и большинства кейсов рекомендуют Slim: у него хорошая совместимость (glibc), при этом он сравнительно лёгкий.
* Alpine подходит тем, кто готов ради экономии места потратить время на решение потенциальных проблем с musl и сборкой пакетов из исходников.
* Bookworm (полный Debian) берите, если размер не критичен и нужны многие системные пакеты и утилиты сразу «из коробки».

** glibc (GNU C Library) и musl (musl libc) — это две разные реализации стандартной библиотеки языка C для Linux-систем.",Баланс платформа,Иногда
171,Docker,Как собрать контейнер и запустить его?,"1. Создать Dockerfile, в котором вы опишете, какой базовый образ используете, какие зависимости устанавливаете, какие файлы копируете и какую команду запускаете внутри контейнера.
2. Выполнить команду docker build, чтобы на базе Dockerfile собрать образ.
3. Выполнить команду docker run, чтобы создать и запустить контейнер из собранного образа.",,Иногда
173,Docker,"Какой флаг нужен, чтобы запустить контейнер в фоне?",Флаг -d,,Иногда
175,Docker,Что такое volume?,"В Docker, volume (том) — это механизм для постоянного хранения данных, которые генерируются и используются контейнерами. Тома позволяют сохранять данные даже после остановки или удаления контейнера, что делает их важным инструментом для управления состоянием приложений в контейнерах.

Просто: В томах данные сохраняются даже после остановки или удаления контейнера. Если тома не использовать то данные удалятся вместе с удалением контейнера.
",Tutu,Средне
177,Docker,Что такое docker compose?,"Docker Compose — это инструмент для определения и управления многоконтейнерными Docker приложениями. С помощью Docker Compose возможно использовать файл YAML для конфигурации сервисов приложения. Затем, одной командой, можно создать и запустить все сервисы, указанные в этом файле.",Tutu,Средне
179,Docker,"Как сделать так, чтобы один контейнер запускался только после старта другого?","Можно использовать depends_on, который разрешает запускаться контейнеру только после запуска главного контейнера. Но depends_on не гарантирует готовность главного сервиса к работе, поэтому нужно ещё использовать healthcheck, который кидает в главный контейнер указанную команду для проверки его работоспособности",Tutu,Иногда
181,Docker,Что ты знаешь о networks в docker?,"В Docker, сети (networks) — это способ организовать взаимодействие между контейнерами и внешними ресурсами. Представьте себе сети как каналы или дороги, по которым данные путешествуют между разными частями приложения.

Вот ключевые моменты о сетях в Docker:
1. **Изоляция**: Сети позволяют изолировать контейнеры друг от друга. Это значит, что контейнеры в одной сети могут общаться между собой, но они изолированы от контейнеров в других сетях.

2. **Типы сетей**:
   - **Bridge (мостовая)**: Это тип сети, который используется по умолчанию. Подходит для изоляции приложений на одном хосте.
   - **Host (хостовая)**: Контейнеры используют сетевые интерфейсы хоста. Это может быть полезно для повышения производительности, но снижает изоляцию.
   - **Overlay (накладная)**: Используется для соединения контейнеров, работающих на разных хостах, в рамках кластеров Docker Swarm.
   - **None (без сети)**: Контейнеры без сетевого стека. Используется для создания сильно изолированных контейнеров.
",,Редко
183,Docker,Как посмотреть список запущенных контейнеров?,docker ps,,Редко
185,Docker,Что такое Docker? Для чего он нужен? В чём его преимущества?,"Docker - это платформа для разработки, доставки, запуска приложений в изолированных средах (контейнерах), которая помогает  разработчикам создавать и обслуживать их приложения в более простой и организованной манере. Можно поместить своё приложение и инструкции по его запуску в контейнер и запустить его на любой другой машине простыми командами.

Для чего нужен Docker?

1. **Изоляция**: Можно запустить контейнеры изолированно друг от друга

2. **Удобство**: Контейнер можно запустить одной командой, т.к. все инструкции по запуску находятся внутри

3. **Одинаковая работа везде**: Можно легко запускать контейнер на разных машинах",VK,Часто
187,Docker,Что какое Docker Registry? Какие ты знаешь? С какими сталкивался в работе?,"Docker Registry — это сервис (или хранилище), в котором хранятся образы Docker. Он позволяет публиковать образы (push) и скачивать их (pull) в/из различных окружений. Проще говоря, это репозиторий для контейнерных образов, аналогичный тому, как Git-репозитории служат для кода.

Основные Registry: Docker Hub, Amazon/Google/Nexus/Gitlab/Github/Azure Container Registry",,Редко
189,Docker,Что такое Docker Swarm?,"Это инструмент для оркестрации контейнеров. Благодаря нему можно распределять контейнеры по разным хостам, объединяя их в кластер, которым можно управлять. (аналог k8s)",,Редко
358,Docker,Какие параметры принимает команда docker run?,"-d - запуск контейнера в фоновом режиме
–rm - удаление контейнера после его остановки
-p - проброс портов
–network - выбор сети для контейнера
–name - присвоить контейнеру заданное имя
–memory - ограничение объёма оперативной памяти, доступной для контейнера
-v - монтировать volume
-e - задать переменные окружения
-u - запуск контейнера от имени указанного пользователя
",,Редко
359,Docker,Что такое контейнер?,"Docker-контейнер — это изолированная, легковесная среда выполнения для приложений, которая включает все необходимые зависимости, библиотеки и настройки. Контейнеры обеспечивают консистентность и переносимость приложений между различными системами и окружениями, позволяя запускать их одинаково эффективно как на локальных машинах разработчиков, так и в продакшен-средах.
",,Часто
360,Docker,Расскажи про мультиэтапную сборку Docker?,"Мультиэтапная сборка — это методика, позволяющая использовать несколько инструкций FROM в одном Dockerfile. 
Первый этап (сборки) устанавливает все необходимые зависимости и компилирует проект(если язык компилируемый), второй этап (запуска) копирует из первого этапа все бинарные файлы и работает с ними, что существенно уменьшает вес образа и скорость запуска контейнера. Также это повышает безопасность, т.к. секреты, нужные для сборки, не хранятся в запускаемом контейнере.
",,Иногда
361,Docker,Какие инструкции Docker знаешь?,"FROM - задаёт базовый образ
RUN - запуск команды во время сборки образа
CMD - команда при запуске контейнера
ENTRYPOINT - команда при запуске контейнера
COPY - копирует файлы и директории из хоста в контейнер
ENV - устанавливает переменные окружения
EXPOSE - определение порта контейнера
VOLUME - создать том для хранения данных контейнера на хосте
WORKDIR - устанавливает рабочий каталог для последующий инструкций RUN, CMD, COPY - копирование файлов с хоста в контейнер
ADD - COPY для работы с удаленными url адресами
USER - устанавливает пользователя, под которым будут выполняться команды внутри контейнера
LABEL - метаданные к образу",,Иногда
362,Docker,Главное условие для успешного запуска контейнера?,Наличие корректно собранного образа.,,Редко
363,Docker,Где хранятся тома docker?,/var/lib/docker/volumes/,,Редко
364,Docker,Что такое docker демон?,"Это основной компонент архитектуры Docker, отвечающий за управление контейнерами, образами, сетями и хранилищами данных. Демон выполняется в фоновом режиме на хостовой машине и взаимодействует с клиентом Docker (Docker client) через API, обеспечивая выполнение команд, отправленных пользователями или системами автоматизации, такими как CI/CD пайплайны.",,Редко
365,Docker,Отличие инструкций CMD и ENTRYPOINT?,"Работают одинаково, если не использовать аргументы при запуске и не использовать их вместе.
CMD можно полностью переопределить при подаче аргументов при запуске контейнера:

CMD [""echo"", ""Hello, world!""]

Если мы напишем:
docker run <image> echo ""Hello, Docker!""

То выведется ""Hello, Docker!"" и инструкция CMD будет полностью переопределена.

ENTRYPOINT нельзя переопределить, можно только дополнить аргументами.

ENTRYPOINT [""echo"", ""Hello,""]

CMD [""world!""]

Если мы напишем:

docker run <image> ""Docker!""

то будет выведено ""Hello, Docker""
",,Иногда
366,Docker,На что стоит обращать внимание при написании docker-compose скрипта?,"Порядок запуска приложений (depends_on и healthcheck)
Чтоб контейнеры были в одной сети при надобности (network)
Конфигурация каждого образа через переменные окружения
Монтирование томов, чтоб не потерять данные при удалении контейнера
Настраивать перезапуски, чтобы контейнер перезапускался при падениях, остановках и тд.
Избегать latest тегов, т.к. в них неизвестна точная версия и она может поменяться в будущем
",Tutu,Иногда
367,Docker,Что такое healthcheck?,"Healthcheck в Docker — это механизм, позволяющий контейнеру «самопроверяться» на корректность работы. С помощью директивы HEALTHCHECK в Dockerfile (или соответствующих настроек в Docker Compose) вы можете указать команду, которая регулярно проверяет состояние приложения внутри контейнера. На основании результатов проверки Docker присваивает контейнеру статус healthy или unhealthy.
",Tutu,Иногда
373,Docker,В чем отличие контейнера от виртуальной машины?,"Контейнеры требуют меньше памяти и времени, чем виртуалка
Контейнеры используют общее железо, у каждой виртуалки оно своё
Контейнеры менее изолированы друг от друга, чем виртуалки (контейнеры изолированы на уровне пространства имён и процессов, а виртуалки на уровне ОС)
Контейнеры более портативны, чем виртуалки
У каждой виртуалки своя ОС, а все контейнеры основаны на одной ОС",,Средне
374,Docker,Можно ли запустить образ Windows в Docker-контейнере?,"Да, на Docker hub лежит образ Windows server",VK,Иногда
163,Frontend Basics,Какие ты знаешь html-теги?,"Знаю структурные (html, head, body), текстовые (h1-h6, p, span, div, a, br, hr), списки (ul, ol, li), формы (form, input, button, select, textarea), таблицы (table, tr, td, th), семантические (header, footer, nav, section, article, aside) и медиа (img, video, audio). Для бэкенд-разработки чаще использую базовые и семантические теги в шаблонах.",,Редко
164,Frontend Basics,Как вы верстали email-письма для отправки?,"Верстка писем требует учета ограничений почтовых клиентов: используем табличную верстку (table) вместо div для совместимости со старыми Outlook, все стили пишем inline, избегаем JavaScript и сложных CSS-селекторов. Часто используем шаблонизаторы (Django templates) или инструменты вроде MJML, которые компилируются в безопасный HTML. Обязательно тестируем отображение в разных клиентах через сервисы типа Litmus или Email on Acid.",,Редко
47,Git,Какие ты знаешь удаленные репозитории?,"Github, Gitlab, Bitbucket. Отличия в интерфейсе, названиях и фичах.",,Редко
48,Git,Как можно создать ветку?,"git branch <name> или git checkout -b <name>. Первая команда создаст ветку, вторая создаст и переключится в эту ветку.",,Редко
49,Git,Что такое git stash?,"Эта команда позволяет архивировать на время изменения сделанные в рабочей копии, чтобы их можно было применить позже",,Редко
50,Git,Что такое индекс?,"Индекс в Git — это специальная промежуточная область, в которой хранятся изменения файлов на пути от рабочей директории до репозитория. При выполнении коммита в него попадают только те изменения, которые были добавлены в индекс.",,Редко
51,Git,Какие ты знаешь способы отката коммита?,"soft, mixed, hard. Команда git reset —soft позволяет отменить последние коммиты. Сами изменения, которые были внесены в файлы, остаются в индексе для их дальнейшей модификации и последующего коммита.
Командой git reset —mixed пользуются для отмены последнего сохранения изменений в коммите и сброса индекса. Состояние рабочей директории остается нетронутым. Это позволяет добавить другие изменения в индекс для последующего коммита. Но дерево объектов при этом изменяется. Параметр –mixed действует по умолчанию.
Командой git reset —hard пользуются для полного удаления всех изменений, сделанных после определенного коммита. Из этого следует, что любые изменения, внесенные в рабочую директорию и индекс, удалятся. Этот режим git reset может оказаться полезным, если возникает необходимость отменить все изменения до выбранного коммита и начать работу с него. ",,Иногда
52,Git,Какой процесс добавления кода в репозиторий?,"Создать отдельную ветку, выполнить изменения, добавить их в индекс, сделать коммит, запушить в удаленный репозиторий. Дальше создается пулл/мерж реквест, назначается ревьюер и затем происходит мерж в мастер.",,Средне
114,Git,Чем отличается git merge от git rebase?,"Git merge создает новый коммит слияния, сохраняя историю веток точно как было (нелинейная история с ветвлениями). Git rebase переписывает историю, перенося коммиты текущей ветки на конец целевой, делая историю линейной и чистой. Merge безопаснее для общих веток (main/master), так как не меняет историю, а rebase лучше использовать для локальных фич-веток перед объединением, чтобы не было лишнего шума.",,Редко
170,HR-собеседование,"Расскажите о самых сложных проблемах, над которыми вы работали. Расскажите в подробностях, как вы их решали","Здесь хотят услышать подход к решению проблем.
1. Вспоминайте какую-то срочную, сложную задачу.
2. Объясняете, почему она важна и почему сложна.
3. Рассказываете, как разбирались в проблеме
4. Как в итоге решили 
",,Часто
172,HR-собеседование,"У вас есть предложения от других компаний?
","На этапе скрининга говорим, что офферов нет, но активно ходим по тех собесам. На техах и финалах говорим: “Да, есть другие интересные предложения, но хочу рассмотреть ваш вариант, потому что..."" Подумайте и запишите ответ, например: у вас крутой проект, сильная команда, правильная культура.

Работодатель должен чувствовать, что конкурирует с другими предложениями. И что у него мало времени на хантинг. Как в маркетинге и продажах это подталкивает человека захотеть “купить” здесь и сейчас.

Если есть офферы - говорите, что компании ждут ответа до определенной даты. Если нет - говорите, что есть. Никто не имеет права требовать назвать имя компании, расскажите в общем - этого достаточно.",,Часто
174,HR-собеседование,Какая ЗП у вас на текущей работе?,"Называйте сумму в 85-90% от той, которую вы хотите получить в оффере. Например, сейчас получаете 50 т.р., верите, что эта компания согласиться на 120 т.р. - отвечайте “сейчас получаю 100 т.р.”.",,Редко
176,HR-собеседование,Чем вы конкретно занимались,"Делайте акценты на задачах, которые релевантны текущей вакансии.
Надежный способ успокоить интервьюера - сказать ""70% времени разрабатывал новый функционал, 20% - багфиксы и продумывание архитектуры, 10%  митинги и бюрократия""",,Часто
178,HR-собеседование,Каким достижением на прошлой работе вы можете гордиться,"1. Вспоминайте какие сложные задачи решили. Которые требовали обучения, дополнительного времени, ресурсов. 
2. Упаковывайте результат в метрики, и описывайте конкретными словами: сократил расходы на; внедрил практику или технологию X; вырос до мидла за 2 месяца; обучил трех стажеров за 3 месяца - устроились джунами к нам; разработал архитектуру модуля/приложения X;

Примеры хорошего ответа:
1. “В компании не было юнит-тестирования. Я провел анализ подходящих фреймворков, подготовил материалы, рассказал всем на презентации и начал обучать людей. Практику успешно внедрили, чем я и горжусь.”
",,Часто
180,HR-собеседование,"Расскажите про свой самый крутой проект и задачи, над которым вы работали. За что вы отвечали на проекте? Что у вас получилось на проекте, а что не получилось?","От вас хотят услышать драйвовую историю. Берите за основу 5 составляющих любого проекта:
1. Техническая часть
2. Бизнесовая часть
3. Команда
4. Процессы
5. Успех проекта
",,Часто
182,HR-собеседование,"Какую зарплату вы хотите?
Какую минимальную сумму рассматриваете?","Называйте вашу ожидаемую зарплату, конкретные цифры. ЗП можно обговорить с ментором. Усредненно можно просить от 220к на руки",,Часто
184,HR-собеседование,Как Вы относитесь к работе в сверхурочное время?,"1. Покажите работодателю что лояльны к сверхурочным, когда это нужно. “Если дедлайн - то могу задержаться ради проекта”
⠀
2. Задайте встречный вопрос - “как часто вы работаете сверхурочно”, “как оплачиваются эти часы”. Если у интервьюера бомбанет от вопросов, стоит задуматься - нужно ли работать в этой компании)",,Часто
186,HR-собеседование,Что вас мотивирует?,"Меня мотивирует работа над крутым проектом/продуктом - прям как у вас
Меня мотивирует работа в крутой команде - прям как у вас
Меня мотивирует работа с крутыми процессами - прям как у вас

Ищите точки соприкосновения с компанией -  вам мотивирует то, что уже есть в этой компании.",,Средне
188,HR-собеседование,"У вас есть ипотека, кредит? Дети?","Честный ответ

Из подобных вопросов можно и нужно извлечь выгоду для себя. Если вопрос задаёт ваш будущий руководитель - ответьте честно, а затем поинтересуйтесь почему ему интересно знать такие подробности.. Узнаете с кем вам придется работать)",,Редко
190,HR-собеседование,У вас есть муж? Планируете рожать?,"Хотите ли вы в декрет сейчас или нет - в любом случае выгодно убеждать, что в декрет в ближайшие годы вы не уйдете. Главное, нельзя задумываться в ответ на этот вопрос. Уверенно и быстро отвечайте “нееет, пока не думала о детях”; “Хочу строить карьеру”, “Через 3 года собираемся взять свое жилье в ипотеку, тогда и подумаем”;",,Иногда
192,HR-собеседование,"С какими гибкими методологиями вы знакомы?
","Почитайте про Kanban, SCRUM, XP. Выпишите ключевые моменты. Запомните хотя бы 1/3 из материала - уже будете круче чем большинство кандидатов",,Средне
194,HR-собеседование,Как вы оцениваете сроки выполнения задачи? ,"Пишу план, выделяю непонятные вещи, выясняю что является целью, накладываю риски -> получается оценка",,Часто
196,HR-собеседование,"Расскажите о ситуации, когда вы не укладывались в сроки.","Ключевые шаги, при сорванных сроках:
1. Оценить новый срок и учесть ошибки
2. Предупредить руководителя
3. Предложить конкретные действия:
   а. Привлечь помощь
   б. Работать сверхурочно
   в. Договориться и сдвинуть срок
   г. Изменить постановку задачи, состав работ
   д. Отказаться от менее приоритетных задач
4. Предупредить людей, чья работа зависит от завершения вашей работы
5. Первым делом брать в работу ту часть задачи, которая самая рискованная и непроработанная.

Пример хорошего ответа:
“Считаю что такие ситуации нормальны в нашей работе. Часто приходиться работать с задачами высокой неопределенности и тут главное держать в курсе команду и заинтересованные стороны. Когда подобные ситуации происходят, я рассказываю о проблеме команде и руководителю, дальше решаем, нужно ли привлечь помощь, изменить сроки или упростить задачу. Например, перенести часть функционала в следующий релиз.”",,Часто
198,HR-собеседование,"Что вы изучаете в последнее время?
Как следите за последними тенденциями в разработке? 
Что полезного и нового вы узнали по своей профессии за последний год? 
","1. Подготовьте план развития, со сроками, целями, темами, скилами и т.д. Интервьюеры ссутся от радости когда слышат о таком. Да и само упражнение полезное.
2. Рассказывайте о вещах которые пригодятся работодателю: переписывают legacy? Скажите что как раз разбираетесь и тестируете тонкости новой версии.
3. Расскажите о книгах, статьях, онлайн курсах, видео с youtube, паттернах которые изучили и т.д. Ограничений нет.

Как быть если вы не развиваетесь:
1. Рассказывайте о том что изучали год, два, три назад. Освежите память, чтобы казалось что вы неделю назад закончили изучать тему.
2. Посмотрите, что в тренде по специальности: книги, статьи, курсы, либы... Почитайте один вечер - на интервью скажете что уже две недели изучаете.",,Часто
200,HR-собеседование,Назовите 3 ваших положительных качества и 3 отрицательных,"Плюсы - составьте список важных качеств на подобной позиции или в этой компании. Ищите вдохновение в описании вакансии. Например:
1. ""Постоянно развиваю свои компетенции"".
2. “Беру и делаю - разберусь и найду информацию для решения любой задачи”.
3. “Всегда добиваюсь результата”.

Минусы - выбирайте некритичные организационные или технические вещи. И обязательно рассказывайте как планируете их устранять.
1. “Излишне дотошен, но учусь находить компромисс“.
2. “Не люблю заниматься рутинной, поэтому тщательно выбираю компанию, в которой буду работать”.
3. “Пока что у меня мало навыков в работе с БД, как раз прохожу курс”.",,Иногда
202,HR-собеседование,Что в вашей работе для вас самое сложное?,"Проведите параллель с вашим планом развития, чтобы показать, что решаете эти сложности.
Например: ""Пару месяцев назад понял что плаваю в работе с базами данных. Занёс это в свой план развития и сейчас как раз прохожу курс на эту тему""",,Часто
204,HR-собеседование,"Если бы мы попросили ваших коллег рассказать про вас, чтобы мы услышали?
Как бы описали вас другие разработчики / менеджеры проектов, с которыми вы работали?","""Я переодически спрашиваю про это своего менеджера, тим лида, ментора. Получаю конструктивный фидбек. Им нравится то что я постоянно развиваюсь; отвественно отношусь к свои задачам и срокам;  стараюсь во благо проекта; всегда готов помочь коллегам;""",,Иногда
206,HR-собеседование,Как вы действуете в конфликтной ситуации на работе?,"1. Говорить, что вы развивали конфликт не стоит. 
2. Показывайте, что вы за мирное решение и что с вашим приходом конфликтов станет меньше.
3. Расскажите, что попав в конфликт вы:
    а) Ставите себя на место другой стороны. 
    б)“Открыты к разговору”
    в) Готовы признавать ошибки.
    г) Находите компромисс в диалоге.
    д) Просите совета у руководителя и других коллег, если нужно.
    е) Заранее строите доверительные отношения с людьми, чтобы конфликтов было меньше,
    ж) Только если предыдущие пункты не сработали, а проблема как риск для проекта осталась, обращаетесь за помощью.
4. Интервьюер должен услышать, что победила дружба.
5. Без заготовленного заранее кейса вам будет сложно на ходу правильно себя показать - запишите пару ситуаций.",,Часто
208,HR-собеседование,Вы предпочитаете работать один или в команде?,"Пример: “Доводилось работать над проектом самостоятельно, но я считаю, что в команде работа идет продуктивнее. Потому что команда мотивирует делать больше и лучше, всегда есть с кем посоветоваться и у кого поучиться. Мне нравится помогать своей команде и достигать общего результата.”",,Редко
210,HR-собеседование,Как бы вы объяснили своей бабушке - кем вы работаете? ,Постарайтесь дать максимально лёгкий и доступный для понимания ответ ,,Редко
212,HR-собеседование,Что вы будете делать если руководство в обход вашего менеджера ставит вам срочные задачи,"""Это нередкая и нормальная ситуация, с которой можно работать.
Мои задачи при этом:
1) Уметь перестроиться и быстро дать результат, когда это нужно
2) Показывать прозрачность моей работы, чтобы мой руководитель легко и эффективно принмал решение что важнее
3) Оповещать всех, кто ждет результата моей работы, об изменениях в приоритетах и сроках

Если приносят очевидно сверхсрочную задачу - оповещу остальных и руководителя, а затем пойду и сделаю.
Если дают умеренно срочную задачу - обсужду с руководителем, затем сообщу о сроке решения.
Когда нет возможности посоветоваться - расспрошу побольше и сам изменю приоритеты.
В КАЖДОМ таком случае буду напоминать, что продуктивнее ставить задачи через моего руководителя.""",,Редко
214,HR-собеседование,"В вашей команде каждый день меняются приоритеты, появляются новые срочные задачи. Что вы будете с этим делать?","Обсуждаю с менеджером ситуацию. Подсвечиваю риски по текущим задачм, рассказываю сколько осталось. Если решаем что задача действительно горит - оповещаю остальных что их задача будет сделана позже, объясняю почему.",,Средне
216,HR-собеседование,Расскажите о себе,"План рассказа:
Вводная - как выбрал профессию и чему учился
Основные проекты, команды и моя роль в них
В чем мои сильные стороны
Чего хочу и почему хочу к вам

Советы
1. Уложите рассказ в 2-3 минуты. Говорите спокойно, но энергично.
2. Не используйте сложные термины
3. Нужно рассказывать коротко, емко и только то, что важно работодателю.",,Часто
218,HR-собеседование,"Чем вы увлекаетесь, есть ли у вас какое-то хобби? 
","Просто расскажите чем увлекаетесь в свободное время. Главное не затягивайте - не нужно 15 минут описывать ваше восхождение на эверест.
Желательно упомянуть про подвижные, спортивные, а также социальные вылазки. 2 раза сходили на пейнтбол - ""хожу с друзьями на пейнтбол"".
""Танки"" тоже можно упомянуть, это не плохо.",,Иногда
220,HR-собеседование,Когда вы готовы выйти на работу?,"1) Если Вы решили выйти на работу как можно быстрее, так и говорите:
Я готов выйти на работу уже с завтрашнего числа. Когда вы хотите, чтобы я начал?

2) Если же Вам надо отрабатывать 2 недели на старой работе, говорите точную дату, с которой сможете начать работать. ",,Часто
222,HR-собеседование,Как вы относитесь к командировкам?,"Отвечайте как есть. Отличный повод узнать, часто ли нужно будет ездить. 
Если вам не подходит - лучше не идти к ним.",,Редко
224,HR-собеседование,Какими будут ваши первые шаги на новом месте работы?,"К такому вопросу нужно готовиться. Выянсите потребности работодателя:
1. Изучите описание вакансии
2. Распросите рекрутера при первом созвоне
3. Задавайте вопросы на собеседовании

Основные направления, над которыми нужно работать в любой компании:
1. Техника - аудит системы
2. Понять что по команде. Кого обучать, кого нанимать
3. Выстроить базовые внутренние и внешние отношения
4. Инфраструктура, DevOps
5. План разработки - сроки, стоимость, состав команды

Костяк, шаблон ответа можно заготовить заранее. 75% повторяется, надо потренироваться.",,Иногда
226,HR-собеседование,"Почему нам стоит нанять именно Вас?
Почему вы хотите работать именно у нас?
Как вы видите развитие своей карьеры и какие навыки вы хотели бы освоить, являясь нашим сотрудником","Нужно как в продажах - говорить больше о клиенте и меньше о себе. Убеждайте, что вам нравятся культура, проекты, люди, которым приносят пользу эти проекты, подход компании к работе и сотрудникам.

Выпишите себе следующие пункты и найдите на них ответы. Ищите в описании вакансии или спрашивайте у HR при первом созвоне. Много инфы можно накопать почитав о компании:
1. Их инструменты и технологии
2. Как устроены процессы в компании/команде, состав команды
3. Цели проекта/продукта
4. Обучение сотрудников
5. Чем предстоит заниматься
6. Каким видят идеального кандидата.Например, “многозадачен”
7. Какие задачи стоят в ближайшее время: “оптимизация системы”

Пример ответа:
“У вас используются React, Redux, Saga, Typescript и Git - со всем этим работал и поэтому подхожу на эту роль. Вы работаете удаленно, а я уже давно работаю на удаленке и поэтому продуктивно включусь в процесс. У вас небольшая продуктовая команда, поэтому нужен человек, который сможет настроить CI, среду, что-то сверстать, я как раз могу этим заняться.”",,Средне
228,HR-собеседование,"Что вы ищите сейчас?
Опишите свое идеальное место работы
Что вы надеетесь получить от этой работы?","Ключевые пункты:
1. Продвинутые инструменты и технологии
2. Развитые процессы в компании/команде, крутая команда команды
3. Полезность и амбициозность проекта/продукта
4. Обучение сотрудников

По ходу рассказа связывайте эти пожелания с компанией, куда собеседуетесь.
Нужно как в продажах - говорить больше о клиенте и меньше о себе. Убеждайте, что вам нравятся культура, проекты, люди, которым приносят пользу эти проекты, подход компании к работе и сотрудникам.
Ищите зацепки в описании вакансии или спрашивайте у HR при первом созвоне. 

Пример ответа:
“Хочу работать с современным стеком технологий, видел что у вас React, Redux, Saga, Typescript и Git - это радует. 
Мне важно знать, что я приношу пользу людям. На вашем проекте я буду в этом уверен.
Также не хотелось бы тратить время на компанию с неразвитими организационными процессами""
",,Часто
230,HR-собеседование,"Почему вы ищете новую работу? 
Почему вы решили уволиться?
Почему вы так часто меняли работу?","Покажите ответом что хотите развития и что именно у этого работодателя сможете расти. Также убедите его, что увольняетесь редко и по серьезным причинам, которые не повторятся вновь или не зависят от вас.

Пример ответа:
“Я уже два года работаю в компании над проектом банкинга, знаю вдоль и поперек весь код. Задачи выполняю быстрее чем планировалось. Челенджей нету, а хочется. Я несколько раз ходил к руководителю, чтобы обсудить это. Новых проектов не намечается”14",,Часто
232,HR-собеседование,Какой вы видите свою будущую команду,"Здесь нужно попасть в ""ожидания"" того кто спрашивает.

""Хочу команду:
1. В которой мы вместе сможем развиваться
2. С которой мы вместе будем делать ваш классный мега продукт
3. С которой мы вместе выстроим самые эффективные процессы",,Часто
234,HR-собеседование,Каким вы видите своего будущего начальника,"Хочется работать на человека с амбициями, который хочет развиваться и делать классные проекты.
В работе с своей команды жду взаимоуважения, желания доверять мне сложные задачи, честности и поддержки.

Каждый пункт руководитель должен мысленно отмечать в голове ""да, я такой, я молодец)))"". Если, наоборот, босс - унылое говно, может и не надо к нему идти?",,Часто
236,HR-собеседование,Чем вас заинтересовала наша вакансия?,"Уже обсуждалось.
Основные моменты, которые можно упомянуть:
1. Инструменты и технологии
2. Процессы в компании/команде, состав команды
3. Цели проекта/продукта
4. Обучение сотрудников
5. Чем предстоит заниматься
6. Каким видят идеального кандидата. Например, “многозадачен”
7. Какие задачи стоят в ближайшее время: “оптимизация системы”

Пример ответа:
“У вас используются React, Redux, Saga, Typescript и Git - со всем этим работал и поэтому подхожу на эту роль. Вы работаете удаленно, а я уже давно работаю на удаленке и поэтому продуктивно включусь в процесс. У вас небольшая продуктовая команда, поэтому нужен человек, который сможет настроить CI, среду, что-то сверстать, я как раз могу этим заняться.”",,Часто
405,HR-собеседование,"Бывало ли такое, чтоб у тебя была затруднена коммуникация с кем-то на работе? Как решал?","Да, такое бывало. Как-то раз выполнение моей задачи блокировалось фичёй от другой команды, при этом очень сильно горели дедлайны. Я мягко напоминал им об этой блокировке и пытался узнать сроки выполнения, но я не получал ответов на свои письма. Проблему решил путём обращения к руководству, т.к. после этого команда вышла на связь.",WB,Иногда
406,HR-собеседование,"Бывали ли такие ситуации, чтоб ты был не согласен с кем-то? Как действовал в такой ситуации?","Да, такое бывает, и это нормально. Но всегда в таких ситуациях либо я соглашался с собеседником, т.к. мне объясняли почему я не прав, либо собеседник соглашался со мной. Например, когда я предложил вариант архитектуры, разработчик предложил игнорировать DRY, так как у двух модулей разные причины изменения (S из SOLID)","WB, Авито, Евраз",Средне
407,HR-собеседование,"Доводилось ли тебе работать с неэффективным процессом? Если да, то что делал в такой ситуации?","Да, приходилось. Например, в нашей команде у всех были установлены разные линтеры, что затрудняло читаемость кода из-за разнородного формата. Я предложил ввести общий линтер для всех.","Авито, WB, Х5",Средне
408,HR-собеседование,"Получал ли ты когда-нибудь отрицательный фидбек? Если да, то какой?","Да, такое бывало, и это нормально. Как-то раз я получил отрицательный фидбек за то, что слишком внимателен к деталям при выполнении задачи. Всегда нужно держать баланс между скоростью разработки и качеством кода, прислушиваясь к бизнесу и руководству.","WB, Авито",Иногда
409,HR-собеседование,"Что делать, если нужно к дедлайну допилить фичу и нельзя сдвинуть сроки, привлечь помощь и т.д.?","Если заказчик требует кровь из носа выполнить задачу, значит буду перерабатывать и любой ценой стараться достичь цели.",Аэрофлот,Иногда
410,HR-собеседование,В каком проекте ты бы точно не хотел работать?,"Думаю, проектов, где бы я точно не хотел работать, нет. Если нужно что-то сделать и нет ресурса у команды, то я готов взяться за задачу. Может быть, мне не сильно нравятся задачи не по профилю, такие как разработка фронта или девопс задачи, но в целом что тут код, что там код.","X5, VK",Средне
411,HR-собеседование,"Как ваша команда работала во время того, как тимлид был в отпуске?",Работала полностью самостоятельно и не связывалась с ним во время отпуска.,,Редко
412,HR-собеседование,"Что бы ты сделал для того, чтобы улучшить процессы в команде?","Ввёл тестирование кода, код ревью, wiki, общий линтер и форматтер, gitflow, документацию, онбординг, DDD и так далее.",Sinimex,Иногда
413,HR-собеседование,"Бывало ли у тебя такое, чтоб тебе была непонятна формулировка задачи? Что делал в такой ситуации?","Да, такое бывает и это нормально. В такой ситуации я задавал уточняющие вопросы пока мне не станет понятно.",Sinimex,Иногда
414,HR-собеседование,Расскажи о самом крупном факапе в твоём коммерческом опыте?,"Тут важно показать такой факап, в котором ты грамотно сработал. Например, затёрлись данные или нарушилась их согласованность в БД, но вы делали бэкапы и всё успешно восстановили, хоть и не без стресса.","WB, Авито, Х5",Средне
415,HR-собеседование,"Как ты относишься к тому, что некоторые разработчики в команде отказываются работать больше в критических ситуациях?","Я считаю, что это нормально, потому что у каждого есть своя личная жизнь и другие дела. В конце концов, из-за постоянных переработок у некоторых людей случается выгорание, и внимательно к нему относиться - разумный ход. Если ситуация действительно критическая, то было бы классно если команда вместе организованно решила проблему.",Аэрофлот,Иногда
416,HR-собеседование,"В случае возникновения конфликта с коллегой, будете ли вы информацию о нём доносить до руководства?","Я всегда буду пытаться не входить в конфликт и решать стрессовые ситуации спокойно и без эскалации. Если конфликт является личным, я его не буду выносить выше ни при каких обстоятельствах. Если конфликт по деловым вопросам, я буду сначала стараться урегилировать ситуацию сам и только в крайнем случае обращусь у руководству.",НИЦ СПб ЭТУ,Иногда
417,HR-собеседование,"Знаете ли вы, кто такой Антон Назаров? Как к нему относитесь?","Это блогер? Да, знаю, я отношусь к его идеям отрицательно, т.к. считаю, что накрутка опыта вредит компаниям.",,Редко
418,HR-собеседование,У меня друг работает в вашей комании из резюме и что-то он вас не видел на очных мероприятиях компании.,"Тут важно обрубить возможность тебя задушить и сразу перехватить инициативу, не теряясь. Например: я работаю удалённо и на очные мероприятия не ходил, смотрел онлайн. У нас очень большая компания со множеством проектов. В каком он работает проекте и отделе, кто у него начальник?..? Отдел А? Ну тогда понятно, я работаю в проекте Б, наши команды ни разу не взаимодействовали.",,Иногда
419,HR-собеседование,"По итогам интервью складывается ощущение, что у вас опыт накрученный.","Важно ответить с каплей недоумения: Накрученный опыт? Почему вы так решили? Я рассказал вам подробно об основных своих задачах и достижениях на каждом месте работы из резюме. Если вам нужно больше информации, готов ответить на любые ваши вопросы. В конце концов, я готов предоставить контакты своего руководства и документы, подтверждающие мой опыт работы. ",,Редко
420,HR-собеседование,Готовы ли вы подтвердить свой опыт в резюме путём предоставления документов?,"Да, конечно, готов отправить.",Точка,Редко
421,HR-собеседование,"Чем отличаются junior, middle и senior?","Сеньор от мидла отличатся в основном скоростью внедрения в команду. Сеньор имеет больой опыт работы на определенном стеке и гораздо лучше знает, как та или иная технология работает под капотом, также из-за этого у сеньора больше кругозор и технический бэкграунд, и если мидл пойдет искать типовые решения, то сеньёр из своего опыта может найти неочевидное и простое решение. 

Джун от мидла отличается очень сильно, в уверенности, самостоятельности и скорости выполнения задач.",Аэроклуб,Иногда
422,HR-собеседование,Какие у вас дедлайны по имеющимся офферам?,"Да, мне нужно дать ответ в течение 10 дней.",Авито,Часто
423,HR-собеседование,Какие рисковые решения в работе вам приходилось принимать?,"Пример хорошего ответа: ""На одном из проектов после крупного релиза возникла проблема производительности: под нагрузкой сервис начал тормозить, часть пользователей столкнулась с деградацией сервиса. Было два варианта:
* Немедленный откат, но с риском частичной потери пользовательских данных и операций.
* Быстрое исправление напрямую на продакшене (hotfix).
Я принял решение сделать hotfix. Для этого:
* Сузил круг причин с помощью мониторинга.
* Сделал минимальный фикс, обеспечив прозрачность действий (оповестил менеджеров и дежурных).
* Запустил исправление под контролем мониторинга, проверил, что нагрузка вернулась в норму.

Почему решение было рисковым?
Потому что hotfix напрямую в прод – это всегда риск, и это противоречит обычным процедурам (без полноценного тестирования). Однако я взял ответственность, просчитав риски и осознав, что ущерб от бездействия был бы выше."". 

После такого ответа могут начать чуть более подробно спрашивать, в чем заключалась проблема, почему возникла, как решали, какие выводы сделали, нужно подготовить ответы на более глубокие вопросы в соответствии с легендой.",Авито,Иногда
424,HR-собеседование,"В авито есть дежурства, ты дежурный в команде, твоя команда уехала в лес на тимбилдинг и они там без связи. В этот момент падает ваш сервис, от этого падает весь авито, ты один, пятница ночь. Тебе нужно срочно принять какое-то решение. Накидать костыль и подождать до понедельника или вызвать такси, съездить к команде и сказать про баг и послушать мнение ребят и вернуться что-нибудь сделать?","Я бы действовал так:

* Оперативно оценил бы проблему (логи, мониторинг, диагностика).
* Если есть быстрое, пусть и временное решение (костыль или откат), я бы его применил, чтобы сервис заработал. Ключевое – максимально быстро восстановить работоспособность.
* Обязательно оповестил бы Incident Manager'а или менеджеров, которые на связи, четко обозначил бы временность фикса.
* Максимально задокументировал ситуацию, решение и последствия.
* После возвращения команды подробно обсудил бы ситуацию, чтобы выработать постоянный фикс.

Если бы спросили, почему не поехал к команде?
Я объяснил бы, что приоритет – скорость решения проблемы. Тратить время на поездку в лес и назад было бы слишком рискованно для бизнеса, особенно в случае критического падения.",Авито,Редко
425,HR-собеседование,Расскажи пример когда решал задачи с высокой степенью неопределенности?,"Хороший пример ответа : 
""Разработка сервиса Х. Изначально не были известны:
* Ожидаемая нагрузка.
* Формат и объем данных.
* Конкретные требования по интеграции с другими сервисами.

Как я действовал:
* Провел исследование, предложил MVP, запустил тестовые версии.
* Получил первые результаты тестирования и обратную связь.
* Итеративно уточнял архитектуру и подходы (выбор FastAPI вместо Django, контейнеризация Docker + Kubernetes).
* Сделал архитектуру гибкой, чтобы минимизировать риски при росте нагрузки.""

После такого ответа начнут задавать уточняющие вопросы по типу ""В чем причина неизвестности перечисленных вещей?"", ""Какое тестирование проводилось и какие были результаты?"", ""Между какими решениями выбирал и почему выбрал именно такое?"" и так далее. Нужно подробно продумать этот ответ с учётом своей легенды.",Авито,Редко
426,HR-собеседование,"Задачи, которые тебя вдохновляют?","Меня вдохновляет любая задача, которую я выполняю, так как с помощью неё я приношу пользу бизнесу и клиентам. Но больше всего меня вдохновляют:
* Технически сложные задачи, где есть пространство для проектирования архитектуры.
* Оптимизация производительности и надежности – когда я вижу, как система становится быстрее и стабильнее благодаря моей работе.
* Задачи с ощутимым влиянием на пользователей (например, уменьшение времени отклика, рост удовлетворенности пользователей).",Авито,Средне
427,HR-собеседование,"Задачи, которые демотивируют?","Мне интересны все задачи и вряд ли что-то меня прям демотивирует ... но не очень бы хотелось ""для галочки"" делать фичу, зная, что ей никто не будет пользоваться и не хотелось бы на долгосрочной основе повторять одну и ту же рутинную задачу, которую ресурсы и дедлайны позволяют автоматизировать в ближайшее время",Авито,Редко
40,Linux,Что такое grep?,"Эта команда может помочь решить множество разноплановых задач: найти файл с конкретной строкой в файловой системе или, наоборот, строку в файле, где содержатся определенные символы.",,Редко
41,Linux,Какие ты знаешь дистрибутивы линукса?,"Ubuntu, CentOS, Debian и другие. Их отличия в программных реализациях – где то отличается пакетный менеджер, где то основные команды",,Редко
42,Linux,Как можно выдать доступы пользователю в директорию?,"Командами chmod, chgrp. При работе с командой chmod важно понимать основные права доступа, которые назначают файлам или каталогам. В Linux используется три основных типа прав доступа:

Чтение (Read) — обозначается буквой «r». Предоставляет возможность просматривать содержимое файла или каталога.
Запись (Write) — обозначается буквой «w». Позволяет создавать, изменять и удалять файлы внутри каталога, а также изменять содержимое файла.
Выполнение (Execute) — обозначается буквой «x». Дает разрешение на выполнение файла или на вход в каталог.",,Редко
43,Linux,Как можно посмотреть список запущенных процессов?,"Командой ps, top или htop",,Средне
44,Linux,Как убить процесс?,kill <pid>,,Средне
45,Linux,Как запустить программу в фоне?,Добавить в конец команды символ &,,Иногда
46,Linux,Что такое демоны?,"Демон - это программа, которая запускается в фоновом режиме (без терминала или пользовательского интерфейса), ожидая событий и предлагая какие-то службы для их выполнения. Хорошим примером демона может служить веб-сервер, ожидающий запроса на доставку страницы, или сервер SSH, ожидающий чьего-нибудь логина.",,Иногда
113,Linux,Что такое crontab?,"Crontab — это текстовый файл, определяющий расписание заданий cron. Есть два типа файлов crontab. Общесистемные файлы crontab и файлы crontab отдельных пользователей",,Иногда
375,Linux,Как поменять владельца файла Linux?,Командой chown,Айти бастион,Иногда
376,Linux,Как создать симлинк?,Командой ln -s,Айти бастион,Иногда
377,Linux,Как узнать значение envronment переменной?,"Командами printenv или echo, указав имя переменной после них",Айти бастион,Иногда
378,Linux,Как удалить дерево директорий в linux?,Командой rm -rf,Айти бастион,Иногда
379,Linux,Что такое сокет?,"Сокет — это программный интерфейс и механизм, позволяющий приложениям обмениваться данными между собой, как по сети, так и внутри одного компьютера.",VK,Средне
380,Linux,Какие виды сокетов знаешь?,"Сетевые (для коммунникации по сети, например через TCP или UDP), Unix (для коммуникации через файловую систему)",VK,Иногда
381,Linux,Какие виды сигналов знаешь?,"Отправка сигнала происходит командой kill *pid*. по умолчанию отправляется SIGTERM, но можно указать другой, добавив ключ с названием или номером сигнала.

1. Сигналы, вызывающие завершение процесса
* SIGINT (номер 2)
 - Действие по умолчанию: Завершение процесса
 - Можно перехватить: Да
 - Описание: Прерывание процесса (обычно отправляется при нажатии Ctrl+C).

* SIGTERM (номер 15)
 - Действие по умолчанию: Завершение процесса
 - Можно перехватить: Да
 - Описание: Запрос на завершение процесса (команда kill по умолчанию).

* SIGHUP (номер 1)
 - Действие по умолчанию: Завершение процесса
 - Можно перехватить: Да
 - Описание: Сигнал о разрыве соединения с терминалом или перезагрузке конфигурации.

* SIGQUIT (номер 3)
 - Действие по умолчанию: Завершение с дампом памяти
 - Можно перехватить: Да
 - Описание: Завершение процесса с созданием дампа памяти (обычно отправляется при нажатии Ctrl+).

* SIGUSR1 (номер 10)
 - Действие по умолчанию: Завершение процесса
 - Можно перехватить: Да
 - Описание: Пользовательский сигнал 1 для специальных нужд приложений.

* SIGUSR2 (номер 12)
 - Действие по умолчанию: Завершение процесса
 - Можно перехватить: Да
 - Описание: Пользовательский сигнал 2 для специальных нужд приложений.

* SIGALRM (номер 14)
 - Действие по умолчанию: Завершение процесса
 - Можно перехватить: Да
 - Описание: Сигнал таймера, отправляется по истечении установленного времени.

* SIGKILL (номер 9)
 - Действие по умолчанию: Немедленное завершение процесса
 - Можно перехватить: Нет
 - Описание: Принудительное завершение процесса.

2. Сигналы управления выполнением процесса
* SIGSTOP (номер 19)
 - Действие по умолчанию: Остановка процесса
 - Можно перехватить: Нет
 - Описание: Приостанавливает процесс.

* SIGCONT (номер 18)
 - Действие по умолчанию: Продолжение процесса
 - Можно перехватить: Нет
 - Описание: Возобновляет выполнение приостановленного процесса.

3. Сигнал для уведомления родительского процесса
* SIGCHLD (номер 17)
 - Действие по умолчанию: Игнорирование
 - Можно перехватить: Да
 - Описание: Отправляется родительскому процессу при завершении дочернего процесса.",VK,Иногда
382,Linux,Что такое системные вызовы?,"Функции на языке С, встроенные в ОС",VK,Средне
383,Linux,Какие системные вызовы знаешь?,"1. Создание и управление процессами:
* fork()
Создаёт новый процесс (дочерний), копируя текущий процесс.
* execve()
Заменяет текущий процесс другой программой.
* wait() / waitpid()
Ожидают завершения дочернего процесса.
* exit()
Завершает работу процесса и возвращает код завершения.

2. Работа с файлами:
* open()
Открывает файл или устройство и возвращает файловый дескриптор.
* read()
Читает данные из файла или устройства.
* write()
Записывает данные в файл или устройство.
* close()
Закрывает файловый дескриптор.

3. Работа с сигналами:
* kill()
Отправляет сигнал одному или нескольким процессам, позволяя управлять их поведением (например, завершать процесс).
",VK,
384,Linux,Какие команды/утилиты из трёх букв знаешь в linux?,"cat - Выводит содержимое одного или нескольких файлов на стандартный вывод, а также объединяет файлы.
tar - Архиватор, который используется для упаковки (архивирования) и распаковки файлов и каталогов в один архивный файл.
awk - Мощный текстовый процессор и язык для анализа данных, позволяющий фильтровать, форматировать и обрабатывать строки файлов.
sed - Потоковый редактор, применяемый для автоматизированного поиска, замены и преобразования текста в файлах или потоках данных.
top - Утилита для мониторинга процессов и ресурсов системы в режиме реального времени (показывает загрузку CPU, память, список процессов и т.д.).
man - Просмотр справочных страниц (мануалов) для различных команд и программ, позволяющий быстро получить информацию об их использовании.
pwd - Выводит абсолютный путь текущего рабочего каталога.
cut - Позволяет вырезать определённые части (столбцы или поля) строк из текстовых файлов или входного потока данных.
ssh - Клиент для безопасного удалённого доступа по протоколу Secure Shell, обеспечивающий шифрованное соединение с удалёнными системами.
yes - Выводит заданную строку (по умолчанию — «y») бесконечно, что может быть полезно для автоматического подтверждения при работе с другими командами.
git - git
vim - текстовый редактор",Yadro,Редко
385,Linux,Какой командой узнать нагрузку на диск в линуксе?,"iostat
iotop",VK,Редко
386,Linux,Какой командой проверить сетевые настройки в линуксе?,"ip
ifconfig",VK,Иногда
83,Python ООП,Что такое итератор?,"*Итератор* - это объект, который поддерживает протокол итерации, т.е он реализует два дандер метода `__iter__()` и `__next__()`

Эти методы позволяют обходить элементы коллекции по одному, не загружаю всю коллекцию в память

#### Метод `__iter__()`
* Возвращает сам объект итератора. Вызывается в начале цикла `for` или при явном вызове `iter()`
* Если объект уже является итератором, то `__iter__()` возвращает `self`
#### Метод `__next__()`
* Возвращает следующий элемент последовательности, если элементов больше нет, то выбрасывает исключение `StopIteration` 

### Реализация кастомного итератора

```python
class MyIterator:  
    def __init__(self, data):  
        self.data = data  
        self.index = 0  
    def __iter__(self):  
        return self  
    def __next__(self):  
        if self.index >= len(self.data):  
            raise StopIteration  
        result = self.data[self.index]  
        self.index += 1  
        return result

### Важные моменты
* Итераторы полезны для обработки больших объемов данных, т.к не загружают их сразу в память
* В Python встроены различные итераторы, например, файлы, генераторы, объекты из range, map, filter
* Все итераторы являются итерируемыми объектами, но не все итерируемые объеты являются итераторами. Например: списки или строки являются итерируемыми, но не являются итераторами, т.к не имеют __next__()
",,Часто
84,Python ООП,Что такое генератор?,"Генератор - это особый вид итератора, который создается с помощью функцию, которая содержит одну или несколько инструкций yield

Генераторы упрощают создание итераторов, позволяя создавать последовательности данных на лету, без необходимости заранее определять и хранить всю последовательность в памяти.

example_i = [i for i in range(3)] # Iterator: [0, 1, 2]  
example_g = (i for i in range(3)) # Generator: <generator object <genexpr> at 0x10099bd60>

Отличительные особенности генератора:
**Использование `yield`**
 * Вместо обычного `return`, который завершает выполнение функции, `yield` приостанавливает выполнение функции и возвращает текущее значение. Когда генератор возобновляется (например, вызовом метода `__next__()`), выполнение продолжается с точки, где оно было приостановлено.

2. **Сохранение состояния:**
    - Генераторы сохраняют локальное состояние (значения переменных и точку выполнения) между вызовами, что позволяет им эффективно управлять последовательностями данных и выполнять сложные вычисления.

- **Ленивое вычисление:**
    - Генераторы вычисляют значения по мере необходимости, что делает их особенно полезными для работы с большими или бесконечными последовательностями данных. Они не загружают все данные в память, а генерируют их по одному элементу.

Особенности:
* Автоматическая реализация __iter__() и __next__()
* Генератор можно использовать только 1 раз
def gen():  
    yield 1  
    yield 2  
  
[print(f""First Iteration {i}"") for i in gen()]  
[print(f""Second Iteration {i}"") for i in gen()]  
  
# First Iteration 1  
# First Iteration 2  
# Second Iteration 1  
# Second Iteration 2
* Бесконечные последовательности. 
def fib():  
    a, b = 0, 1  
    while True:  
        yield a  
        a,b = b, a + b  
  
f = fib()  
for _ in range(10):  
    print(next(f))
* Широко используются с потоками данных ( большие файлы, сложные последовательные данные, реализация ленивых вычислений )",,Часто
104,Python ООП,Как обратиться к родительскому методам и атрибутам классу из дочернего?,"С помощью метода super(). Он позволяет вызывать методы родительского класса без явного указания имени этого класса, что делает код более гибким и поддерживаемым.",,Средне
107,Python ООП,Для чего нужен метод __init__()?,"Он используется для инициализации нового объекта после его создания. Когда вы создаете новый экземпляр класса, вызывается данный метод, который может выполнять какую-либо начальную настройку объекта, устанавливать его атрибуты и выполнять другие необходимые операции.",,Средне
108,Python ООП,В чем разница между методами __new__() и __init__()?,"Метод `__new__()` является статическим, и используется для создания нового экземпляра класса. Он вызывается перед методом `__init__()` при создании нового объекта.
В отличие от метода `__init__()`, который инициализирует уже созданный объект, метод __new__() создает новый объект. Обычно вы переопределяете этот метод только в специальных случаях, когда вам нужно настроить способ создания объекта или выполнить какую-то предварительную обработку до его инициализации.",Домклик,Средне
109,Python ООП,Что такое контекстный менеджер? Для чего используется? Как написать свой?,"Контекстный менеджер — это механизм, который позволяет автоматически управлять ресурсами, такими как файлы, сетевые соединения, блокировки, транзакции и т.д. Он используется для того, чтобы гарантировать выполнение кода до и после некоторой операции, например, для безопасного открытия и закрытия файла. Контекстный менеджер создаёт «контекст», в котором выполняются операции, и обеспечивает выполнение финализирующих действий, таких как закрытие файла или коммит, даже в случае исключений.

Как работает контекстный менеджер
Контекстные менеджеры реализуют два специальных метода:
  __enter__() — выполняется при входе в блок with. Этот метод обычно инициализирует или открывает ресурс и возвращает объект, который будет использован внутри блока with.
  __exit__(exc_type, exc_value, traceback) — выполняется при выходе из блока with. Этот метод освобождает ресурс, например, закрывает файл. Если в блоке with произошло исключение, его параметры передаются в этот метод, чтобы его можно было обработать.
Может быть асинхронным, тогда перед with пишется async.

Как написать свой контекстный менеджер
Свой контекстный менеджер можно написать, определив класс с методами __enter__ и __exit__.

```
class FileManager:
   def __init__(self, filename, mode):
       self.filename = filename
       self.mode = mode
       self.file = None
   def __enter__(self):
       # Открываем файл при входе в блок with
       self.file = open(self.filename, self.mode)
       return self.file  # Возвращаем объект файла для использования в блоке with
   def __exit__(self, exc_type, exc_value, traceback):
       # Закрываем файл при выходе из блока with
       if self.file:
           self.file.close()
# Использование нашего контекстного менеджера
with FileManager(""file.txt"", ""w"") as f:
   f.write(""Hello, World!"")
```

Python предоставляет модуль contextlib, который упрощает создание контекстных менеджеров. С помощью декоратора @contextmanager можно создать контекстный менеджер без необходимости создавать класс с методами __enter__ и __exit__.

```
from contextlib import contextmanager
@contextmanager
def open_file(filename, mode):
   f = open(filename, mode)
   try:
       yield f  # Передаем управление в блок with
   finally:
       f.close()  # Гарантированно закрываем файл при выходе
# Использование
with open_file(""file.txt"", ""w"") as f:
   f.write(""Hello, World!"")
```","Домклик, Sinimex",Часто
111,Python ООП,Что такое метаклассы? Для чего используются?,"Метакласс — это класс, который управляет созданием других классов. Для создания метакласса нужно наследоваться от класса type.
Если классы — это ""шаблоны"" для создания объектов, то метаклассы — это ""шаблоны"" для создания классов. 

Пример:

```
class MyMeta(type):
   def __new__(cls, name, bases, dct):
       # Создание нового класса
       print(f""Создаём класс {name}"")
       return super().__new__(cls, name, bases, dct)


   def __init__(cls, name, bases, dct):
       # Инициализация класса
       print(f""Инициализируем класс {name}"")
       super().__init__(name, bases, dct)




class MyClass(metaclass=MyMeta):
   pass
```

name — имя класса.
bases — кортеж базовых классов, от которых наследуется новый класс.
dct — словарь атрибутов и методов класса.

Зачем использовать метаклассы:

1. Автоматическое добавление методов: Вы можете автоматически добавлять или изменять методы в классах, не изменяя их вручную.
2. Валидация классов: Проверка наличия обязательных атрибутов и методов.

Примеры использования:
* В Django ORM метаклассы валидируют поля модели и добавляют метаинформацию классов полей в класс модели.
* В Pydantic за счёт метаклассов происходит валидация полей, десериализация json, создание схемы модели в виде json
","Билайн, Домклик",Средне
112,Python ООП,Что такое self?,self представляет экземпляр объекта текущего класса. Позволяет обращаться к атрибутам и методам данного экземпляра внутри класса.,,Иногда
123,Python ООП,"Как получить доступ к приватному методу или полю класса (с двумя подчёркиваниями) извне класса?
","```
class MyClass:
   def __init__(self):
       self.__hidden_variable = ""Secret""

obj = MyClass()
print(obj._MyClass__hidden_variable)  # Выведет: ""Secret""
```

С методами аналогично, но надо сделать вызов через ().
",Билайн,Иногда
124,Python ООП,Что такое __slots__?,"slots__ — это специальный атрибут в Python, который позволяет оптимизировать использование памяти в классах, ограничив допустимые атрибуты экземпляра. 

В стандартной ситуации Python для каждого объекта создаёт словарь __dict__, который хранит атрибуты экземпляра. __slots__ позволяет избежать создания этого словаря, ограничив атрибуты объекта фиксированным набором.

```
class Person:
   __slots__ = ['name', 'age']  # Разрешены только атрибуты 'name' и 'age'


   def __init__(self, name, age):
       self.name = name
       self.age = age
# Создаем объект
person = Person(""Alice"", 30)
print(person.name)  # Выведет: Alice
print(person.age)   # Выведет: 30
# Попытка добавить новый атрибут вызовет ошибку
person.address = ""123 Main St""  # AttributeError: 'Person' object has no attribute 'address'
```",Билайн,Иногда
290,Python ООП,Как определяется порядок поиска метода в наследуемом классе?,"Если у двух родителей класса есть одноимённые методы, то дочерний класс наследует его у того родителя, который при перечислении его родителей указан раньше. Также метод mro() отображает порядок поиска наследуемого метода.

```
class A:
    def method(self):
        print(""Метод из класса A"")

class B(A):
    def method(self):
        print(""Метод из класса B"")

class C(A):
    def method(self):
        print(""Метод из класса C"")

class D(B, C):
    pass

# Создание экземпляра класса D
d = D()

# Вызов метода
d.method()

# Вывод порядка разрешения методов (MRO)
print(D.__mro__) 
# (<class '__main__.D'>, <class '__main__.B'>, <class '__main__.C'>, <class '__main__.A'>, <class 'object'>)
# Наследуется метод из класса B, т.к. он в наследовании и результате mro() указан раньше
```",Edge,Средне
291,Python ООП,Может ли контекстный менеджер отлавливать исключения?,"Да, контекстный менеджер в Python может отлавливать и обрабатывать исключения, возникшие внутри блока with. Это достигается с помощью метода __exit__, который получает информацию об исключении и может решить, подавлять его или позволить ему продолжить распространение.

Когда внутри блока with происходит исключение, Python вызывает метод __exit__ контекстного менеджера, передавая ему три аргумента:
exc_type: Тип исключения.
exc_value: Экземпляр исключения.
traceback: Объект трассировки стека.

Метод __exit__ может обработать исключение и решить, подавить его, вернув True, или позволить ему продолжить распространение, вернув False или ничего не возвращая.",,Иногда
292,Python ООП,Как получить атрибут класса по его строковому названию?,функция getattr(),,Редко
297,Python ООП,В чем разница между  getattr() и getattribute()?,"getattr() — это встроенная функция Python, которая позволяет динамически получать атрибут объекта по его строковому названию.

Синтаксис:

```
getattr(object, attribute_name, default)
```
* object: Объект, у которого необходимо получить атрибут.
* attribute_name: Строка с именем атрибута.
* default (необязательный): Значение, которое будет возвращено, если атрибут не существует. Если этот параметр не указан и атрибут отсутствует, будет возбуждено исключение AttributeError.

__getattribute__() — это магический метод (специальный метод) в Python, который автоматически вызывается при каждом обращении к атрибуту объекта. Он предоставляет низкоуровневый механизм доступа к атрибутам и может быть переопределён для кастомизации поведения при доступе к атрибутам.

Синтаксис:

```
object.__getattribute__(self, attribute_name)
```

Пример использования:

```
class Person:
    name = ""Алексей""
    age = 30

    def __getattribute__(self, attr):
        print(f""Доступ к атрибуту: {attr}"")
        return super().__getattribute__(attr)

person = Person()
print(person.name)  # Вывод: Доступ к атрибуту: name
                    #        Алексей
```

Особенности:

* Переопределение поведения: Позволяет изменять стандартное поведение доступа к атрибутам. Например, можно логировать доступы, реализовать ленивую загрузку атрибутов и т.д.
* Всегда вызывается: Независимо от того, существует ли атрибут или нет, __getattribute__() будет вызван при попытке доступа.
* Требует осторожности: Неправильное переопределение может привести к рекурсии и ошибкам. Обычно, при переопределении этого метода, рекомендуется использовать super().__getattribute__(attr) для получения стандартного поведения.",,Редко
315,Python ООП,В чем отличие @classmethod и @staticmethod?,"@classmethod: Методы получают ссылку на сам класс (cls) в качестве первого аргумента. Это позволяет им получать доступ к атрибутам класса, вызывать другие методы класса, создавать экземпляры класса. Пример использования - методы моделей ORM.

@staticmethod: Методы не получают автоматически ни ссылку на класс (cls), ни на экземпляр (self). Они работают как обычные функции, но находятся в пространстве имен класса. Пример использования - метод форматирования даты в классе генератора отчета.",Иннотех,Иногда
316,Python ООП,Что такое магические (dunder) методы? Какие магические методы в Python знаешь?,"Магические методы (dunder-методы) в Python — это специальные методы, которые определяют поведение объекта при использовании встроенных операций языка (например, создание объекта, сложение, вывод на экран и т.д.). Они начинаются и заканчиваются двойным подчеркиванием (например, __init__).

* Методы создания и инициализации:
__new__(cls, ...): вызывается при создании экземпляра класса (до __init__). Обычно применяется для контроля над процессом выделения памяти или при использовании паттернов проектирования (например, Singleton).
__init__(self, ...): инициализирует объект сразу после его создания, чаще всего используется для присвоения начальных значений полям.

* Строковое представление
  __repr__(self): возвращает строку, которая однозначно описывает объект. Обычно используется для отладки и должна давать информацию, необходимую для воссоздания объекта.
  __str__(self): возвращает “читаемое” строковое представление объекта (часто более «человеческое», чем __repr__). Вызывается, например, при print(obj).


* Сравнение и хеширование
__eq__(self, other): определяет поведение оператора равенства ==.
__ne__(self, other): оператор !=.
__lt__(self, other): оператор <.
__le__(self, other): оператор <=.
__gt__(self, other): оператор >.
__ge__(self, other): оператор >=.
__hash__(self): возвращает хеш объекта (нужно для использования в set, как ключи в dict и т.д.). Обычно реализуют вместе с __eq__.

* Арифметические операции (перегрузка операторов)
__add__(self, other): оператор +.
__radd__(self, other): оператор +, если слева другой тип (reverse add). Аналогично для остальных арифметических методов: __rsub__, __rmul__, и т.д.
__sub__(self, other), __mul__(self, other), __truediv__(self, other), __floordiv__(self, other) и т. д.: переопределение операций вычитания, умножения, деления и прочего.
__iadd__(self, other): оператор +=. Аналогично для __isub__ (для -=), __imul__ (для *=) и т.д.

* Преобразование типов
__bool__(self): вызывается при проверке истинности (if obj: …). Возвращает True или False.
__int__(self): вызывается при преобразовании к int, например int(obj).
__float__(self), __complex__(self), __bytes__(self) и т.д. аналогично для соответствующих типов.

* Контейнеры и коллекции
__len__(self): возвращает длину объекта (например, при вызове len(obj)).
__getitem__(self, key): доступ к элементам по ключу или индексу (например, obj[key]).
__setitem__(self, key, value): установка значения по индексу/ключу (например, obj[key] = value).
__delitem__(self, key): удаление элемента по ключу (например, del obj[key]).
__contains__(self, item): оператор in (например, item in obj).
__iter__(self): возвращает итератор или сам объект, если он итерируемый. Позволяет работать в циклах for.
__next__(self): возвращает следующий элемент итератора, выбрасывает StopIteration, когда элементы заканчиваются.

* Вызов объектов и функции
__call__(self, ...): делает экземпляр класса вызываемым как функция (например, obj()).
Контекстный менеджер
__enter__(self): вызывается при входе в блок with.
__exit__(self, exc_type, exc_val, exc_tb): вызывается при выходе из блока with (даже при возникновении исключений).

* Работа с атрибутами
__getattr__(self, name): вызывается при обращении к несуществующему атрибуту (или если обычный механизм поиска атрибута не нашёл нужный).
__setattr__(self, name, value): вызывается при попытке установить атрибут (даже существующий).
__delattr__(self, name): вызывается при удалении атрибута.

* Прочие полезные методы
__dir__(self): вызывается при выполнении dir(obj). Можно кастомизировать список возвращаемых атрибутов.
__format__(self, format_spec): поддержка формата format(obj, format_spec) и f-строк с форматированием (например, f""{obj:fmt_spec}"").
__index__(self): переопределяет поведение при использовании объекта как индекса в срезах (например, list[obj:]).",,Иногда
337,Python ООП,Как сделать декоратор из класса?,"Необходимо определить класс с методом __init__ и методом __call__.
Пример:

```
class Logger:
   def __init__(self, func):
       self.func = func  # Сохраняем декорируемую функцию


   def __call__(self, *args, **kwargs):
       print(f""Вызов функции '{self.func.__name__}' с аргументами {args} и {kwargs}"")
       result = self.func(*args, **kwargs)
       print(f""Функция '{self.func.__name__}' вернула {result}"")
       return result

@Logger
def say_hello():
    pass
```
",VK,Иногда
338,Python ООП,Расскажи про исключения в Python?,"Создание кастомного исключения:

```
class MyCustomError(Exception):
   """"""Базовый класс для пользовательских исключений""""""
   def __init__(self, message, code=None):
       self.message = message
       self.code = code
       super().__init__(self.message)
   def __str__(self):
       if self.code:
           return f""[Error {self.code}]: {self.message}""
       return self.message
```


Дерево наследования исключений:
BaseException
├── SystemExit 
├── KeyboardInterrupt
├── GeneratorExit
└── Exception
    ├── StopIteration
    ├── StopAsyncIteration
    ├── ArithmeticError
    │   ├── FloatingPointError
    │   ├── OverflowError
    │   └── ZeroDivisionError
    ├── AssertionError
    ├── …………………………….

SystemExit - выбрасывается при вызове sys.exit() или при успешном завершении программы в конце
KeyboardInterrupt - выбрасывается при отправке сигнала SIGINT (когда пользователь нажал Ctrl + C)
GeneratorExit - выбрасывается для уведомления генератора о его закрытии во время вызова метода .close() и при очистке сборщиком мусора
","Домклик, VK",Средне
339,Python ООП,Что такое датаклассы?,"Датаклассы в Python — это специальный способ упрощенного создания классов для хранения данных. Ближайший аналог - NamedTuple из collections.

Почему используются датаклассы?
Когда требуется создать класс для хранения данных, обычно нужно объявлять множество служебных методов (конструктор, строковое представление, сравнение), что может быть громоздко. Датаклассы позволяют сосредоточиться только на описании полей, а остальные методы генерируются автоматически.

Основные особенности:
* Автоматическое создание методов: __init__, __repr__, __eq__, и другие методы создаются автоматически, что значительно упрощает код.
* Аннотации типов: Поля датакласса требуют аннотаций типов, что повышает читаемость и делает код более строгим.
* Модификации через параметры: Можно легко настраивать поля, указывая параметры, такие как default, default_factory, и другие.

Пример:

```
@dataclass(order=True, frozen=True)
class Product:
   name: str
   price: float = 0.0
   description: str = field(default=""No description available"")
   tags: List[str] = field(default_factory=list)
```

Dataclass больше подходит для случаев, когда не нужна сложная валидация и нужна максимальная оптимизация, когда Pydantic имеет более гибкие настройки, встроенную валидацию, работу с json и стороннюю библиотеку",,Иногда
340,Python ООП,Что такое mro и name mangling?,"* mro() - метод, который возвращает список классов, от которых пронаследован объект. чем раньше класс в списке, тем выше приоритет. это нужно для решения проблемы ромбовидного наследования, когда у двух родительских классов один и тот же метод определен по разному. дочерний класс берет метод того класса, который в списке идет раньше.
вид: [<class '__main__.D'>, <class '__main__.B'>, <class '__main__.C'>, <class '__main__.A'>, <class 'object'>]

* name mangling - это механизм изменения имен атрибутов классов с целью предотвращения конфликтов имен в иерархии наследования. 
Выглядит как: obj._ClassName__attribute","VK, Edge",Средне
341,Python ООП,Что такое утиный протокол (duck typing) в python?,"Тип объекта определяется его поведением (методами и свойствами), а не классом. 

Примеры: callable, iterable, awaitable, sequence, mapping

Можно создать свой протокол, создав класс и пронаследовав его от typing.protocol, тогда можно сделать свою утиную типизацию, определив в этом классе нужные поля и методы.

Пример:

```
from typing import Protocol

# Описываем протокол (поведение), требующее метод fly
class Flyer(Protocol):
    def fly(self) -> None:
        ...

# Класс Bird имеет метод fly и, таким образом, соответствует протоколу Flyer
class Bird:
    def fly(self) -> None:
        print(""Bird is flying"")

def take_off(flyer: Flyer) -> None:
    flyer.fly()

my_bird = Bird()
take_off(my_bird) # Bird is flying
```

Протокол Flyer говорит, что любой объект, у которого есть метод fly(self) -> None, соответствует этому протоколу.
Класс Bird не наследуется напрямую от Flyer, но так как метод fly у него есть, он «утино» соответствует протоколу (duck typing).
Функция take_off принимает на вход объект, соответствующий протоколу Flyer. Поскольку Bird имеет метод fly, его экземпляр можно туда передать.",Иннотех,Средне
342,Python ООП,Расскажи про механизмы внедрения зависимостей в Python?,"Один из примеров - библиотека dependency_injector.

Создается класс контейнера, который создаёт зависимости и управляет ими. Внутри него есть провайдеры, которые создают экземпляры зависимостей (фабрика, синглтон).

Пример:

```
# services.py
# зависимые классы
class ServiceA:
   def do_something(self):
       print(""ServiceA is doing something."")

class ServiceB:
   def __init__(self, service_a: ServiceA):
       self.service_a = service_a

   def perform(self):
       print(""ServiceB is performing."")
       self.service_a.do_something()

# containers.py
# контейнер
from dependency_injector import containers, providers
from services import ServiceA, ServiceB

class Container(containers.DeclarativeContainer):
   service_a = providers.Singleton(ServiceA) # первый класс создаётся один раз
   service_b = providers.Factory(ServiceB, service_a=service_a) # второй генерируется каждый раз новый

# main.py
from containers import Container

container = Container()

# Получение экземпляра ServiceB с автоматически внедрённой зависимостью ServiceA
service_b = container.service_b()
service_b.perform()
```

Пример использования:
Подключение к БД, конфиг.

Но мы старались не использовать, так как:

Усложняются код и вкат новичков в проект
Появляется сильная зависимость от di фреймворка, потом будет сложно его заменить на что-то другое

Мы реализовывали фабрику и синглтон самостоятельно.
","ТуТу, Аэроклуб, Sinimex, Иннотех",Часто
343,Python ООП,Расскажи про дескрипторы в Python?,"Дескрипторы — это объекты, которые управляют доступом к атрибутам других объектов. Они позволяют определить поведение при получении, установке или удалении атрибутов. Лежат в основе поведения @property
У дескрипторов реализованы методы __get__, __set__, __delete__

Пример реализации:

```
class Typed:
   def __init__(self, name, expected_type):
       self.name = name
       self.expected_type = expected_type


   def __get__(self, instance, owner):
       if instance is None:
           return self  # Доступ через класс возвращает дескриптор
       return instance.__dict__.get(self.name)


   def __set__(self, instance, value):
       if not isinstance(value, self.expected_type):
           raise TypeError(f""Ожидается тип {self.expected_type.__name__} для атрибута '{self.name}'"")
       instance.__dict__[self.name] = value


   def __delete__(self, instance):
       del instance.__dict__[self.name]


class Person:
   name = Typed('name', str)
   age = Typed('age', int)


   def __init__(self, name, age):
       self.name = name
       self.age = age


# Использование
p = Person(""Alice"", 30)
print(p.name)  # Выведет: Alice
print(p.age)   # Выведет: 30


p.age = 31     # Корректно
p.age = ""hello"" ""thirty-one""  # Возникнет TypeError
```


Примеры использования:
* Валидация
* Ограничение прав доступа к атрибуту
* Отслеживание истории изменения атрибута (самый адекватный пример)
",НПФ,Редко
119,Python Web Frameworks,Расскажи что такое Django? Из чего состоит?,"Django — это высокоуровневый веб-фреймворк на Python, следующий принципу «батарейки в комплекте». Состоит из ORM (работа с БД через модели), View (бизнес-логика), Template (шаблоны для HTML), URL (маршрутизация запросов), Admin (готовая админ-панель), Forms (обработка форм) и Auth (система пользователей).",Билайн,Иногда
120,Python Web Frameworks,Что такое select_related? prefetch_related?,"Инструменты оптимизации запросов в Django ORM. select_related использует SQL JOIN для подгрузки связанных объектов (ForeignKey, OneToOne) в одном запросе. prefetch_related выполняет отдельный запрос для связанных объектов (ManyToMany, Reverse ForeignKey) и соединяет их в Python, чтобы избежать дублирования данных.",,Средне
122,WSGI & UWSGI,"Что такое nginx, зачем он нужен? Зачем его ставить перед приложением?","Nginx — это веб-сервер и обратный прокси. Его ставят перед приложением для раздачи статических файлов (CSS, JS, картинки), SSL-терминации (HTTPS), кэширования ответов, сжатия (gzip), защиты от медленных клиентов и балансировки нагрузки между несколькими экземплярами приложения.",Билайн,Иногда
165,WSGI & UWSGI,Что такое Gunicorn и для чего он нужен?,"Gunicorn (Green Unicorn) — это WSGI-HTTP сервер для Unix. Он нужен для запуска Python-веб-приложений в продакшене. Управляет пулом воркеров-процессов, принимает HTTP-запросы и передает их приложению (например, Django), обеспечивая конкурентную обработку.",,Редко
166,WSGI & UWSGI,Что такое certbot?,"Certbot — это утилита для автоматического получения, настройки и продления SSL/TLS-сертификатов от Let's Encrypt. Позволяет быстро включить HTTPS на сервере и обновлять сертификаты по крону без ручного вмешательства.",,Редко
167,WSGI & UWSGI,"Что такое балансировщик нагрузки, какие ты знаешь алгоритмы балансировки?","Балансировщик распределяет входящий сетевой трафик между несколькими серверами. Алгоритмы: Round Robin (по очереди), Least Connections (тому, у кого меньше активных соединений), IP Hash (клиент всегда попадает на один сервер), Weighted (с учетом мощности сервера), Random.",,Средне
168,WSGI & UWSGI,Чем Gunicorn отличается от uvicorn?,"Gunicorn работает с синхронным интерфейсом WSGI (подходит для Django, Flask). Uvicorn работает с асинхронным интерфейсом ASGI (подходит для FastAPI, Django Channels). Gunicorn стабильнее для синхронного кода, Uvicorn необходим для async/await. Часто их используют вместе: Gunicorn управляет процессами, внутри запускает Uvicorn-воркеры.",,Редко
428,HR-собеседование,"Как ты понимаешь что тот проект, в котором ты работаешь, приносит пользу пользователям?","Несколько уровней понимания пользы:
* Количественные метрики: DAU, MAU, Retention, NPS.
* Качественная обратная связь: отзывы пользователей, оценка в сторах, комментарии в соцсетях.
* Прямое взаимодействие с продуктовыми менеджерами и аналитиками, которые собирают фидбек.

В идеале сочетание этих аспектов. Если какой-то аспект проседает, значит, можно упустить реальную картину.

Также нужно обосновать, почему ваш проект с бизнесовой точки зрения полезен для пользователей - какую он проблему решает, каково пользователям жилось без него и так далее. Например, польза Госуслуг заключается в том, что проект представляет собой единую систему, в которой гражданин РФ может в несколько кликов дистанционно получить любую услугу - от получения справки до заключения брака, а вот раньше нужно было выискивать номера телефонов и адреса нужных учреждений, очно к ним ездить и стоять в очередях..",Авито,Средне
432,HR-собеседование,"Что первостепенно: интересы бизнеса или интересы пользователей? (допустим пм говорит поднять подписки для пользователей в 2 раза, как бы ты на это отреагировал?)","Идеальный ответ – баланс.
Если PM предлагает резко поднять подписки:
* Я попрошу обоснование: есть ли аналитика и гипотеза, почему это поможет бизнесу и не ухудшит Retention и удовлетворенность.
* Предложу провести A/B-тестирование или постепенное повышение с замером обратной связи.
* Объясню PM-у риски ухудшения лояльности и долгосрочных метрик, если решение окажется негативным для пользователей.
* Моя задача – четко обозначить риски и помочь принять решение, которое сохранит баланс между интересами бизнеса и пользователей.",Авито,Иногда
433,HR-собеседование,Был ли опыт введение самостоятельного проекта?,"Если в легенде есть опыт тимлида - просто рассказываем легенду. Если нет, то говорим, что опыта полноценного ведения проекта нету, но успешно подменял тимлида, когда он болел или был в отпуске, выполнял задачи по проектированию архитектуры, декомпозировал крупные задачи, проводил код ревью, проявлял инициативу в рабочих процессах, общался со смежными командами, менторил и онбордил новичков.",Авито,Средне
434,HR-собеседование,Как взаимодействовал с другими командами?,"Всегда придерживался таких принципов:
* Прозрачность: всегда понятно, кто за что отвечает.
* Четкие интерфейсы между командами (API, документация, контракты).
* Регулярная коммуникация и статус-митинги (мессенджер, обращения, созвоны).
* Готовность помогать, если другая команда попала в сложную ситуацию.",Авито,Редко
435,HR-собеседование,Твои сильные и слабые стороны в тех скиллах?,"Сильные стороны:
* Проектирование архитектуры бэкенда, микросервисов.
* Асинхронность и оптимизация производительности.
* Высокое качество кода и тестов, написание документации.
* Хорошее знание экосистемы Python (FastAPI, Django, Celery, Kubernetes, Docker, базы данных, очереди).

Слабые стороны:
* Меньше опыта в низкоуровневом программировании и оптимизации уровня ОС.
* Ограниченный опыт в фронтенд-разработке (в рамках базового понимания).","Авито, Литрес",Иногда
436,HR-собеседование,Что важнее софты или харды у тимлида?,"Софты. Тимлид должен в первую очередь уметь мотивировать команду, организовывать работу, общаться с бизнесом, решать конфликты. Харды тоже нужны, но софты приоритетнее. Технические задачи можно делегировать сильным разработчикам, а вот умение вести команду – нельзя.",Авито,Редко
437,HR-собеседование,С каким руководителем ты не хотел бы работать?,"Не хотел бы работать с руководителем, который не доверяет команде сложные задачи и делает всё один, не даёт обратной связи.","Авито, WB, Аэроклуб",Средне
438,HR-собеседование,Что хотелось бы видеть в команде? и что не хотелось бы видеть в команде?,"Хотелось бы видеть:
* Высокий уровень ответственности, самостоятельность, открытость.
* Готовность помогать друг другу.
* Открытость к обратной связи, доверие.

Не хотелось бы видеть:
* Конфликты, токсичность
* Равнодушие к результатам работы","Авито, WB, X5",Средне
439,HR-собеседование,"От чего в своей работе кайфуешь больше всего? (Дальше раскрыть тему через вопросы - Почему? Что именно в этом драйвит, радует?)","В своей работе кайфую от возможности решать сложные технические задачи, которые действительно влияют на продукт. Когда я сталкиваюсь с задачей, которая требует нестандартного подхода, и решаю ее с помощью хорошего архитектурного решения или оптимизации, это приносит удовлетворение. Особенно важно, когда результат работы напрямую влияет на пользователей — например, когда я оптимизирую систему, и это дает реальное улучшение в производительности или удобстве использования.

Что именно меня драйвит? Мне нравится видеть, как мои решения помогают бизнесу или улучшают пользовательский опыт. Вдохновляют проекты, которые действительно меняют что-то в жизни людей — будь то улучшение работы системы или создание чего-то нового, что помогает людям.

Почему это радует? Потому что это дает ощущение, что ты не просто пишешь код, а строишь нечто значимое, что имеет долгосрочное влияние. Когда твоя работа помогает команде или пользователю, ощущаешь, что это больше, чем просто выполнение задач.",Островок,Редко
440,HR-собеседование,"Встречались ли тебе люди, которые не любят свою работу и как ты это понимал?","Да, мне встречались такие люди. Это обычно видно по их отношению к работе. Признаки, что человек не любит свою работу, можно заметить по нескольким вещам:

Отсутствие интереса к результату — человек выполняет задачи, но явно не вовлечен в процесс. Для него важен только факт выполнения, а не качество или то, как это повлияет на конечный результат.

Не стремится улучшать или оптимизировать процессы — если человек выполняет только те задачи, которые ему поручены, и не пытается внести что-то свое или предложить улучшения, это тоже явный сигнал. Например, он не ищет способы автоматизировать рутинные операции или не пытается найти более эффективные способы решения проблем.

Отсутствие увлечения процессом — когда человек просто хочет закончить рабочий день и уйти, не прилагая усилий, чтобы сделать что-то большее. Он работает ""до 6 и точка"", не стараясь делать больше, чем нужно.

Не развивается в своей работе — такой человек не стремится к саморазвитию. Он не интересуется новыми технологиями или не стремится улучшать свои навыки. Это может быть связано с тем, что ему неинтересен сам процесс работы.

Пример из моей практики: я работал с коллегой, который выполнял задачи, но всегда делал только то, что от него требовалось, без инициативы и желания улучшить что-то. Когда возникали предложения по оптимизации процессов или внедрению новых инструментов, он обычно говорил, что это не его забота, и продолжал работать в том же режиме.",Островок,Редко
441,HR-собеседование,"Если бы не твоя сегодняшняя профессия, то что бы ты делал?","Честно говоря, я не могу представить себя в кардинально другой профессии, так как мне действительно нравится то, чем я занимаюсь, и я получаю от этого удовольствие. Однако, если бы я вдруг оказался в ситуации, когда пришлось бы менять профессию, то, вероятно, я выбрал бы что-то, связанное с технологической областью. Например, я бы мог работать в сфере DevOps или инженерии данных, так как эти роли требуют схожих навыков, которые я развиваю в своей текущей позиции.

Меня всегда привлекали задачи, связанные с оптимизацией процессов, построением эффективных систем и решениями, которые влияют на масштабируемость и производительность. Я бы также мог рассмотреть роли, где я мог бы использовать навыки работы с большими данными и автоматизацией, возможно, в области аналитики или разработки систем для анализа и обработки данных.",Островок,Редко
442,HR-собеседование,"Расскажи пример, как ты кому-то помог в работе выполнить какую-то задачу","Недавно у нас в команде возникла задача оптимизации работы с базой данных, где происходила задержка в ответах на запросы. Мы столкнулись с проблемой, когда система начала сильно замедляться из-за увеличения объема данных, и пользователи начали жаловаться на долгие ожидания. Один из моих коллег не мог разобраться с причиной проблемы, и я предложил ему помочь.

Мы начали с того, что проанализировали структуру базы данных и выявили несколько неэффективных индексов, которые замедляли выполнение запросов. Я также предложил внедрить партицирование таблиц, чтобы разделить большие объемы данных и ускорить обработку запросов. В процессе я помогал настроить мониторинг производительности и предложил несколько вариантов оптимизации запросов.

После реализации этих изменений производительность базы данных значительно улучшилась, и система стала работать гораздо быстрее. Коллега был благодарен за помощь, и это, конечно, было очень удовлетворительно — видеть, как моя поддержка помогла команде решить проблему.",Островок,Редко
443,HR-собеседование,"Расскажи пример, когда успешно решил какую-то проблему/задачу нетипичным способом
","Однажды в процессе разработки проекта мне пришлось решать проблему с высокой нагрузкой на сервер в момент пиковых запросов. Команда предлагала использовать классическое масштабирование: добавить новые инстансы и распределить нагрузку. Но я решил попробовать другой, более экономичный подход, который, в конечном итоге, оказался успешным.

Вместо того чтобы сразу увеличивать количество серверов, я предложил использовать кеширование данных на более глубоком уровне, чтобы предотвратить повторные запросы к одной и той же информации. Я настроил кеширование запросов на уровне API и внедрил кеширование на стороне базы данных с помощью Redis.

Однако самая нестандартная часть заключалась в том, что я предложил обрабатывать пиковые запросы асинхронно. Для этого я создал механизм, который позволял отправлять запросы с высоким приоритетом сразу в очередь обработки, а менее важные запросы обрабатывались позже, если нагрузка превышала порог.

Это решение позволило снизить нагрузку на сервер, при этом не увеличивая инфраструктуру. Мы не только справились с пиковыми нагрузками, но и значительно уменьшили время отклика на запросы. Такой нестандартный подход с кешированием и асинхронной обработкой оказался эффективным и позволил решить проблему с меньшими затратами.",Островок,Редко
444,HR-собеседование,Что бы вы изменили на текущем месте работы?,"Если бы я мог что-то изменить на текущем месте работы, то предложил бы несколько высокоуровневых изменений, направленных на улучшение процессов и структуры работы команды.

Улучшение коммуникации между командами. Важно обеспечить более тесное взаимодействие между бэкенд-разработчиками, фронтенд-разработчиками и другими отделами, чтобы быстрее и эффективнее решать возникающие проблемы. Например, можно внедрить регулярные межкомандные стендапы или краткие обзоры состояния проектов, чтобы все участники имели полное представление о текущих задачах и проблемах.

Оптимизация процессов тестирования и CI/CD. Хотел бы улучшить тестирование, чтобы обеспечить более качественную автоматизацию и ускорение процессов релизов. Например, можно интегрировать больше тестов на ранних стадиях разработки, а также настроить pipeline так, чтобы релизы проходили быстрее и с меньшими рисками для продакшн-систем.

Акцент на развитие и обучение команды. Хотя наша команда уже достаточно сильная, я бы предложил больше уделять внимание обучению новых технологий и инструментов. Это может быть как внутренними тренингами, так и внешними курсами или воркшопами. Это позволит команде не только развивать свои технические навыки, но и оставаться в курсе последних трендов.

Улучшение подхода к проектированию архитектуры системы. Я бы предложил усилить внимание на проектировании масштабируемых и гибких архитектурных решений на начальных этапах. Это позволит избежать проблем в будущем при росте объема данных или количества пользователей.

Эти изменения могут значительно повысить продуктивность и снизить технический долг, что в свою очередь обеспечит более высокое качество продукта и удовлетворенность пользователей.",Островок,Редко
445,HR-собеседование,Расскажи как устроен процесс обмена информацией у тебя в компании? ,"В нашей компании процесс обмена информацией в целом организован через несколько основных каналов, однако есть моменты, которые можно улучшить.

Основные каналы коммуникации — мы активно используем Telegram и Confluence для общения и хранения документации. В Telegram создаются каналы для разных проектов и команд, что позволяет быстро получать информацию о текущем статусе задач, делиться обновлениями и обсуждать проблемы. Confluence используется для более глубокой документации, описания процессов и технических решений. Этот подход позволяет нам централизованно хранить информацию, но все-таки иногда возникает проблема, когда важные сообщения теряются среди общей массы.

Регулярные встречи — у нас есть еженедельные митинги команд, где обсуждаются текущие задачи, проблемы и достижения. Это хорошая практика, но порой информация на таких встречах может быть немного перегружена или не всегда актуальна для всех участников. Иногда важно больше внимания уделять не только статусу задач, но и обмену знаниями между командами, особенно по техническим вопросам.

Проблемы обмена информацией — одна из проблем, с которой сталкиваемся, — это когда информация не всегда доходит до тех, кто в ней действительно нуждается. Например, бывает, что решения, принятые на высшем уровне или в одной команде, не сразу становятся известными остальным, что может привести к дублированию усилий или недопониманию. Это особенно актуально, когда команды работают над похожими задачами, но не всегда синхронизируют свои действия.

Что бы я изменил? В будущем я бы хотел улучшить процессы обмена информацией через более четкие и структурированные механизмы. Например, внедрить ежедневные или более частые синхронизации по проектам между командами, чтобы не только отслеживать статус задач, но и делиться ключевыми инсайтами, новыми подходами или решениями. Также хотел бы усилить роль встреч, на которых мы могли бы обсуждать не только текущие задачи, но и общий взгляд на архитектуру и развитие системы.

В идеале мне бы хотелось, чтобы все ключевые решения и изменения в проекте сразу же документировались и стали доступны для всей команды, чтобы каждый был в курсе текущих направлений и мог своевременно внести свои предложения.",Островок,Редко
446,HR-собеседование,Чем руководствуешься когда делишься фидбеком и когда принимаешь его?,"При фидбеке другим: конкретика, факты, конструктив, приватность, фокус на поведении а не личности. При приеме фидбека: слушаю без защиты, уточняю детали, отделяю эмоции от сути, благодарю, фиксирую действия для улучшения.",Островок,Редко
447,HR-собеседование,"Кейс: вспомни из последнего непредвиденные изменения / плохие новости, которые нужно было отнести команде. как рассказал им об этом?","Сначала анализирую проблему и возможные решения. Затем сообщаю команде честно и сразу: что случилось, какое влияние, какие есть варианты. Предлагаю план действий и беру на себя часть ответственности. Важно не скрывать, а фокусироваться на решении.",Островок,Редко
448,HR-собеседование,Как относишься к мату? ,"Спокойно, если это не переходит в агрессию или хамство. В рабочей переписке и с клиентами — табу. В неформальном общении внутри команды — допустимо как эмоциональная разрядка, но без фанатизма.",Островок,Редко
449,HR-собеседование,"Как обычно делились обновлениями по проекту, статусами?","Ежедневные стендапы (15 мин), еженедельные демо/планирование, чат в Slack/Telegram для оперативных вопросов, Jira/YouTrack для трекинга задач, Confluence/Notion для документации. Важные решения — письменно, чтобы был след.",Островок,Редко
450,HR-собеседование,Что нравится на текущей работе? а что бесит? ,"Нравится: сложные технические задачи, возможность влиять на архитектуру, адекватная команда, обучение новому. Бесит: бюрократия, частые переключения контекста, нечеткие требования, технические долги, которые откладывают «на потом».",Островок,Редко
451,HR-собеседование,"Были ли какие-то проблемы, и как удалось их решить?","Да, например, медленные запросы в БД под нагрузкой. Решил через анализ slow query log, добавление индексов, оптимизацию JOIN, кэширование в Redis. Результат: время ответа упало с 2с до 150мс.",Островок,Редко
452,HR-собеседование,"Расскажи о последнем/ наиболее ярком изменении, с которым столкнулся на работе? В чем оно заключалось? Что думаешь об этом? ","Переход с синхронного кода на асинхронный FastAPI. Потребовалось переписать I/O-операции, разобраться с asyncio, изменить подход к тестам. Сначала было сложно, но в итоге получили 3-кратный прирост производительности и лучшую масштабируемость.",Островок,Редко
453,HR-собеседование,Как видите развитие своей карьеры?,"Хочу расти как технический специалист: углубляться в архитектуру, highload, best practices. В перспективе — роль Tech Lead, где смогу влиять на качество кода, процессы и менторить других. Важно не просто писать код, а создавать надежные системы.","Аэроклуб, Иннотех, Литрес, Синимекс, Авито",Средне
454,Основы Python,Что такое последовательности в Python?,"Это итерируемые объекты, поддерживающие доступ по индексу и имеющие длину. Основные: list, tuple, str, range, bytes. Поддерживают слайсы, оператор in, методы index() и count(). Реализуют методы len, getitem, contains.",РБК,Редко
455,Основы Python,Чем итерируемый объект отличается от итератора?,"Итерируемый объект (iterable) реализует iter() и возвращает новый итератор при каждом вызове. Итератор (iterator) реализует iter() и next(), хранит состояние итерации и выбрасывает StopIteration в конце. Один iterable можно итерировать много раз, итератор — только один.",РБК,Редко
456,Python ООП,Каким dunder методом перегружается оператор обращения целочисленному по индексу?,getitem — для чтения по индексу или ключу. setitem — для записи. delitem — для удаления.,РБК,Редко
457,Конкурентность в Python,Что делает метод asyncio.run() ?,"Точка входа в асинхронное приложение: создает event loop, запускает корутину, ждет завершения и закрывает loop. Нельзя вызывать внутри уже работающего loop.",РБК,Редко
458,Конкурентность в Python,Что делает метод asyncio.create_task() ?,"Планирует выполнение корутины как фоновой задачи в event loop. Возвращает объект Task сразу, позволяя коду выполняться конкурентно без ожидания.",РБК,Редко
459,HR-собеседование,Пользуешься ли ChatGPT или другими моделями? Как относишься к ним?,"Я считаю, что это перспективный инструмент для разработчика, но он в ближайшее время точно не заменит разработчика. Могу использовать его для выполнения рутинных задач или как альтернативу поисковику, но во всех основных задачах таких как проектирование архитектуры, оптимизация кода и др. рассчитываю только на себя, потому что chatgpt не способен думать за разработчика и может допускать ошибки. Я активно слежу за новостями в области AI, например знаю о выходе новых моделей *...*, которые умеют *...*",РБК,Средне
460,HR-собеседование,"Готов ли ты двигаться по ЗП, если есть технологии, которые ты не знаешь и которые ты должен изучить?","Да, готов. Если проект интересный и есть поддержка (менторство, время на обучение), я быстро осваиваю новое. Уже не раз учил технологии по ходу работы — это нормальная практика в IT.",,Редко
461,Linux,Как скопировать файл по ssh c удалённого сервера на линуксе на домашнюю машину на винде?,Через scp в PowerShell или CMD: scp user@remote:/path/to/file C:\local\path\. Или через WinSCP / FileZilla с GUI. Если есть SSH-ключ: scp -i ~/.ssh/key.pem user@remote:/path/file .. Для Linux-машины: scp user@remote:/path/file ~/local/.,,Редко
462,Linux,Как посмотреть содержимое файла в linux?,cat file — весь файл сразу. less file / more file — постранично. head -n 20 file — первые N строк. tail -f file — следить за обновлением в реальном времени. vim file / nano file — просмотр и редактирование.,,Редко
463,Docker,"Что будет, если удалить файл, через RUN в докерфайле?","Файл удалится внутри файловой системы контейнера, но объём образа не уменьшится (если удаление происходит не в том же слое, где создание файла или установка зависимостей) и на хосте тоже ничего не удалится (если файл не был примонтирован как volume)",,
464,Docker,Как уменьшить объем Docker-образа?,"Мультиэтапная сборка, slim образы, объединение команд в один слой, исключать лишние файлы через .dockerignore, удалять лишние файлы (кэш и временные файлы) зависимостей в одном слое с установкой зависимостей.",,
465,Git,Что такое git flow?,"Git Flow — это популярная модель ветвления в Git, предлагающая строгую структуру для управления версиями. Основные ветки: main (продакшен-код, только релизы) и develop (ветка интеграции фич). Дополнительные: feature/* (для новых функций, ответвляются от develop), release/* (подготовка релиза, тестирование, багфиксы), hotfix/* (срочные исправления в продакшене, ответвляются от main). Процесс: фича разрабатывается в feature-ветке, затем мерджится в develop; когда накопилось достаточно — создается release-ветка для финализации; после релиза — тегируем и мерджим в main и back в develop. Hotfix сразу чинит main и мерджится обратно в develop. Подходит для проектов с четким циклом релизов, но может быть избыточен для CI/CD с частыми деплоями (там чаще используют GitHub Flow или Trunk-Based Development).",,Средне
466,Техническая легенда,Сколько у вас в проекте было микросервисов и за что они отвечали?,Стоит просто назвать цифру и про каждый сервис сказать 2-4 слова о его зоне ответственности,,Часто
467,Техническая легенда,Какие методы документации в проекте вы использовали?,"Swagger для API, Readme для инструкций по запуску проекта, Docstring для функций, Confluence для командной базы знаний",,Иногда
468,Техническая легенда,Как у вас был построен деплой (CI/CD) в проекте?,"Разработчики писали Dockerfile, CI-файлы (сборка и пуш docker-образа в registry, запуск проверки форматирования (линтер Ruff), тестов), а девопсы занимались деплоем в прод и в дев (CD)",,Часто
469,Техническая легенда,Где у вас был развернут проект?,В кластере кубернетес,,Часто
470,Техническая легенда,Сколько подов k8s у вас было развёрнуто?,"В среднем 5-6 на сервис, при высоких нагрузках (1200 RPS) масштабировались до 10-12",,Иногда
471,Техническая легенда,Как взаимодействовал с k8s?,"Взаимодействовал с ним больше как пользователь, т.к. у был девопс в команде.

1) Мог зайти в кубер посмотреть логи пода (через kubectl или openlens)

```
kubectl get pods
kubectl logs <pod_name>
```

2) Мог задеплоить новый сервис на основе уже собранных конфигов

```
kubectl apply -f <filename>.yaml
```

3) Мог увеличить или уменьшить ресурсы потребления сервиса (cpu и memory) через values файл. (Cмотрел в мониторинг Grafana и если значения превышали в 60%, то увеличивал ресурсы)

Обычно выделяют 2 ядра cpu и 1-2гб оперативной памяти

",,Часто
472,Техническая легенда,Как собирали логи?,"Разработчики фиксировали их в коде через библиотеку loguru. Девопсы подхватывали логи в формате json из stdout/stderr в k8s c помощью Logstash, сохраняли в Elasticsearch, далее разработчики смотрели их визуализацию на Kibana. Ещё мог смотреть логи напрямую через kubectl в k8s.",,Часто
473,Техническая легенда,Как фиксировали метрики? Какие метрики собирали?,"Метрики собирали в Prometheus и визуализировали в Graphana. Основные технические метрики: RPS, Cpu, Memory, Среднее время выполнения каждого эндпоинта, Реальное время обработки запроса, распределение HTTP-статусов, количество одновременно обрабатываемых запросов, задержка выполнения запросов к базе данных, утилизация пула соединений с базой данных, длина очереди фоновых задач, время выполнения фоновых задач. Бизнесовые метрики: (у каждого свои)
",,Часто
474,Техническая легенда,Как обеспечивал скорость обработки запросов в проекте?,"Репликация, партиционирование, индексы в БД, асинхронность, кэширование, оптимизация запросов к БД",,Часто
475,Техническая легенда,Как обеспечивал отказоустойчивость проекта?,"Репликация, микросервисная архитектура, брокеры + перечислить как можно больше паттернов отказоустойчивости",,Часто
476,Техническая легенда,Как узнавали об ошибках и технических неполадках в проекте?,Alert`ы в телеграм-канал/email через Sentry и/или Graphana,,Средне
477,Сеть и интернет,"Когда лучше использовать брокер, а когда REST?","REST подходит для синхронных запросов, когда клиенту нужен немедленный ответ: короткие операции, прямой интерфейс с пользователем, простая архитектура. Брокер сообщений используется для асинхронной обработки: долгие задачи, фоновые процессы, высокая нагрузка с очередями, надежность доставки, слабая связность микросервисов, pub/sub сценарии. Главное правило: если пользователю нужен ответ сейчас — REST, если операция может выполняться в фоне — брокер.",,Иногда
478,Техническая легенда,На что обращаешь внимание при проведении код ревью?,"Смотрю на выполнение принципов SOLID, DRY, KISS, чистоту и понятность кода. Важно корректное именование функций, классов и переменных. Также в коде должно быть тестирование, документирование, форматирование кода, соответствие код-стайлу проекта.",,Часто
479,Основы Python,Что такое чистая (pure) функция?,"Функция, которая при каждом вызове с одними и теми же аргументами вызывает один и тот же результат и результат которой зависит только от аргументов функции, а не глобальных переменных, времени, случайных чисел и тд.  (например функция сложения двух чисел)",Х5,Редко
480,ООП,Что такое принципы GRASP?,"GRASP (General Responsibility Assignment Software Patterns) — это набор из 9 базовых паттернов для назначения ответственности в объектно-ориентированном проектировании. Они помогают решить, какому классу должен принадлежать метод или свойство. Основные паттерны: Creator, Information Expert, Low Coupling, High Cohesion, Controller, Polymorphism, Pure Fabrication, Indirection, Protected Variations.",Х5,Редко
481,Конкурентность в Python,Для чего нужен метод asyncio.run()?,"Это точка входа для асинхронного приложения. Он создает новый event loop, запускает переданную корутину, ждет ее завершения и закрывает loop. Этот метод нельзя вызывать внутри уже работающего event loop (например, внутри другой асинхронной функции).",Х5,Редко
482,Конкурентность в Python,Для чего нужен метод asyncio.wait_for()?,"Используется для установки таймаута на выполнение корутины или задачи. Если выполнение не завершается за указанное время, выбрасывается исключение asyncio.TimeoutError, а задача отменяется.",Х5,Редко
483,Конкурентность в Python,Для чего нужен метод asyncio.run_in_executor()?,"Позволяет запустить блокирующий синхронный код (например, тяжелые вычисления или блокирующий I/O) в отдельном потоке или процессе. Это нужно, чтобы не блокировать основной event loop во время выполнения тяжелой операции.",Х5,Редко
484,Конкурентность в Python,Для чего нужен метод asyncio.create_task()?,"Планирует выполнение корутины как асинхронной задачи (Task) в фоне. Метод возвращает объект Task сразу же, не дожидаясь завершения корутины, позволяя выполнять код конкурентно.",Х5,Редко
485,Конкурентность в Python,Для чего нужен метод asyncio.gather()?,Запускает несколько корутин или задач параллельно и ждет завершения всех из них. Возвращает список результатов в порядке передачи аргументов. Удобно для параллельного выполнения независимых операций.,Х5,Иногда
486,Конкурентность в Python,Для чего нужен метод asyncio.to_thread()?,"Высокоуровневая функция (появилась в Python 3.9) для запуска блокирующей функции в отдельном потоке. Это упрощенная версия run_in_executor для случаев, когда нужно быстро вынести одну синхронную функцию в поток, чтобы не блокировать цикл событий.",Х5,Редко
487,Сеть и интернет,Отличие cookie от localstorage?,"Cookie отправляются серверу с каждым HTTP-запросом автоматически, имеют размер до 4 Кб и срок жизни. Используются для сессий и авторизации. LocalStorage хранится только в браузере, не отправляется серверу, имеет размер до 5-10 Мб и не истекает самостоятельно. Используется для хранения данных на стороне клиента.",Х5,Редко
488,Сеть и интернет,Что такое модель Ричардсона в REST?,"Модель зрелости REST API, состоящая из 4 уровней. Уровень 0: «Болото» (один URI, один метод POST). Уровень 1: Ресурсы (разные URI). Уровень 2: HTTP-глаголы (GET, POST, PUT, DELETE) и коды состояния. Уровень 3: HATEOAS (гипермедиа, ссылки на доступные действия в ответах).",Х5,Редко
489,Базы данных,Какие виды Constraint в PostgreSQL знаешь?,"NOT NULL (запрет пустых значений), UNIQUE (уникальность значений), PRIMARY KEY (первичный ключ, комбинация NOT NULL + UNIQUE), FOREIGN KEY (внешний ключ, ссылка на другую таблицу), CHECK (проверка условия), EXCLUDE (исключающие ограничения).",X5,Редко
490,Базы данных,Разница между Shared (select for share) и Exclusive Lock (select for update) в PostgreSQL?,"Shared Lock (FOR SHARE) позволяет другим транзакциям читать строку или также ставить shared lock, но запрещает обновлять или удалять строку. Exclusive Lock (FOR UPDATE) блокирует строку полностью: другие транзакции не могут обновлять, удалять или ставить блокировки (ни shared, ни exclusive) на эту строку, пока транзакция не завершится.",X5,Редко
491,ML,Расскажи про RAG системы и про типичные компоненты в них,"RAG системы (Retrieval-Augmented Generation) — это архитектура, позволяющая языковой модели отвечать на вопросы с использованием ваших данных. Основные компоненты: пайплайн загрузки и обработки данных (разбиение на чанки, создание эмбеддингов), векторная база данных для хранения, поисковый модуль для нахождения релевантных фрагментов и сама LLM для генерации ответа.",,
492,ML,Как получить вектора из векторной бд,"Получение векторов из векторной БД происходит через поиск по сходству: запрос пользователя преобразуется в эмбеддинг, затем БД находит ближайшие векторы по косинусному или евклидовому расстоянию и возвращает топ-N результатов.",,
493,ML,Как ты видишь работу ML ops?,"MLOps — это практика автоматизации жизненного цикла ML-моделей: версионирование данных и моделей, CI/CD для обучения, мониторинг дрейфа данных и качества предсказаний в продакшене.",,
494,ML,Почему питон хорош для Ml,"Python хорош для ML благодаря богатой экосистеме библиотек (PyTorch, TensorFlow, Pandas), простоте прототипирования и возможности вызывать высокопроизводительный код на C/C++.",,
495,ML,Какие есть фреймворки для инференса LLM в прод?,"Для инференса LLM в продакшене используют vLLM (быстрый, с PagedAttention), TGI от Hugging Face, NVIDIA Triton и SGLang.",,
496,ML,Что такое DAG?,"DAG (Directed Acyclic Graph) — это направленный ациклический граф, структура задач с зависимостями, где невозможно зацикливание, основа для пайплайнов.",,
497,ML,Что такое Apache Airflow и за что он отвечает?,"Apache Airflow — оркестратор, который планирует, запускает и мониторит выполнение DAG'ов, обрабатывает ошибки и предоставляет UI для наблюдения.",,
498,ML,Что такое realtime inference ML модели?,"Realtime inference — это мгновенное предсказание модели на каждый запрос пользователя с требованием низкой задержки, например, в чат-ботах или фрод-детекции.",,
499,ML,Что такое batch inference ML модели?,"Batch inference — предсказание на больших пакетах данных по расписанию, где важна пропускная способность, а не мгновенный ответ, например, ежедневные рекомендации.",,
500,ML,Что такое Feast и за что он отвечает?,"Feast — это Feature Store, единое хранилище признаков, которое решает проблему расхождения данных между обучением и продакшеном, предоставляя признаки как для тренировки моделей, так и для инференса в реальном времени и исторически.",,
501,Основы Python,Что такое интернирование?,-,Астон,Иногда